Level,Time,NodeName,PodNamespace,PodName,PodUID,CgroupID,SchedLat_Total_ms,SchedLat_Avg_ms,SchedLat_P95_ms,SchedLat_P99_ms,SchedLat_Max_ms,SchedLat_Count,SchedLat_Dropped,DState_Total_ms,DState_Count,SoftIRQ_Total_ms,SoftIRQ_Count,CPUUtil,PSI
node,2026-03-02 11:04:18.771,hostnode,,,,,0.19,0.0187,0.0150,0.0150,0.0780,10,0,0.00,0,0.00,0,,
pod,2026-03-02 11:04:18.771,hostnode,sa,feedback-inference-4-bcdcc4954-nscth,0150e3da-bbb2-44fc-98a6-deb41f36babb,4294975919,0.00,0.0000,,,0.0000,0,0,0.00,0,0.00,0,,
pod,2026-03-02 11:04:18.771,hostnode,sn,user-timeline-redis-666c98cb6-2pp72,02f33c1a-7b7d-4b1d-affc-3d48159aa4e1,4294975499,0.00,0.0000,,,0.0000,0,0,0.00,0,0.00,0,,
pod,2026-03-02 11:04:18.771,hostnode,hn,recommendation-6fd4576595-qzp7p,03b217b1-3eb0-43df-82d5-903db410307f,4294976759,0.00,0.0000,,,0.0000,0,0,0.00,0,0.00,0,,
pod,2026-03-02 11:04:18.771,hostnode,hn,memcached-profile-66685f65f-6q9lm,05600750-6235-4cea-a85f-768f670b18ee,4294976129,0.00,0.0000,,,0.0000,0,0,0.00,0,0.00,0,,
pod,2026-03-02 11:04:18.771,hostnode,default,fuzzy-proof-4,09dd6cba-ae69-4561-9fcc-a8fbc26b78fc,4294976885,0.00,0.0000,,,0.0000,0,0,0.00,0,0.00,0,,
pod,2026-03-02 11:04:18.771,hostnode,hn,reservation-7b7956cd6b-w78wd,0bcb305f-c199-4f79-8255-5bfd30011440,4294976591,0.00,0.0000,,,0.0000,0,0,0.00,0,0.00,0,,
pod,2026-03-02 11:04:18.771,hostnode,sn,user-mongodb-dcb5fbc96-p8vbh,0f8edb85-6f09-4967-834b-c4e29026ce53,4294975247,0.01,0.0060,,,0.0060,1,0,0.00,0,0.00,0,,
pod,2026-03-02 11:04:18.771,hostnode,sa,feedback-inference-3-bbfcf6979-nc9n2,11c2484c-ee59-4cf1-b235-e5f0bea30e4b,4294975877,0.00,0.0000,,,0.0000,0,0,0.00,0,0.00,0,,
pod,2026-03-02 11:04:18.771,hostnode,default,consul-5f547dd555-5fphc,138143ae-daea-4128-92ae-7c247466d7d4,4294975961,0.02,0.0080,,,0.0090,2,0,0.00,0,0.00,0,,
pod,2026-03-02 11:04:18.771,hostnode,sn,social-graph-redis-545664784f-hj79p,13e148d0-b339-49ee-b0ce-b37559cd27c6,4294974447,0.00,0.0000,,,0.0000,0,0,0.00,0,0.00,0,,
pod,2026-03-02 11:04:18.771,hostnode,hn,mongodb-recommendation-98859d4d7-z5qfb,1514f4ec-f718-4bec-a3e8-bea39d0fedd1,4294976675,0.00,0.0000,,,0.0000,0,0,0.00,0,0.00,0,,
pod,2026-03-02 11:04:18.771,hostnode,ksense,ksense-5rfvq,1893397c-8b62-4aea-8a5e-d5c5032d91f8,4294989630,0.00,0.0000,,,0.0000,0,0,0.00,0,0.00,0,,
pod,2026-03-02 11:04:18.771,hostnode,sn,social-graph-mongodb-6bf674bf9-vq4jm,1c0ce9e4-e1fb-455a-976e-11005acce9d0,4294974953,0.00,0.0000,,,0.0000,0,0,0.00,0,0.00,0,,
pod,2026-03-02 11:04:18.771,hostnode,hn,jaeger-b49ccf55-rbg7n,1e3eeb12-a307-41de-92ee-7ec930767d58,4294976381,0.00,0.0000,,,0.0000,0,0,0.00,0,0.00,0,,
pod,2026-03-02 11:04:18.771,hostnode,kube-system,calico-kube-controllers-5b9b456c66-qz22s,247149cd-61e5-4048-a7ef-75de96589398,4294974080,0.00,0.0000,,,0.0000,0,0,0.00,0,0.00,0,,
pod,2026-03-02 11:04:18.771,hostnode,hn,mongodb-user-86f7788f59-vwx8w,24987f22-ac3e-4037-b7e4-674696f71bfe,4294976843,0.00,0.0000,,,0.0000,0,0,0.00,0,0.00,0,,
pod,2026-03-02 11:04:18.771,hostnode,sn,nginx-thrift-7f6f5d6b69-74vws,2d8ff9cc-73b2-47da-b0da-657ba9857d06,4294975289,0.00,0.0000,,,0.0000,0,0,0.00,0,0.00,0,,
pod,2026-03-02 11:04:18.771,hostnode,hn,memcached-reserve-66b4d9f986-twx7c,2e8cef70-b460-406c-822d-006e7c0c71a4,4294976171,0.00,0.0000,,,0.0000,0,0,0.00,0,0.00,0,,
pod,2026-03-02 11:04:18.771,hostnode,monitoring,monitoring-prometheus-node-exporter-679rr,309bc67f-0f97-4902-8e57-5f369481d878,4295080229,0.00,0.0000,,,0.0000,0,0,0.00,0,0.00,0,,
pod,2026-03-02 11:04:18.771,hostnode,hn,geo-75469c5bc9-b6l8f,4615d84f-8e28-403b-af02-b8c6c579361d,4294976003,0.00,0.0000,,,0.0000,0,0,0.00,0,0.00,0,,
pod,2026-03-02 11:04:18.771,hostnode,hn,mongodb-reservation-8566bbcb4f-rmkm5,5557386c-9898-4425-8979-6492e67868ee,4294976549,0.00,0.0000,,,0.0000,0,0,0.00,0,0.00,0,,
pod,2026-03-02 11:04:18.771,hostnode,sn,social-graph-service-6b48d496c6-flfvk,56f4636a-d485-4728-9bb6-0e7977b14a71,4294974995,0.00,0.0000,,,0.0000,0,0,0.00,0,0.00,0,,
pod,2026-03-02 11:04:18.771,hostnode,ksense,fuzzy-scheduler-55c7fbbd75-xnggn,58bdb2da-a465-4653-b30a-5f823bd79594,4295063948,0.00,0.0000,,,0.0000,0,0,0.00,0,0.00,0,,
pod,2026-03-02 11:04:18.771,hostnode,sn,user-mention-service-77b4dc8db6-qqb2p,5da702aa-5da1-48a1-a861-a28a962145a8,4294975121,0.00,0.0000,,,0.0000,0,0,0.00,0,0.00,0,,
pod,2026-03-02 11:04:18.771,hostnode,sa,feedback-inference-2-867b854976-qrcmg,63ea3062-c44d-4786-b84c-d210df45b2f8,4294975793,0.00,0.0000,,,0.0000,0,0,0.00,0,0.00,0,,
pod,2026-03-02 11:04:18.771,hostnode,hn,mongodb-rate-78677645d4-4v2h5,66c8e931-7fa3-448a-8822-0b2db155e788,4294976633,0.00,0.0000,,,0.0000,0,0,0.00,0,0.00,0,,
pod,2026-03-02 11:04:18.771,hostnode,sa,feedback-inference-1-6b858c77b9-99c4j,6a98d5b2-6ae0-4348-ba84-d32a8010d14b,4294975625,0.00,0.0000,,,0.0000,0,0,0.00,0,0.00,0,,
pod,2026-03-02 11:04:18.771,hostnode,sn,media-frontend-6bd9df9d6d-5vf4w,6be52f8a-5cf7-4c4d-a9cf-b851c52694e7,4294975077,0.00,0.0000,,,0.0000,0,0,0.00,0,0.00,0,,
pod,2026-03-02 11:04:18.771,hostnode,sn,media-memcached-657c8b4cdf-4cc9x,6d187294-14f3-4f11-b66b-6f178abedac4,4294974743,0.00,0.0000,,,0.0000,0,0,0.00,0,0.00,0,,
pod,2026-03-02 11:04:18.771,hostnode,monitoring,alertmanager-monitoring-kube-prometheus-alertmanager-0,70957292-81e5-4ffe-b8ad-b44e4de4b326,4295080817,0.00,0.0000,,,0.0000,0,0,0.00,0,0.00,0,,
pod,2026-03-02 11:04:18.771,hostnode,sn,media-service-68f5f7ccbf-ks945,76c3a8df-aede-4a5f-b8bd-e74ce509a7e6,4294975331,0.00,0.0000,,,0.0000,0,0,0.00,0,0.00,0,,
pod,2026-03-02 11:04:18.771,hostnode,sn,home-timeline-redis-698c8bc65d-4c45h,79688f0b-7ab6-4f35-8438-aec8c8300d03,4294974827,0.00,0.0000,,,0.0000,0,0,0.00,0,0.00,0,,
pod,2026-03-02 11:04:18.771,hostnode,sa,feedback-inference-7-8f6cf7999-f5qn4,7aa819af-f314-4532-a0f4-c5e2a11fc6ef,4294975835,0.00,0.0000,,,0.0000,0,0,0.00,0,0.00,0,,
pod,2026-03-02 11:04:18.771,hostnode,monitoring,monitoring-grafana-67776b6b66-sxl62,7bda2edc-62de-4b78-aa7c-8a99331d9370,4295080355,0.01,0.0080,,,0.0080,1,0,0.00,0,0.00,0,,
pod,2026-03-02 11:04:18.771,hostnode,default,feedback-inference-5c9b57cc5f-mpxx5,7d6b10a5-b07a-4b60-8c9d-7d0462b491f0,4294975709,0.00,0.0000,,,0.0000,0,0,0.00,0,0.00,0,,
pod,2026-03-02 11:04:18.771,hostnode,kube-system,selling-resource-scheduler-7cc89db49c-ns9jm,894845d8-cc58-483b-bbf2-260807dd8e81,4294974127,0.00,0.0000,,,0.0000,0,0,0.00,0,0.00,0,,
pod,2026-03-02 11:04:18.771,hostnode,sa,feedback-inference-5-596d5b64b9-sw9t7,898a0bea-057b-41e9-bedf-78eae2237e12,4294975667,0.00,0.0000,,,0.0000,0,0,0.00,0,0.00,0,,
pod,2026-03-02 11:04:18.771,hostnode,default,fuzzy-proof-1,8adacebd-6468-43f9-bad1-e7258d23d25b,4294977053,0.00,0.0000,,,0.0000,0,0,0.00,0,0.00,0,,
pod,2026-03-02 11:04:18.771,hostnode,hn,mongodb-profile-57b898f69-869rl,8c3bade4-b9e1-44f3-bdaa-e8f9a77e60b6,4294976339,0.00,0.0000,,,0.0000,0,0,0.00,0,0.00,0,,
pod,2026-03-02 11:04:18.771,hostnode,hn,mongodb-geo-5cf4479bd9-4tflp,8c63a64e-3582-4fa5-a1a2-9d52222005c7,4294976213,0.00,0.0000,,,0.0000,0,0,0.00,0,0.00,0,,
pod,2026-03-02 11:04:18.771,hostnode,kube-system,metrics-server-7fbfbcc44c-57twc,8e0cbdb2-8b37-43d7-bd2e-e7bc88f71486,4294974340,0.00,0.0000,,,0.0000,0,0,0.00,0,0.00,0,,
pod,2026-03-02 11:04:18.771,hostnode,default,fuzzy-proof-5,95708664-be88-4490-ba1e-7092ec6ba570,4294977011,0.00,0.0000,,,0.0000,0,0,0.00,0,0.00,0,,
pod,2026-03-02 11:04:18.771,hostnode,kube-system,coredns-5ddd84546d-cscpm,957aa029-5b70-4fcf-bf3e-194e127920be,4294974221,0.00,0.0000,,,0.0000,0,0,0.00,0,0.00,0,,
pod,2026-03-02 11:04:18.771,hostnode,sn,url-shorten-service-5576f95bc-dlkwp,970ae5df-45da-47b3-9c77-f2aaf6297dd0,4294975415,0.00,0.0000,,,0.0000,0,0,0.00,0,0.00,0,,
pod,2026-03-02 11:04:18.771,hostnode,default,fuzzy-proof-3,9bb793d0-cf0f-4e92-ab39-a1f6b2a25f81,4294976927,0.00,0.0000,,,0.0000,0,0,0.00,0,0.00,0,,
pod,2026-03-02 11:04:18.771,hostnode,ksense,collector-name-sample,9f3d30b5-8cbf-41cc-bc8d-b5d893e029dc,4295117360,0.00,0.0000,,,0.0000,0,0,0.00,0,0.00,0,,
pod,2026-03-02 11:04:18.771,hostnode,sn,user-timeline-mongodb-76c59d86fb-f292x,a152d98d-6f60-4ea7-a931-fad144116366,4294975373,0.00,0.0000,,,0.0000,0,0,0.00,0,0.00,0,,
pod,2026-03-02 11:04:18.771,hostnode,hn,search-6dfc557989-qjbl9,a1b75670-727f-4e89-92df-b40d967893d6,4294976423,0.00,0.0000,,,0.0000,0,0,0.00,0,0.00,0,,
pod,2026-03-02 11:04:18.771,hostnode,local-path-storage,local-path-provisioner-7dd969c95d-74d4t,a6ae812c-2f36-4242-951e-7c510528abdf,4294974169,0.00,0.0000,,,0.0000,0,0,0.00,0,0.00,0,,
pod,2026-03-02 11:04:18.771,hostnode,sn,url-shorten-mongodb-5b844598c6-fp9c7,a8cd873b-f644-410c-84de-9107a29e8a95,4294975163,0.00,0.0000,,,0.0000,0,0,0.00,0,0.00,0,,
pod,2026-03-02 11:04:18.771,hostnode,default,fuzzy-proof-2,aaae8af9-ce6d-4315-8571-0b20fd1508a3,4294976969,0.00,0.0000,,,0.0000,0,0,0.00,0,0.00,0,,
pod,2026-03-02 11:04:18.771,hostnode,monitoring,monitoring-kube-state-metrics-76b67dc76d-8q9gk,ad30444e-ccf1-472e-bbdf-808e7e5136d7,4295080271,0.00,0.0000,,,0.0000,0,0,0.00,0,0.00,0,,
pod,2026-03-02 11:04:18.771,hostnode,hn,rate-846d5c7957-7h6m6,ba1cc2cd-8a02-4c6c-bbdb-e783523c7a7d,4294976717,0.00,0.0000,,,0.0000,0,0,0.00,0,0.00,0,,
pod,2026-03-02 11:04:18.771,hostnode,sn,jaeger-5b7d8bb6fb-z8cnp,bb2cfec0-cd8a-4f5f-ad4d-eeeba610930f,4294974617,0.00,0.0000,,,0.0000,0,0,0.00,0,0.00,0,,
pod,2026-03-02 11:04:18.771,hostnode,sn,user-service-76d887dc94-bgj68,bf074cdf-70ff-4a02-abb0-d6d0be29abe2,4294974869,0.00,0.0000,,,0.0000,0,0,0.00,0,0.00,0,,
pod,2026-03-02 11:04:18.771,hostnode,hn,user-6c488f4d-hjphk,bf3df9a5-b422-4af5-864a-d651de48d26f,4294976801,0.00,0.0000,,,0.0000,0,0,0.00,0,0.00,0,,
pod,2026-03-02 11:04:18.771,hostnode,hn,frontend-74b855d7b8-7fbgr,c30245d8-5651-4f6b-a7d9-1712bf6e4e88,4294976045,0.00,0.0000,,,0.0000,0,0,0.00,0,0.00,0,,
pod,2026-03-02 11:04:18.771,hostnode,sn,text-service-66d6fd5c8b-v9k4t,c310a012-592c-495e-90f2-168aa1cee704,4294975205,0.00,0.0000,,,0.0000,0,0,0.00,0,0.00,0,,
pod,2026-03-02 11:04:18.771,hostnode,hn,profile-54f6c7d985-v5ghx,c57a536e-ce39-4941-aff4-622d8fe82651,4294976297,0.00,0.0000,,,0.0000,0,0,0.00,0,0.00,0,,
pod,2026-03-02 11:04:18.771,hostnode,sn,url-shorten-memcached-844b6d854f-f5m7l,d48a2e27-ce92-48da-9b79-fed0072b5dbf,4294974533,0.00,0.0000,,,0.0000,0,0,0.00,0,0.00,0,,
pod,2026-03-02 11:04:18.771,hostnode,monitoring,prometheus-monitoring-kube-prometheus-prometheus-0,d5eed4b3-8e52-4dc1-9c6e-da95a7b40277,4295080859,0.00,0.0000,,,0.0000,0,0,0.00,0,0.00,0,,
pod,2026-03-02 11:04:18.771,hostnode,sn,compose-post-service-5b5b7d59cc-4zs9g,d712ed1f-7a93-410f-82a6-ef80735a231c,4294974491,0.00,0.0000,,,0.0000,0,0,0.00,0,0.00,0,,
pod,2026-03-02 11:04:18.771,hostnode,sn,home-timeline-service-ff4b9db4f-vdjm5,da072777-52fd-4834-9c10-0ee0f82da1c9,4294974701,0.00,0.0000,,,0.0000,0,0,0.00,0,0.00,0,,
pod,2026-03-02 11:04:18.771,hostnode,sn,user-timeline-service-5454759db5-vnwvl,dc0f2321-e793-49e9-9ee1-937c87155298,4294974659,0.00,0.0000,,,0.0000,0,0,0.00,0,0.00,0,,
pod,2026-03-02 11:04:18.771,hostnode,kube-system,kube-proxy-49fw8,dc101e1d-3f1f-410b-b83e-ee7fac561bac,4294973996,0.00,0.0000,,,0.0000,0,0,0.00,0,0.00,0,,
pod,2026-03-02 11:04:18.771,hostnode,kube-system,calico-node-87zh8,dcafcb5d-4d9d-4a0a-a50e-9b777755abe1,4294974038,0.00,0.0000,,,0.0000,0,0,0.00,0,0.00,0,,
pod,2026-03-02 11:04:18.771,hostnode,sn,post-storage-service-588b9754bb-cr94b,df7754d7-8bc5-4bec-8298-6777d24ad6ed,4294974911,0.00,0.0000,,,0.0000,0,0,0.00,0,0.00,0,,
pod,2026-03-02 11:04:18.771,hostnode,sn,media-mongodb-d697b6485-hzsvf,e142aae7-6ba9-48d3-b5bf-9d819ce77fac,4294974575,0.00,0.0000,,,0.0000,0,0,0.00,0,0.00,0,,
pod,2026-03-02 11:04:18.771,hostnode,sa,feedback-inference-6-6649d68c48-8w8x2,e2decc3f-3382-4912-8838-e68559a26a98,4294975751,0.00,0.0000,,,0.0000,0,0,0.00,0,0.00,0,,
pod,2026-03-02 11:04:18.771,hostnode,monitoring,prometheus-monitoring-kube-prometheus-prometheus-1,e702e69f-594f-4926-a262-6e6c1f000dcd,4295081642,0.00,0.0000,,,0.0000,0,0,0.00,0,0.00,0,,
pod,2026-03-02 11:04:18.771,hostnode,hn,consul-5f547dd555-vbfn4,ed5acd96-1b5b-4f18-8762-f8b4a711aa55,4294976255,0.00,0.0000,,,0.0000,0,0,0.00,0,0.00,0,,
pod,2026-03-02 11:04:18.771,hostnode,sn,post-storage-mongodb-5bb6bd964c-qrnwb,ed9d9c33-6043-4865-9dbb-2ba38d33338a,4294975457,0.01,0.0050,,,0.0050,1,0,0.00,0,0.00,0,,
pod,2026-03-02 11:04:18.771,hostnode,hn,memcached-rate-6b6b8fc64b-j4mtd,f33aa9b9-0098-4bab-af1f-d9f4580bdcca,4294976087,0.00,0.0000,,,0.0000,0,0,0.00,0,0.00,0,,
pod,2026-03-02 11:04:18.771,hostnode,sn,unique-id-service-c5567d7f5-98pmc,f5e5cd76-4c56-44db-b87d-8c5f1188c68e,4294974785,0.00,0.0000,,,0.0000,0,0,0.00,0,0.00,0,,
pod,2026-03-02 11:04:18.771,hostnode,sn,post-storage-memcached-58c9f787f-454vt,f76ac518-c32c-48c1-a2c6-1dcb17dbcbef,4294975583,0.00,0.0000,,,0.0000,0,0,0.00,0,0.00,0,,
pod,2026-03-02 11:04:18.771,hostnode,monitoring,monitoring-kube-prometheus-operator-fbbbd799-pcnxn,f8959bf3-7786-4a44-945d-eff1c489992a,4295080313,0.00,0.0000,,,0.0000,0,0,0.00,0,0.00,0,,
pod,2026-03-02 11:04:18.771,hostnode,kube-system,coredns-5ddd84546d-vpwgd,fa8a2c26-1ab8-41c4-8317-ac2e6d17ed89,4294974278,0.00,0.0000,,,0.0000,0,0,0.00,0,0.00,0,,
pod,2026-03-02 11:04:18.771,hostnode,sn,user-memcached-8cc658895-bj2wf,fc7fd578-af0d-4bb8-9e88-5d60e166f1d4,4294975541,0.00,0.0000,,,0.0000,0,0,0.00,0,0.00,0,,
node,2026-03-02 11:04:19.771,hostnode,,,,,508.73,0.0265,0.0150,0.0150,8.3020,19225,1,2.81,34,9.51,698,29.643963,1.016888
pod,2026-03-02 11:04:19.771,hostnode,sa,feedback-inference-4-bcdcc4954-nscth,0150e3da-bbb2-44fc-98a6-deb41f36babb,4294975919,0.10,0.0071,,,0.0110,14,0,0.00,0,0.00,0,0.011257,0.000000
pod,2026-03-02 11:04:19.771,hostnode,sn,user-timeline-redis-666c98cb6-2pp72,02f33c1a-7b7d-4b1d-affc-3d48159aa4e1,4294975499,0.07,0.0075,,,0.0150,10,0,0.00,0,0.00,0,0.006721,0.000000
pod,2026-03-02 11:04:19.771,hostnode,hn,recommendation-6fd4576595-qzp7p,03b217b1-3eb0-43df-82d5-903db410307f,4294976759,0.10,0.0085,,,0.0150,12,0,0.00,0,0.00,0,0.004191,0.000000
pod,2026-03-02 11:04:19.771,hostnode,hn,memcached-profile-66685f65f-6q9lm,05600750-6235-4cea-a85f-768f670b18ee,4294976129,0.03,0.0110,,,0.0140,3,0,0.00,0,0.00,0,0.001163,0.000000
pod,2026-03-02 11:04:19.771,hostnode,default,fuzzy-proof-4,09dd6cba-ae69-4561-9fcc-a8fbc26b78fc,4294976885,0.00,0.0000,,,0.0000,0,0,0.00,0,0.00,0,0.000000,0.000000
pod,2026-03-02 11:04:19.771,hostnode,hn,reservation-7b7956cd6b-w78wd,0bcb305f-c199-4f79-8255-5bfd30011440,4294976591,0.22,0.0107,,,0.0250,21,0,0.00,0,0.06,1,0.011398,0.000000
pod,2026-03-02 11:04:19.771,hostnode,sn,user-mongodb-dcb5fbc96-p8vbh,0f8edb85-6f09-4967-834b-c4e29026ce53,4294975247,1.54,0.0093,,,0.1100,166,0,0.00,0,0.08,2,0.053517,0.000000
pod,2026-03-02 11:04:19.771,hostnode,sa,feedback-inference-3-bbfcf6979-nc9n2,11c2484c-ee59-4cf1-b235-e5f0bea30e4b,4294975877,1.15,0.0819,,,1.0060,14,0,0.00,0,0.00,0,0.010555,0.000000
pod,2026-03-02 11:04:19.771,hostnode,default,consul-5f547dd555-5fphc,138143ae-daea-4128-92ae-7c247466d7d4,4294975961,3.96,0.0102,,,0.5050,389,0,0.00,0,0.00,0,0.094921,0.000000
pod,2026-03-02 11:04:19.771,hostnode,sn,social-graph-redis-545664784f-hj79p,13e148d0-b339-49ee-b0ce-b37559cd27c6,4294974447,0.10,0.0102,,,0.0150,10,0,0.00,0,0.00,0,0.007118,0.000000
pod,2026-03-02 11:04:19.771,hostnode,hn,mongodb-recommendation-98859d4d7-z5qfb,1514f4ec-f718-4bec-a3e8-bea39d0fedd1,4294976675,0.44,0.0116,,,0.0560,38,0,0.00,0,0.00,0,0.012383,0.000000
pod,2026-03-02 11:04:19.771,hostnode,ksense,ksense-5rfvq,1893397c-8b62-4aea-8a5e-d5c5032d91f8,4294989630,0.34,0.0092,,,0.0500,37,0,0.00,0,0.00,0,7.739586,0.000000
pod,2026-03-02 11:04:19.771,hostnode,sn,social-graph-mongodb-6bf674bf9-vq4jm,1c0ce9e4-e1fb-455a-976e-11005acce9d0,4294974953,1.32,0.0082,,,0.0440,160,0,0.00,0,0.10,2,0.059333,0.000000
pod,2026-03-02 11:04:19.771,hostnode,hn,jaeger-b49ccf55-rbg7n,1e3eeb12-a307-41de-92ee-7ec930767d58,4294976381,0.02,0.0077,,,0.0120,3,0,0.00,0,0.00,0,0.001316,0.000000
pod,2026-03-02 11:04:19.771,hostnode,kube-system,calico-kube-controllers-5b9b456c66-qz22s,247149cd-61e5-4048-a7ef-75de96589398,4294974080,0.00,0.0000,,,0.0000,0,0,0.00,0,0.00,0,0.000000,0.000000
pod,2026-03-02 11:04:19.771,hostnode,hn,mongodb-user-86f7788f59-vwx8w,24987f22-ac3e-4037-b7e4-674696f71bfe,4294976843,0.37,0.0090,,,0.0170,41,0,0.00,0,0.06,1,0.012408,0.000000
pod,2026-03-02 11:04:19.771,hostnode,sn,nginx-thrift-7f6f5d6b69-74vws,2d8ff9cc-73b2-47da-b0da-657ba9857d06,4294975289,0.00,0.0000,,,0.0000,0,0,0.00,0,0.00,0,0.000000,0.000000
pod,2026-03-02 11:04:19.771,hostnode,hn,memcached-reserve-66b4d9f986-twx7c,2e8cef70-b460-406c-822d-006e7c0c71a4,4294976171,0.04,0.0107,,,0.0160,4,0,0.00,0,0.00,0,0.000537,0.000000
pod,2026-03-02 11:04:19.771,hostnode,monitoring,monitoring-prometheus-node-exporter-679rr,309bc67f-0f97-4902-8e57-5f369481d878,4295080229,0.00,0.0000,,,0.0000,0,0,0.00,0,0.00,0,0.000000,0.000000
pod,2026-03-02 11:04:19.771,hostnode,hn,geo-75469c5bc9-b6l8f,4615d84f-8e28-403b-af02-b8c6c579361d,4294976003,0.26,0.0091,,,0.0200,28,0,0.00,0,0.00,0,0.003208,0.000000
pod,2026-03-02 11:04:19.771,hostnode,hn,mongodb-reservation-8566bbcb4f-rmkm5,5557386c-9898-4425-8979-6492e67868ee,4294976549,0.39,0.0100,,,0.0190,39,0,0.00,0,0.04,1,0.014084,0.000000
pod,2026-03-02 11:04:19.771,hostnode,sn,social-graph-service-6b48d496c6-flfvk,56f4636a-d485-4728-9bb6-0e7977b14a71,4294974995,0.06,0.0138,,,0.0220,4,0,0.00,0,0.13,2,0.008703,0.000000
pod,2026-03-02 11:04:19.771,hostnode,ksense,fuzzy-scheduler-55c7fbbd75-xnggn,58bdb2da-a465-4653-b30a-5f823bd79594,4295063948,0.68,0.0072,,,0.0180,94,0,0.00,0,0.00,0,0.022085,0.000000
pod,2026-03-02 11:04:19.771,hostnode,sn,user-mention-service-77b4dc8db6-qqb2p,5da702aa-5da1-48a1-a861-a28a962145a8,4294975121,0.00,0.0000,,,0.0000,0,0,0.00,0,0.00,0,0.000000,0.000000
pod,2026-03-02 11:04:19.771,hostnode,sa,feedback-inference-2-867b854976-qrcmg,63ea3062-c44d-4786-b84c-d210df45b2f8,4294975793,0.11,0.0081,,,0.0160,14,0,0.00,0,0.00,0,0.009867,0.000000
pod,2026-03-02 11:04:19.771,hostnode,hn,mongodb-rate-78677645d4-4v2h5,66c8e931-7fa3-448a-8822-0b2db155e788,4294976633,0.46,0.0113,,,0.0420,41,0,0.00,0,0.09,1,0.020052,0.000000
pod,2026-03-02 11:04:19.771,hostnode,sa,feedback-inference-1-6b858c77b9-99c4j,6a98d5b2-6ae0-4348-ba84-d32a8010d14b,4294975625,0.13,0.0090,,,0.0170,14,0,0.00,0,0.00,0,0.012805,0.000000
pod,2026-03-02 11:04:19.771,hostnode,sn,media-frontend-6bd9df9d6d-5vf4w,6be52f8a-5cf7-4c4d-a9cf-b851c52694e7,4294975077,0.00,0.0000,,,0.0000,0,0,0.00,0,0.00,0,0.000000,0.000000
pod,2026-03-02 11:04:19.771,hostnode,sn,media-memcached-657c8b4cdf-4cc9x,6d187294-14f3-4f11-b66b-6f178abedac4,4294974743,0.03,0.0090,,,0.0110,3,0,0.00,0,0.00,0,0.001636,0.000000
pod,2026-03-02 11:04:19.771,hostnode,monitoring,alertmanager-monitoring-kube-prometheus-alertmanager-0,70957292-81e5-4ffe-b8ad-b44e4de4b326,4295080817,0.25,0.0062,,,0.0180,40,0,0.00,0,0.06,2,0.000000,0.000000
pod,2026-03-02 11:04:19.771,hostnode,sn,media-service-68f5f7ccbf-ks945,76c3a8df-aede-4a5f-b8bd-e74ce509a7e6,4294975331,0.00,0.0000,,,0.0000,0,0,0.00,0,0.00,0,0.000000,0.000000
pod,2026-03-02 11:04:19.771,hostnode,sn,home-timeline-redis-698c8bc65d-4c45h,79688f0b-7ab6-4f35-8438-aec8c8300d03,4294974827,0.11,0.0106,,,0.0240,10,0,0.00,0,0.00,0,0.008140,0.000000
pod,2026-03-02 11:04:19.771,hostnode,sa,feedback-inference-7-8f6cf7999-f5qn4,7aa819af-f314-4532-a0f4-c5e2a11fc6ef,4294975835,0.13,0.0091,,,0.0160,14,0,0.00,0,0.00,0,0.008549,0.000000
pod,2026-03-02 11:04:19.771,hostnode,monitoring,monitoring-grafana-67776b6b66-sxl62,7bda2edc-62de-4b78-aa7c-8a99331d9370,4295080355,1.55,0.0135,,,0.4380,115,0,0.00,0,0.00,0,0.035511,0.000000
pod,2026-03-02 11:04:19.771,hostnode,default,feedback-inference-5c9b57cc5f-mpxx5,7d6b10a5-b07a-4b60-8c9d-7d0462b491f0,4294975709,0.14,0.0092,,,0.0170,15,0,0.00,0,0.00,0,0.011437,0.000000
pod,2026-03-02 11:04:19.771,hostnode,kube-system,selling-resource-scheduler-7cc89db49c-ns9jm,894845d8-cc58-483b-bbf2-260807dd8e81,4294974127,0.00,0.0000,,,0.0000,0,0,0.00,0,0.00,0,0.000000,0.000000
pod,2026-03-02 11:04:19.771,hostnode,sa,feedback-inference-5-596d5b64b9-sw9t7,898a0bea-057b-41e9-bedf-78eae2237e12,4294975667,0.14,0.0100,,,0.0240,14,0,0.00,0,0.00,0,0.012229,0.000000
pod,2026-03-02 11:04:19.771,hostnode,default,fuzzy-proof-1,8adacebd-6468-43f9-bad1-e7258d23d25b,4294977053,0.00,0.0000,,,0.0000,0,0,0.00,0,0.00,0,0.000000,0.000000
pod,2026-03-02 11:04:19.771,hostnode,hn,mongodb-profile-57b898f69-869rl,8c3bade4-b9e1-44f3-bdaa-e8f9a77e60b6,4294976339,1.79,0.0525,,,1.5030,34,0,0.00,0,0.00,0,0.012523,0.000000
pod,2026-03-02 11:04:19.771,hostnode,hn,mongodb-geo-5cf4479bd9-4tflp,8c63a64e-3582-4fa5-a1a2-9d52222005c7,4294976213,2.08,0.0546,,,1.6920,38,0,0.00,0,0.00,0,0.013839,0.000000
pod,2026-03-02 11:04:19.771,hostnode,kube-system,metrics-server-7fbfbcc44c-57twc,8e0cbdb2-8b37-43d7-bd2e-e7bc88f71486,4294974340,0.45,0.0085,,,0.0210,53,0,0.00,0,0.00,0,0.011156,0.000000
pod,2026-03-02 11:04:19.771,hostnode,default,fuzzy-proof-5,95708664-be88-4490-ba1e-7092ec6ba570,4294977011,0.00,0.0000,,,0.0000,0,0,0.00,0,0.00,0,0.000000,0.000000
pod,2026-03-02 11:04:19.771,hostnode,kube-system,coredns-5ddd84546d-cscpm,957aa029-5b70-4fcf-bf3e-194e127920be,4294974221,0.15,0.0078,,,0.0140,19,0,0.01,1,0.07,6,0.000000,0.000000
pod,2026-03-02 11:04:19.771,hostnode,sn,url-shorten-service-5576f95bc-dlkwp,970ae5df-45da-47b3-9c77-f2aaf6297dd0,4294975415,0.07,0.0175,,,0.0370,4,0,0.00,0,0.12,2,0.000000,0.000000
pod,2026-03-02 11:04:19.771,hostnode,default,fuzzy-proof-3,9bb793d0-cf0f-4e92-ab39-a1f6b2a25f81,4294976927,0.00,0.0000,,,0.0000,0,0,0.00,0,0.00,0,0.000000,0.000000
pod,2026-03-02 11:04:19.771,hostnode,ksense,collector-name-sample,9f3d30b5-8cbf-41cc-bc8d-b5d893e029dc,4295117360,0.55,0.0212,,,0.1300,26,0,0.00,0,0.43,27,0.147148,0.000000
pod,2026-03-02 11:04:19.771,hostnode,sn,user-timeline-mongodb-76c59d86fb-f292x,a152d98d-6f60-4ea7-a931-fad144116366,4294975373,2.70,0.0166,,,1.1890,163,0,0.00,0,0.07,2,0.051431,0.000000
pod,2026-03-02 11:04:19.771,hostnode,hn,search-6dfc557989-qjbl9,a1b75670-727f-4e89-92df-b40d967893d6,4294976423,0.06,0.0128,,,0.0190,5,0,0.00,0,0.00,0,0.002671,0.000000
pod,2026-03-02 11:04:19.771,hostnode,local-path-storage,local-path-provisioner-7dd969c95d-74d4t,a6ae812c-2f36-4242-951e-7c510528abdf,4294974169,0.04,0.0060,,,0.0110,6,0,0.00,0,0.00,0,0.000000,0.000000
pod,2026-03-02 11:04:19.771,hostnode,sn,url-shorten-mongodb-5b844598c6-fp9c7,a8cd873b-f644-410c-84de-9107a29e8a95,4294975163,2.96,0.0182,,,1.4630,163,0,0.00,0,0.11,2,0.041732,0.000000
pod,2026-03-02 11:04:19.771,hostnode,default,fuzzy-proof-2,aaae8af9-ce6d-4315-8571-0b20fd1508a3,4294976969,0.00,0.0000,,,0.0000,0,0,0.00,0,0.00,0,0.000000,0.000000
pod,2026-03-02 11:04:19.771,hostnode,monitoring,monitoring-kube-state-metrics-76b67dc76d-8q9gk,ad30444e-ccf1-472e-bbdf-808e7e5136d7,4295080271,1.34,0.0164,,,0.7880,82,0,0.00,0,3.19,287,0.100216,0.000000
pod,2026-03-02 11:04:19.771,hostnode,hn,rate-846d5c7957-7h6m6,ba1cc2cd-8a02-4c6c-bbdb-e783523c7a7d,4294976717,0.18,0.0068,,,0.0180,26,0,0.00,0,0.00,0,0.007060,0.000000
pod,2026-03-02 11:04:19.771,hostnode,sn,jaeger-5b7d8bb6fb-z8cnp,bb2cfec0-cd8a-4f5f-ad4d-eeeba610930f,4294974617,0.04,0.0088,,,0.0110,5,0,0.00,0,0.00,0,0.002161,0.000000
pod,2026-03-02 11:04:19.771,hostnode,sn,user-service-76d887dc94-bgj68,bf074cdf-70ff-4a02-abb0-d6d0be29abe2,4294974869,0.05,0.0118,,,0.0220,4,0,0.00,0,0.05,2,0.005499,0.000000
pod,2026-03-02 11:04:19.771,hostnode,hn,user-6c488f4d-hjphk,bf3df9a5-b422-4af5-864a-d651de48d26f,4294976801,0.35,0.0059,,,0.0300,59,0,0.00,0,0.04,1,0.001023,0.000000
pod,2026-03-02 11:04:19.771,hostnode,hn,frontend-74b855d7b8-7fbgr,c30245d8-5651-4f6b-a7d9-1712bf6e4e88,4294976045,0.04,0.0088,,,0.0150,5,0,0.00,0,0.00,0,0.002289,0.000000
pod,2026-03-02 11:04:19.771,hostnode,sn,text-service-66d6fd5c8b-v9k4t,c310a012-592c-495e-90f2-168aa1cee704,4294975205,0.00,0.0000,,,0.0000,0,0,0.00,0,0.00,0,0.000000,0.000000
pod,2026-03-02 11:04:19.771,hostnode,hn,profile-54f6c7d985-v5ghx,c57a536e-ce39-4941-aff4-622d8fe82651,4294976297,0.20,0.0068,,,0.0200,30,0,0.00,0,0.00,0,0.005231,0.000000
pod,2026-03-02 11:04:19.771,hostnode,sn,url-shorten-memcached-844b6d854f-f5m7l,d48a2e27-ce92-48da-9b79-fed0072b5dbf,4294974533,0.03,0.0093,,,0.0120,3,0,0.00,0,0.00,0,0.000946,0.000000
pod,2026-03-02 11:04:19.771,hostnode,monitoring,prometheus-monitoring-kube-prometheus-prometheus-0,d5eed4b3-8e52-4dc1-9c6e-da95a7b40277,4295080859,2.70,0.0087,,,0.5060,309,0,0.00,0,0.43,31,0.269610,0.000000
pod,2026-03-02 11:04:19.771,hostnode,sn,compose-post-service-5b5b7d59cc-4zs9g,d712ed1f-7a93-410f-82a6-ef80735a231c,4294974491,0.01,0.0060,,,0.0060,1,0,0.00,0,0.00,0,0.000358,0.000000
pod,2026-03-02 11:04:19.771,hostnode,sn,home-timeline-service-ff4b9db4f-vdjm5,da072777-52fd-4834-9c10-0ee0f82da1c9,4294974701,0.01,0.0070,,,0.0070,1,0,0.00,0,0.00,0,0.000000,0.000000
pod,2026-03-02 11:04:19.771,hostnode,sn,user-timeline-service-5454759db5-vnwvl,dc0f2321-e793-49e9-9ee1-937c87155298,4294974659,0.27,0.0685,,,0.2100,4,0,0.00,0,0.09,2,0.000000,0.000000
pod,2026-03-02 11:04:19.771,hostnode,kube-system,kube-proxy-49fw8,dc101e1d-3f1f-410b-b83e-ee7fac561bac,4294973996,0.00,0.0000,,,0.0000,0,0,0.00,0,0.00,0,0.000000,0.000000
pod,2026-03-02 11:04:19.771,hostnode,kube-system,calico-node-87zh8,dcafcb5d-4d9d-4a0a-a50e-9b777755abe1,4294974038,7.04,0.0110,,,0.8600,638,0,0.31,2,0.00,0,0.467771,0.025107
pod,2026-03-02 11:04:19.771,hostnode,sn,post-storage-service-588b9754bb-cr94b,df7754d7-8bc5-4bec-8298-6777d24ad6ed,4294974911,0.03,0.0083,,,0.0100,4,0,0.00,0,0.08,2,0.000000,0.000000
pod,2026-03-02 11:04:19.771,hostnode,sn,media-mongodb-d697b6485-hzsvf,e142aae7-6ba9-48d3-b5bf-9d819ce77fac,4294974575,4.31,0.0251,,,2.8200,172,0,0.00,0,0.00,0,0.053615,0.000000
pod,2026-03-02 11:04:19.771,hostnode,sa,feedback-inference-6-6649d68c48-8w8x2,e2decc3f-3382-4912-8838-e68559a26a98,4294975751,0.11,0.0078,,,0.0150,14,0,0.00,0,0.00,0,0.009464,0.000000
pod,2026-03-02 11:04:19.771,hostnode,monitoring,prometheus-monitoring-kube-prometheus-prometheus-1,e702e69f-594f-4926-a262-6e6c1f000dcd,4295081642,2.34,0.0174,,,1.4910,135,0,0.00,0,0.18,3,0.062247,0.000000
pod,2026-03-02 11:04:19.771,hostnode,hn,consul-5f547dd555-vbfn4,ed5acd96-1b5b-4f18-8762-f8b4a711aa55,4294976255,3.72,0.0093,,,0.0410,400,0,0.00,0,0.03,4,0.108228,0.000000
pod,2026-03-02 11:04:19.771,hostnode,sn,post-storage-mongodb-5bb6bd964c-qrnwb,ed9d9c33-6043-4865-9dbb-2ba38d33338a,4294975457,4.17,0.0253,,,2.8120,165,0,0.00,0,0.13,2,0.045763,0.000000
pod,2026-03-02 11:04:19.771,hostnode,hn,memcached-rate-6b6b8fc64b-j4mtd,f33aa9b9-0098-4bab-af1f-d9f4580bdcca,4294976087,0.04,0.0110,,,0.0250,4,0,0.00,0,0.00,0,0.000499,0.000000
pod,2026-03-02 11:04:19.771,hostnode,sn,unique-id-service-c5567d7f5-98pmc,f5e5cd76-4c56-44db-b87d-8c5f1188c68e,4294974785,0.00,0.0000,,,0.0000,0,0,0.00,0,0.00,0,0.000000,0.000000
pod,2026-03-02 11:04:19.771,hostnode,sn,post-storage-memcached-58c9f787f-454vt,f76ac518-c32c-48c1-a2c6-1dcb17dbcbef,4294975583,0.04,0.0073,,,0.0140,6,0,0.00,0,0.00,0,0.002072,0.000000
pod,2026-03-02 11:04:19.771,hostnode,monitoring,monitoring-kube-prometheus-operator-fbbbd799-pcnxn,f8959bf3-7786-4a44-945d-eff1c489992a,4295080313,0.57,0.0067,,,0.0200,86,0,0.00,0,0.00,0,0.009350,0.000000
pod,2026-03-02 11:04:19.771,hostnode,kube-system,coredns-5ddd84546d-vpwgd,fa8a2c26-1ab8-41c4-8317-ac2e6d17ed89,4294974278,0.18,0.0100,,,0.0160,18,0,0.00,0,0.08,7,0.015452,0.000000
pod,2026-03-02 11:04:19.771,hostnode,sn,user-memcached-8cc658895-bj2wf,fc7fd578-af0d-4bb8-9e88-5d60e166f1d4,4294975541,0.05,0.0077,,,0.0140,6,0,0.00,0,0.00,0,0.001791,0.000000
node,2026-03-02 11:04:20.772,hostnode,,,,,227.55,0.0123,0.0150,0.0150,7.4470,18531,1,3.70,16,5.01,228,14.086687,0.126547
pod,2026-03-02 11:04:20.772,hostnode,sa,feedback-inference-4-bcdcc4954-nscth,0150e3da-bbb2-44fc-98a6-deb41f36babb,4294975919,0.11,0.0081,,,0.0160,14,0,0.00,0,0.00,0,0.012241,0.000000
pod,2026-03-02 11:04:20.772,hostnode,sn,user-timeline-redis-666c98cb6-2pp72,02f33c1a-7b7d-4b1d-affc-3d48159aa4e1,4294975499,0.09,0.0094,,,0.0320,10,0,0.00,0,0.00,0,0.006213,0.000000
pod,2026-03-02 11:04:20.772,hostnode,hn,recommendation-6fd4576595-qzp7p,03b217b1-3eb0-43df-82d5-903db410307f,4294976759,0.23,0.0093,,,0.0230,25,0,0.00,0,0.04,1,0.007843,0.000000
pod,2026-03-02 11:04:20.772,hostnode,hn,memcached-profile-66685f65f-6q9lm,05600750-6235-4cea-a85f-768f670b18ee,4294976129,0.04,0.0080,,,0.0150,5,0,0.00,0,0.00,0,0.001130,0.000000
pod,2026-03-02 11:04:20.772,hostnode,default,fuzzy-proof-4,09dd6cba-ae69-4561-9fcc-a8fbc26b78fc,4294976885,0.00,0.0000,,,0.0000,0,0,0.00,0,0.00,0,0.000000,0.000000
pod,2026-03-02 11:04:20.772,hostnode,hn,reservation-7b7956cd6b-w78wd,0bcb305f-c199-4f79-8255-5bfd30011440,4294976591,0.16,0.0099,,,0.0300,16,0,0.00,0,0.00,0,0.004836,0.000000
pod,2026-03-02 11:04:20.772,hostnode,sn,user-mongodb-dcb5fbc96-p8vbh,0f8edb85-6f09-4967-834b-c4e29026ce53,4294975247,1.32,0.0081,,,0.0300,163,0,0.00,0,0.10,2,0.058522,0.000000
pod,2026-03-02 11:04:20.772,hostnode,sa,feedback-inference-3-bbfcf6979-nc9n2,11c2484c-ee59-4cf1-b235-e5f0bea30e4b,4294975877,0.19,0.0138,,,0.0740,14,0,0.00,0,0.00,0,0.008489,0.000000
pod,2026-03-02 11:04:20.772,hostnode,default,consul-5f547dd555-5fphc,138143ae-daea-4128-92ae-7c247466d7d4,4294975961,3.24,0.0084,,,0.0390,385,0,0.00,0,0.04,5,0.087340,0.000000
pod,2026-03-02 11:04:20.772,hostnode,sn,social-graph-redis-545664784f-hj79p,13e148d0-b339-49ee-b0ce-b37559cd27c6,4294974447,0.09,0.0093,,,0.0160,10,0,0.00,0,0.00,0,0.008758,0.000000
pod,2026-03-02 11:04:20.772,hostnode,hn,mongodb-recommendation-98859d4d7-z5qfb,1514f4ec-f718-4bec-a3e8-bea39d0fedd1,4294976675,2.50,0.0659,,,2.1440,38,0,0.00,0,0.06,1,0.019592,0.000000
pod,2026-03-02 11:04:20.772,hostnode,ksense,ksense-5rfvq,1893397c-8b62-4aea-8a5e-d5c5032d91f8,4294989630,0.46,0.0112,,,0.1310,41,0,0.17,1,0.17,6,7.856434,0.000000
pod,2026-03-02 11:04:20.772,hostnode,sn,social-graph-mongodb-6bf674bf9-vq4jm,1c0ce9e4-e1fb-455a-976e-11005acce9d0,4294974953,1.27,0.0079,,,0.0310,162,0,0.00,0,0.13,2,0.063232,0.000000
pod,2026-03-02 11:04:20.772,hostnode,hn,jaeger-b49ccf55-rbg7n,1e3eeb12-a307-41de-92ee-7ec930767d58,4294976381,0.03,0.0087,,,0.0100,3,0,0.00,0,0.00,0,0.000746,0.000000
pod,2026-03-02 11:04:20.772,hostnode,kube-system,calico-kube-controllers-5b9b456c66-qz22s,247149cd-61e5-4048-a7ef-75de96589398,4294974080,0.36,0.0063,,,0.0180,57,0,0.00,0,0.12,4,0.016208,0.000000
pod,2026-03-02 11:04:20.772,hostnode,hn,mongodb-user-86f7788f59-vwx8w,24987f22-ac3e-4037-b7e4-674696f71bfe,4294976843,2.00,0.0607,,,1.7410,33,0,0.00,0,0.00,0,0.017353,0.000000
pod,2026-03-02 11:04:20.772,hostnode,sn,nginx-thrift-7f6f5d6b69-74vws,2d8ff9cc-73b2-47da-b0da-657ba9857d06,4294975289,0.11,0.0082,,,0.0160,13,0,0.00,0,0.00,0,0.002822,0.000000
pod,2026-03-02 11:04:20.772,hostnode,hn,memcached-reserve-66b4d9f986-twx7c,2e8cef70-b460-406c-822d-006e7c0c71a4,4294976171,0.05,0.0087,,,0.0200,6,0,0.00,0,0.00,0,0.001269,0.000000
pod,2026-03-02 11:04:20.772,hostnode,monitoring,monitoring-prometheus-node-exporter-679rr,309bc67f-0f97-4902-8e57-5f369481d878,4295080229,0.00,0.0000,,,0.0000,0,0,0.00,0,0.00,0,0.000000,0.000000
pod,2026-03-02 11:04:20.772,hostnode,hn,geo-75469c5bc9-b6l8f,4615d84f-8e28-403b-af02-b8c6c579361d,4294976003,0.11,0.0059,,,0.0140,19,0,0.00,0,0.00,0,0.002922,0.000000
pod,2026-03-02 11:04:20.772,hostnode,hn,mongodb-reservation-8566bbcb4f-rmkm5,5557386c-9898-4425-8979-6492e67868ee,4294976549,0.46,0.0110,,,0.0230,42,0,0.00,0,0.06,1,0.028825,0.000000
pod,2026-03-02 11:04:20.772,hostnode,sn,social-graph-service-6b48d496c6-flfvk,56f4636a-d485-4728-9bb6-0e7977b14a71,4294974995,0.06,0.0114,,,0.0160,5,0,0.00,0,0.08,2,0.004060,0.000000
pod,2026-03-02 11:04:20.772,hostnode,ksense,fuzzy-scheduler-55c7fbbd75-xnggn,58bdb2da-a465-4653-b30a-5f823bd79594,4295063948,0.54,0.0090,,,0.0570,60,0,0.00,0,0.00,0,0.014324,0.000000
pod,2026-03-02 11:04:20.772,hostnode,sn,user-mention-service-77b4dc8db6-qqb2p,5da702aa-5da1-48a1-a861-a28a962145a8,4294975121,0.00,0.0000,,,0.0000,0,0,0.00,0,0.00,0,0.000000,0.000000
pod,2026-03-02 11:04:20.772,hostnode,sa,feedback-inference-2-867b854976-qrcmg,63ea3062-c44d-4786-b84c-d210df45b2f8,4294975793,0.10,0.0074,,,0.0130,14,0,0.00,0,0.00,0,0.008088,0.000000
pod,2026-03-02 11:04:20.772,hostnode,hn,mongodb-rate-78677645d4-4v2h5,66c8e931-7fa3-448a-8822-0b2db155e788,4294976633,0.31,0.0094,,,0.0310,33,0,0.00,0,0.00,0,0.025257,0.000000
pod,2026-03-02 11:04:20.772,hostnode,sa,feedback-inference-1-6b858c77b9-99c4j,6a98d5b2-6ae0-4348-ba84-d32a8010d14b,4294975625,0.14,0.0097,,,0.0200,14,0,0.00,0,0.00,0,0.012279,0.000000
pod,2026-03-02 11:04:20.772,hostnode,sn,media-frontend-6bd9df9d6d-5vf4w,6be52f8a-5cf7-4c4d-a9cf-b851c52694e7,4294975077,0.00,0.0000,,,0.0000,0,0,0.00,0,0.00,0,0.000000,0.000000
pod,2026-03-02 11:04:20.772,hostnode,sn,media-memcached-657c8b4cdf-4cc9x,6d187294-14f3-4f11-b66b-6f178abedac4,4294974743,0.04,0.0082,,,0.0120,5,0,0.00,0,0.00,0,0.001100,0.000000
pod,2026-03-02 11:04:20.772,hostnode,monitoring,alertmanager-monitoring-kube-prometheus-alertmanager-0,70957292-81e5-4ffe-b8ad-b44e4de4b326,4295080817,0.00,0.0000,,,0.0000,0,0,0.00,0,0.00,0,0.000000,0.000000
pod,2026-03-02 11:04:20.772,hostnode,sn,media-service-68f5f7ccbf-ks945,76c3a8df-aede-4a5f-b8bd-e74ce509a7e6,4294975331,0.00,0.0000,,,0.0000,0,0,0.00,0,0.00,0,0.000000,0.000000
pod,2026-03-02 11:04:20.772,hostnode,sn,home-timeline-redis-698c8bc65d-4c45h,79688f0b-7ab6-4f35-8438-aec8c8300d03,4294974827,0.08,0.0080,,,0.0150,10,0,0.00,0,0.00,0,0.008412,0.000000
pod,2026-03-02 11:04:20.772,hostnode,sa,feedback-inference-7-8f6cf7999-f5qn4,7aa819af-f314-4532-a0f4-c5e2a11fc6ef,4294975835,0.14,0.0101,,,0.0360,14,0,0.00,0,0.00,0,0.011003,0.000000
pod,2026-03-02 11:04:20.772,hostnode,monitoring,monitoring-grafana-67776b6b66-sxl62,7bda2edc-62de-4b78-aa7c-8a99331d9370,4295080355,1.22,0.0107,,,0.1270,114,0,0.00,0,0.00,0,0.040330,0.000000
pod,2026-03-02 11:04:20.772,hostnode,default,feedback-inference-5c9b57cc5f-mpxx5,7d6b10a5-b07a-4b60-8c9d-7d0462b491f0,4294975709,0.14,0.0099,,,0.0230,14,0,0.00,0,0.00,0,0.012049,0.000000
pod,2026-03-02 11:04:20.772,hostnode,kube-system,selling-resource-scheduler-7cc89db49c-ns9jm,894845d8-cc58-483b-bbf2-260807dd8e81,4294974127,0.00,0.0000,,,0.0000,0,0,0.00,0,0.00,0,0.000000,0.000000
pod,2026-03-02 11:04:20.772,hostnode,sa,feedback-inference-5-596d5b64b9-sw9t7,898a0bea-057b-41e9-bedf-78eae2237e12,4294975667,0.09,0.0062,,,0.0110,14,0,0.00,0,0.00,0,0.008220,0.000000
pod,2026-03-02 11:04:20.772,hostnode,default,fuzzy-proof-1,8adacebd-6468-43f9-bad1-e7258d23d25b,4294977053,0.00,0.0000,,,0.0000,0,0,0.00,0,0.00,0,0.000000,0.000000
pod,2026-03-02 11:04:20.772,hostnode,hn,mongodb-profile-57b898f69-869rl,8c3bade4-b9e1-44f3-bdaa-e8f9a77e60b6,4294976339,2.07,0.0628,,,1.8180,33,0,0.00,0,0.00,0,0.017661,0.000000
pod,2026-03-02 11:04:20.772,hostnode,hn,mongodb-geo-5cf4479bd9-4tflp,8c63a64e-3582-4fa5-a1a2-9d52222005c7,4294976213,0.43,0.0129,,,0.1120,33,0,0.00,0,0.00,0,0.026795,0.000000
pod,2026-03-02 11:04:20.772,hostnode,kube-system,metrics-server-7fbfbcc44c-57twc,8e0cbdb2-8b37-43d7-bd2e-e7bc88f71486,4294974340,0.39,0.0077,,,0.0170,51,0,0.00,0,0.00,0,0.011833,0.000000
pod,2026-03-02 11:04:20.772,hostnode,default,fuzzy-proof-5,95708664-be88-4490-ba1e-7092ec6ba570,4294977011,0.00,0.0000,,,0.0000,0,0,0.00,0,0.00,0,0.000000,0.000000
pod,2026-03-02 11:04:20.772,hostnode,kube-system,coredns-5ddd84546d-cscpm,957aa029-5b70-4fcf-bf3e-194e127920be,4294974221,0.20,0.0096,,,0.0150,21,0,0.00,0,0.09,6,0.009327,0.000000
pod,2026-03-02 11:04:20.772,hostnode,sn,url-shorten-service-5576f95bc-dlkwp,970ae5df-45da-47b3-9c77-f2aaf6297dd0,4294975415,0.06,0.0147,,,0.0200,4,0,0.00,0,0.12,2,0.006482,0.000000
pod,2026-03-02 11:04:20.772,hostnode,default,fuzzy-proof-3,9bb793d0-cf0f-4e92-ab39-a1f6b2a25f81,4294976927,0.00,0.0000,,,0.0000,0,0,0.00,0,0.00,0,0.000000,0.000000
pod,2026-03-02 11:04:20.772,hostnode,ksense,collector-name-sample,9f3d30b5-8cbf-41cc-bc8d-b5d893e029dc,4295117360,0.01,0.0090,,,0.0090,1,0,0.00,0,0.00,0,0.068668,0.000000
pod,2026-03-02 11:04:20.772,hostnode,sn,user-timeline-mongodb-76c59d86fb-f292x,a152d98d-6f60-4ea7-a931-fad144116366,4294975373,2.61,0.0160,,,1.3620,163,0,0.00,0,0.29,2,0.060226,0.000000
pod,2026-03-02 11:04:20.772,hostnode,hn,search-6dfc557989-qjbl9,a1b75670-727f-4e89-92df-b40d967893d6,4294976423,0.05,0.0108,,,0.0170,5,0,0.00,0,0.00,0,0.001507,0.000000
pod,2026-03-02 11:04:20.772,hostnode,local-path-storage,local-path-provisioner-7dd969c95d-74d4t,a6ae812c-2f36-4242-951e-7c510528abdf,4294974169,0.00,0.0000,,,0.0000,0,0,0.00,0,0.00,0,0.000000,0.000000
pod,2026-03-02 11:04:20.772,hostnode,sn,url-shorten-mongodb-5b844598c6-fp9c7,a8cd873b-f644-410c-84de-9107a29e8a95,4294975163,2.98,0.0175,,,1.6670,171,0,0.00,0,0.11,2,0.063670,0.000000
pod,2026-03-02 11:04:20.772,hostnode,default,fuzzy-proof-2,aaae8af9-ce6d-4315-8571-0b20fd1508a3,4294976969,0.00,0.0000,,,0.0000,0,0,0.00,0,0.00,0,0.000000,0.000000
pod,2026-03-02 11:04:20.772,hostnode,monitoring,monitoring-kube-state-metrics-76b67dc76d-8q9gk,ad30444e-ccf1-472e-bbdf-808e7e5136d7,4295080271,0.13,0.0112,,,0.0340,12,0,0.00,0,0.00,0,0.004959,0.000000
pod,2026-03-02 11:04:20.772,hostnode,hn,rate-846d5c7957-7h6m6,ba1cc2cd-8a02-4c6c-bbdb-e783523c7a7d,4294976717,0.16,0.0063,,,0.0120,25,0,0.00,0,0.00,0,0.003614,0.000000
pod,2026-03-02 11:04:20.772,hostnode,sn,jaeger-5b7d8bb6fb-z8cnp,bb2cfec0-cd8a-4f5f-ad4d-eeeba610930f,4294974617,0.08,0.0100,,,0.0130,8,0,0.00,0,0.00,0,0.002222,0.000000
pod,2026-03-02 11:04:20.772,hostnode,sn,user-service-76d887dc94-bgj68,bf074cdf-70ff-4a02-abb0-d6d0be29abe2,4294974869,0.05,0.0118,,,0.0160,4,0,0.00,0,0.08,2,0.003960,0.000000
pod,2026-03-02 11:04:20.772,hostnode,hn,user-6c488f4d-hjphk,bf3df9a5-b422-4af5-864a-d651de48d26f,4294976801,0.18,0.0058,,,0.0190,31,0,0.00,0,0.00,0,0.003783,0.000000
pod,2026-03-02 11:04:20.772,hostnode,hn,frontend-74b855d7b8-7fbgr,c30245d8-5651-4f6b-a7d9-1712bf6e4e88,4294976045,0.05,0.0074,,,0.0200,7,0,0.00,0,0.00,0,0.001545,0.000000
pod,2026-03-02 11:04:20.772,hostnode,sn,text-service-66d6fd5c8b-v9k4t,c310a012-592c-495e-90f2-168aa1cee704,4294975205,0.02,0.0170,,,0.0170,1,0,0.00,0,0.00,0,0.000323,0.000000
pod,2026-03-02 11:04:20.772,hostnode,hn,profile-54f6c7d985-v5ghx,c57a536e-ce39-4941-aff4-622d8fe82651,4294976297,0.10,0.0052,,,0.0130,20,0,0.00,0,0.00,0,0.002630,0.000000
pod,2026-03-02 11:04:20.772,hostnode,sn,url-shorten-memcached-844b6d854f-f5m7l,d48a2e27-ce92-48da-9b79-fed0072b5dbf,4294974533,0.06,0.0102,,,0.0150,6,0,0.00,0,0.00,0,0.001492,0.000000
pod,2026-03-02 11:04:20.772,hostnode,monitoring,prometheus-monitoring-kube-prometheus-prometheus-0,d5eed4b3-8e52-4dc1-9c6e-da95a7b40277,4295080859,0.35,0.0093,,,0.0240,38,0,0.00,0,0.00,0,0.014962,0.000000
pod,2026-03-02 11:04:20.772,hostnode,sn,compose-post-service-5b5b7d59cc-4zs9g,d712ed1f-7a93-410f-82a6-ef80735a231c,4294974491,0.00,0.0000,,,0.0000,0,0,0.00,0,0.00,0,0.000000,0.000000
pod,2026-03-02 11:04:20.772,hostnode,sn,home-timeline-service-ff4b9db4f-vdjm5,da072777-52fd-4834-9c10-0ee0f82da1c9,4294974701,0.00,0.0000,,,0.0000,0,0,0.00,0,0.00,0,0.000000,0.000000
pod,2026-03-02 11:04:20.772,hostnode,sn,user-timeline-service-5454759db5-vnwvl,dc0f2321-e793-49e9-9ee1-937c87155298,4294974659,0.05,0.0132,,,0.0160,4,0,0.00,0,0.14,2,0.005021,0.000000
pod,2026-03-02 11:04:20.772,hostnode,kube-system,kube-proxy-49fw8,dc101e1d-3f1f-410b-b83e-ee7fac561bac,4294973996,0.11,0.0072,,,0.0160,15,0,0.00,0,0.00,0,0.003398,0.000000
pod,2026-03-02 11:04:20.772,hostnode,kube-system,calico-node-87zh8,dcafcb5d-4d9d-4a0a-a50e-9b777755abe1,4294974038,4.55,0.0087,,,0.0680,520,0,0.00,0,0.00,0,0.111537,0.000000
pod,2026-03-02 11:04:20.772,hostnode,sn,post-storage-service-588b9754bb-cr94b,df7754d7-8bc5-4bec-8298-6777d24ad6ed,4294974911,0.05,0.0094,,,0.0110,5,0,0.00,0,0.08,2,0.005544,0.000000
pod,2026-03-02 11:04:20.772,hostnode,sn,media-mongodb-d697b6485-hzsvf,e142aae7-6ba9-48d3-b5bf-9d819ce77fac,4294974575,1.22,0.0076,,,0.0460,159,0,0.00,0,0.00,0,0.054161,0.000000
pod,2026-03-02 11:04:20.772,hostnode,sa,feedback-inference-6-6649d68c48-8w8x2,e2decc3f-3382-4912-8838-e68559a26a98,4294975751,0.09,0.0064,,,0.0120,14,0,0.00,0,0.00,0,0.010042,0.000000
pod,2026-03-02 11:04:20.772,hostnode,monitoring,prometheus-monitoring-kube-prometheus-prometheus-1,e702e69f-594f-4926-a262-6e6c1f000dcd,4295081642,0.21,0.0103,,,0.0190,20,0,0.00,0,0.00,0,0.011772,0.000000
pod,2026-03-02 11:04:20.772,hostnode,hn,consul-5f547dd555-vbfn4,ed5acd96-1b5b-4f18-8762-f8b4a711aa55,4294976255,3.21,0.0084,,,0.0490,381,0,0.00,0,0.04,4,0.082964,0.000000
pod,2026-03-02 11:04:20.772,hostnode,sn,post-storage-mongodb-5bb6bd964c-qrnwb,ed9d9c33-6043-4865-9dbb-2ba38d33338a,4294975457,3.34,0.0193,,,1.9870,173,0,0.00,0,0.09,2,0.057767,0.000000
pod,2026-03-02 11:04:20.772,hostnode,hn,memcached-rate-6b6b8fc64b-j4mtd,f33aa9b9-0098-4bab-af1f-d9f4580bdcca,4294976087,0.07,0.0104,,,0.0250,7,0,0.00,0,0.00,0,0.001492,0.000000
pod,2026-03-02 11:04:20.772,hostnode,sn,unique-id-service-c5567d7f5-98pmc,f5e5cd76-4c56-44db-b87d-8c5f1188c68e,4294974785,0.00,0.0000,,,0.0000,0,0,0.00,0,0.00,0,0.000000,0.000000
pod,2026-03-02 11:04:20.772,hostnode,sn,post-storage-memcached-58c9f787f-454vt,f76ac518-c32c-48c1-a2c6-1dcb17dbcbef,4294975583,0.07,0.0112,,,0.0270,6,0,0.00,0,0.00,0,0.001522,0.000000
pod,2026-03-02 11:04:20.772,hostnode,monitoring,monitoring-kube-prometheus-operator-fbbbd799-pcnxn,f8959bf3-7786-4a44-945d-eff1c489992a,4295080313,0.39,0.0097,,,0.0290,40,0,0.00,0,0.00,0,0.009711,0.000000
pod,2026-03-02 11:04:20.772,hostnode,kube-system,coredns-5ddd84546d-vpwgd,fa8a2c26-1ab8-41c4-8317-ac2e6d17ed89,4294974278,0.20,0.0094,,,0.0190,21,0,0.00,0,0.07,6,0.008588,0.000000
pod,2026-03-02 11:04:20.772,hostnode,sn,user-memcached-8cc658895-bj2wf,fc7fd578-af0d-4bb8-9e88-5d60e166f1d4,4294975541,0.05,0.0078,,,0.0150,6,0,0.00,0,0.00,0,0.001169,0.000000
node,2026-03-02 11:04:21.771,hostnode,,,,,309.88,0.0107,0.0150,0.0150,4.2510,28877,2,36.49,65,7.43,390,18.481595,0.248955
pod,2026-03-02 11:04:21.771,hostnode,sa,feedback-inference-4-bcdcc4954-nscth,0150e3da-bbb2-44fc-98a6-deb41f36babb,4294975919,0.10,0.0068,,,0.0090,14,0,0.00,0,0.00,0,0.011405,0.000000
pod,2026-03-02 11:04:21.771,hostnode,sn,user-timeline-redis-666c98cb6-2pp72,02f33c1a-7b7d-4b1d-affc-3d48159aa4e1,4294975499,0.08,0.0080,,,0.0130,10,0,0.00,0,0.00,0,0.007203,0.000000
pod,2026-03-02 11:04:21.771,hostnode,hn,recommendation-6fd4576595-qzp7p,03b217b1-3eb0-43df-82d5-903db410307f,4294976759,0.09,0.0087,,,0.0130,10,0,0.00,0,0.00,0,0.002362,0.000000
pod,2026-03-02 11:04:21.771,hostnode,hn,memcached-profile-66685f65f-6q9lm,05600750-6235-4cea-a85f-768f670b18ee,4294976129,0.40,0.0573,,,0.3680,7,0,0.00,0,0.00,0,0.001185,0.000000
pod,2026-03-02 11:04:21.771,hostnode,default,fuzzy-proof-4,09dd6cba-ae69-4561-9fcc-a8fbc26b78fc,4294976885,0.00,0.0000,,,0.0000,0,0,0.00,0,0.00,0,0.000000,0.000000
pod,2026-03-02 11:04:21.771,hostnode,hn,reservation-7b7956cd6b-w78wd,0bcb305f-c199-4f79-8255-5bfd30011440,4294976591,0.17,0.0059,,,0.0160,29,0,0.00,0,0.00,0,0.003871,0.000000
pod,2026-03-02 11:04:21.771,hostnode,sn,user-mongodb-dcb5fbc96-p8vbh,0f8edb85-6f09-4967-834b-c4e29026ce53,4294975247,1.39,0.0083,,,0.0700,167,0,0.00,0,0.09,2,0.062631,0.000000
pod,2026-03-02 11:04:21.771,hostnode,sa,feedback-inference-3-bbfcf6979-nc9n2,11c2484c-ee59-4cf1-b235-e5f0bea30e4b,4294975877,0.12,0.0084,,,0.0180,14,0,0.00,0,0.00,0,0.010350,0.000000
pod,2026-03-02 11:04:21.771,hostnode,default,consul-5f547dd555-5fphc,138143ae-daea-4128-92ae-7c247466d7d4,4294975961,4.60,0.0119,,,1.2550,387,0,0.00,0,0.00,0,0.083378,0.000000
pod,2026-03-02 11:04:21.771,hostnode,sn,social-graph-redis-545664784f-hj79p,13e148d0-b339-49ee-b0ce-b37559cd27c6,4294974447,0.09,0.0087,,,0.0190,10,0,0.00,0,0.00,0,0.006264,0.000000
pod,2026-03-02 11:04:21.771,hostnode,hn,mongodb-recommendation-98859d4d7-z5qfb,1514f4ec-f718-4bec-a3e8-bea39d0fedd1,4294976675,3.92,0.1060,,,3.5590,37,0,0.00,0,0.00,0,0.022709,0.000000
pod,2026-03-02 11:04:21.771,hostnode,ksense,ksense-5rfvq,1893397c-8b62-4aea-8a5e-d5c5032d91f8,4294989630,0.30,0.0102,,,0.0550,29,0,0.00,0,0.23,9,7.862670,0.000000
pod,2026-03-02 11:04:21.771,hostnode,sn,social-graph-mongodb-6bf674bf9-vq4jm,1c0ce9e4-e1fb-455a-976e-11005acce9d0,4294974953,1.39,0.0082,,,0.1020,170,0,0.00,0,0.12,2,0.064185,0.000000
pod,2026-03-02 11:04:21.771,hostnode,hn,jaeger-b49ccf55-rbg7n,1e3eeb12-a307-41de-92ee-7ec930767d58,4294976381,0.03,0.0113,,,0.0160,3,0,0.00,0,0.00,0,0.000808,0.000000
pod,2026-03-02 11:04:21.771,hostnode,kube-system,calico-kube-controllers-5b9b456c66-qz22s,247149cd-61e5-4048-a7ef-75de96589398,4294974080,0.00,0.0000,,,0.0000,0,0,0.00,0,0.00,0,0.000000,0.000000
pod,2026-03-02 11:04:21.771,hostnode,hn,mongodb-user-86f7788f59-vwx8w,24987f22-ac3e-4037-b7e4-674696f71bfe,4294976843,3.50,0.1093,,,3.2100,32,0,0.00,0,0.00,0,0.037305,0.000000
pod,2026-03-02 11:04:21.771,hostnode,sn,nginx-thrift-7f6f5d6b69-74vws,2d8ff9cc-73b2-47da-b0da-657ba9857d06,4294975289,0.00,0.0000,,,0.0000,0,0,0.00,0,0.00,0,0.000000,0.000000
pod,2026-03-02 11:04:21.771,hostnode,hn,memcached-reserve-66b4d9f986-twx7c,2e8cef70-b460-406c-822d-006e7c0c71a4,4294976171,0.04,0.0065,,,0.0110,6,0,0.00,0,0.00,0,0.001162,0.000000
pod,2026-03-02 11:04:21.771,hostnode,monitoring,monitoring-prometheus-node-exporter-679rr,309bc67f-0f97-4902-8e57-5f369481d878,4295080229,0.04,0.0070,,,0.0140,6,0,0.00,0,0.04,4,0.003355,0.000000
pod,2026-03-02 11:04:21.771,hostnode,hn,geo-75469c5bc9-b6l8f,4615d84f-8e28-403b-af02-b8c6c579361d,4294976003,0.20,0.0080,,,0.0250,25,0,0.00,0,0.00,0,0.004171,0.000000
pod,2026-03-02 11:04:21.771,hostnode,hn,mongodb-reservation-8566bbcb4f-rmkm5,5557386c-9898-4425-8979-6492e67868ee,4294976549,0.40,0.0100,,,0.0430,40,0,0.00,0,0.00,0,0.025963,0.000000
pod,2026-03-02 11:04:21.771,hostnode,sn,social-graph-service-6b48d496c6-flfvk,56f4636a-d485-4728-9bb6-0e7977b14a71,4294974995,0.04,0.0100,,,0.0130,4,0,0.00,0,0.07,2,0.003771,0.000000
pod,2026-03-02 11:04:21.771,hostnode,ksense,fuzzy-scheduler-55c7fbbd75-xnggn,58bdb2da-a465-4653-b30a-5f823bd79594,4295063948,0.78,0.0077,,,0.0270,101,0,0.00,0,0.00,0,0.022200,0.000000
pod,2026-03-02 11:04:21.771,hostnode,sn,user-mention-service-77b4dc8db6-qqb2p,5da702aa-5da1-48a1-a861-a28a962145a8,4294975121,0.00,0.0000,,,0.0000,0,0,0.00,0,0.00,0,0.000000,0.000000
pod,2026-03-02 11:04:21.771,hostnode,sa,feedback-inference-2-867b854976-qrcmg,63ea3062-c44d-4786-b84c-d210df45b2f8,4294975793,0.10,0.0074,,,0.0150,14,0,0.00,0,0.00,0,0.008687,0.000000
pod,2026-03-02 11:04:21.771,hostnode,hn,mongodb-rate-78677645d4-4v2h5,66c8e931-7fa3-448a-8822-0b2db155e788,4294976633,0.39,0.0100,,,0.0480,39,0,0.00,0,0.00,0,0.038882,0.000000
pod,2026-03-02 11:04:21.771,hostnode,sa,feedback-inference-1-6b858c77b9-99c4j,6a98d5b2-6ae0-4348-ba84-d32a8010d14b,4294975625,0.14,0.0094,,,0.0180,15,0,0.00,0,0.00,0,0.012666,0.000000
pod,2026-03-02 11:04:21.771,hostnode,sn,media-frontend-6bd9df9d6d-5vf4w,6be52f8a-5cf7-4c4d-a9cf-b851c52694e7,4294975077,0.00,0.0000,,,0.0000,0,0,0.00,0,0.00,0,0.000000,0.000000
pod,2026-03-02 11:04:21.771,hostnode,sn,media-memcached-657c8b4cdf-4cc9x,6d187294-14f3-4f11-b66b-6f178abedac4,4294974743,0.03,0.0045,,,0.0070,6,0,0.00,0,0.00,0,0.000916,0.000000
pod,2026-03-02 11:04:21.771,hostnode,monitoring,alertmanager-monitoring-kube-prometheus-alertmanager-0,70957292-81e5-4ffe-b8ad-b44e4de4b326,4295080817,0.00,0.0000,,,0.0000,0,0,0.00,0,0.00,0,0.000000,0.000000
pod,2026-03-02 11:04:21.771,hostnode,sn,media-service-68f5f7ccbf-ks945,76c3a8df-aede-4a5f-b8bd-e74ce509a7e6,4294975331,0.01,0.0050,,,0.0050,1,0,0.00,0,0.00,0,0.000215,0.000000
pod,2026-03-02 11:04:21.771,hostnode,sn,home-timeline-redis-698c8bc65d-4c45h,79688f0b-7ab6-4f35-8438-aec8c8300d03,4294974827,0.07,0.0073,,,0.0130,10,0,0.00,0,0.00,0,0.008256,0.000000
pod,2026-03-02 11:04:21.771,hostnode,sa,feedback-inference-7-8f6cf7999-f5qn4,7aa819af-f314-4532-a0f4-c5e2a11fc6ef,4294975835,0.13,0.0096,,,0.0250,14,0,0.00,0,0.00,0,0.012365,0.000000
pod,2026-03-02 11:04:21.771,hostnode,monitoring,monitoring-grafana-67776b6b66-sxl62,7bda2edc-62de-4b78-aa7c-8a99331d9370,4295080355,2.54,0.0137,,,1.0710,185,0,0.00,0,0.06,4,0.047907,0.000000
pod,2026-03-02 11:04:21.771,hostnode,default,feedback-inference-5c9b57cc5f-mpxx5,7d6b10a5-b07a-4b60-8c9d-7d0462b491f0,4294975709,0.14,0.0103,,,0.0290,14,0,0.00,0,0.00,0,0.014642,0.000000
pod,2026-03-02 11:04:21.771,hostnode,kube-system,selling-resource-scheduler-7cc89db49c-ns9jm,894845d8-cc58-483b-bbf2-260807dd8e81,4294974127,0.00,0.0000,,,0.0000,0,0,0.00,0,0.00,0,0.000000,0.000000
pod,2026-03-02 11:04:21.771,hostnode,sa,feedback-inference-5-596d5b64b9-sw9t7,898a0bea-057b-41e9-bedf-78eae2237e12,4294975667,0.10,0.0074,,,0.0130,14,0,0.00,0,0.00,0,0.009502,0.000000
pod,2026-03-02 11:04:21.771,hostnode,default,fuzzy-proof-1,8adacebd-6468-43f9-bad1-e7258d23d25b,4294977053,0.00,0.0000,,,0.0000,0,0,0.00,0,0.00,0,0.000000,0.000000
pod,2026-03-02 11:04:21.771,hostnode,hn,mongodb-profile-57b898f69-869rl,8c3bade4-b9e1-44f3-bdaa-e8f9a77e60b6,4294976339,0.30,0.0078,,,0.0260,39,0,0.00,0,0.00,0,0.036233,0.000000
pod,2026-03-02 11:04:21.771,hostnode,hn,mongodb-geo-5cf4479bd9-4tflp,8c63a64e-3582-4fa5-a1a2-9d52222005c7,4294976213,2.58,0.0805,,,2.2870,32,0,0.00,0,0.00,0,0.040196,0.000000
pod,2026-03-02 11:04:21.771,hostnode,kube-system,metrics-server-7fbfbcc44c-57twc,8e0cbdb2-8b37-43d7-bd2e-e7bc88f71486,4294974340,0.62,0.0071,,,0.0380,87,0,0.00,0,0.00,0,0.016334,0.000000
pod,2026-03-02 11:04:21.771,hostnode,default,fuzzy-proof-5,95708664-be88-4490-ba1e-7092ec6ba570,4294977011,0.00,0.0000,,,0.0000,0,0,0.00,0,0.00,0,0.000000,0.000000
pod,2026-03-02 11:04:21.771,hostnode,kube-system,coredns-5ddd84546d-cscpm,957aa029-5b70-4fcf-bf3e-194e127920be,4294974221,0.19,0.0121,,,0.0450,16,0,0.00,0,0.08,6,0.008125,0.000000
pod,2026-03-02 11:04:21.771,hostnode,sn,url-shorten-service-5576f95bc-dlkwp,970ae5df-45da-47b3-9c77-f2aaf6297dd0,4294975415,0.05,0.0123,,,0.0160,4,0,0.00,0,0.10,2,0.004339,0.000000
pod,2026-03-02 11:04:21.771,hostnode,default,fuzzy-proof-3,9bb793d0-cf0f-4e92-ab39-a1f6b2a25f81,4294976927,0.00,0.0000,,,0.0000,0,0,0.00,0,0.00,0,0.000000,0.000000
pod,2026-03-02 11:04:21.771,hostnode,ksense,collector-name-sample,9f3d30b5-8cbf-41cc-bc8d-b5d893e029dc,4295117360,0.01,0.0120,,,0.0120,1,0,0.00,0,0.00,0,0.077178,0.000000
pod,2026-03-02 11:04:21.771,hostnode,sn,user-timeline-mongodb-76c59d86fb-f292x,a152d98d-6f60-4ea7-a931-fad144116366,4294975373,3.63,0.0220,,,2.3620,165,0,0.00,0,0.06,2,0.054857,0.000000
pod,2026-03-02 11:04:21.771,hostnode,hn,search-6dfc557989-qjbl9,a1b75670-727f-4e89-92df-b40d967893d6,4294976423,0.04,0.0082,,,0.0130,5,0,0.00,0,0.00,0,0.001377,0.000000
pod,2026-03-02 11:04:21.771,hostnode,local-path-storage,local-path-provisioner-7dd969c95d-74d4t,a6ae812c-2f36-4242-951e-7c510528abdf,4294974169,0.24,0.0091,,,0.0340,26,0,0.00,0,0.02,1,0.008925,0.000000
pod,2026-03-02 11:04:21.771,hostnode,sn,url-shorten-mongodb-5b844598c6-fp9c7,a8cd873b-f644-410c-84de-9107a29e8a95,4294975163,2.29,0.0141,,,1.0610,162,0,0.00,0,0.09,2,0.062641,0.000000
pod,2026-03-02 11:04:21.771,hostnode,default,fuzzy-proof-2,aaae8af9-ce6d-4315-8571-0b20fd1508a3,4294976969,0.00,0.0000,,,0.0000,0,0,0.00,0,0.00,0,0.000000,0.000000
pod,2026-03-02 11:04:21.771,hostnode,monitoring,monitoring-kube-state-metrics-76b67dc76d-8q9gk,ad30444e-ccf1-472e-bbdf-808e7e5136d7,4295080271,0.36,0.0077,,,0.0220,47,0,0.00,0,0.12,5,0.024981,0.000000
pod,2026-03-02 11:04:21.771,hostnode,hn,rate-846d5c7957-7h6m6,ba1cc2cd-8a02-4c6c-bbdb-e783523c7a7d,4294976717,0.14,0.0053,,,0.0130,26,0,0.00,0,0.00,0,0.003454,0.000000
pod,2026-03-02 11:04:21.771,hostnode,sn,jaeger-5b7d8bb6fb-z8cnp,bb2cfec0-cd8a-4f5f-ad4d-eeeba610930f,4294974617,0.03,0.0073,,,0.0100,4,0,0.00,0,0.00,0,0.000931,0.000000
pod,2026-03-02 11:04:21.771,hostnode,sn,user-service-76d887dc94-bgj68,bf074cdf-70ff-4a02-abb0-d6d0be29abe2,4294974869,0.04,0.0092,,,0.0120,4,0,0.00,0,0.07,2,0.003477,0.000000
pod,2026-03-02 11:04:21.771,hostnode,hn,user-6c488f4d-hjphk,bf3df9a5-b422-4af5-864a-d651de48d26f,4294976801,0.20,0.0067,,,0.0140,30,0,0.00,0,0.00,0,0.003977,0.000000
pod,2026-03-02 11:04:21.771,hostnode,hn,frontend-74b855d7b8-7fbgr,c30245d8-5651-4f6b-a7d9-1712bf6e4e88,4294976045,0.06,0.0069,,,0.0140,8,0,0.00,0,0.00,0,0.001862,0.000000
pod,2026-03-02 11:04:21.771,hostnode,sn,text-service-66d6fd5c8b-v9k4t,c310a012-592c-495e-90f2-168aa1cee704,4294975205,0.00,0.0000,,,0.0000,0,0,0.00,0,0.00,0,0.000000,0.000000
pod,2026-03-02 11:04:21.771,hostnode,hn,profile-54f6c7d985-v5ghx,c57a536e-ce39-4941-aff4-622d8fe82651,4294976297,0.14,0.0076,,,0.0180,18,0,0.00,0,0.00,0,0.003323,0.000000
pod,2026-03-02 11:04:21.771,hostnode,sn,url-shorten-memcached-844b6d854f-f5m7l,d48a2e27-ce92-48da-9b79-fed0072b5dbf,4294974533,0.05,0.0085,,,0.0170,6,0,0.00,0,0.00,0,0.001192,0.000000
pod,2026-03-02 11:04:21.771,hostnode,monitoring,prometheus-monitoring-kube-prometheus-prometheus-0,d5eed4b3-8e52-4dc1-9c6e-da95a7b40277,4295080859,0.79,0.0092,,,0.0290,85,0,0.00,0,0.16,9,0.161412,0.000800
pod,2026-03-02 11:04:21.771,hostnode,sn,compose-post-service-5b5b7d59cc-4zs9g,d712ed1f-7a93-410f-82a6-ef80735a231c,4294974491,0.00,0.0000,,,0.0000,0,0,0.00,0,0.00,0,0.000000,0.000000
pod,2026-03-02 11:04:21.771,hostnode,sn,home-timeline-service-ff4b9db4f-vdjm5,da072777-52fd-4834-9c10-0ee0f82da1c9,4294974701,0.00,0.0000,,,0.0000,0,0,0.00,0,0.00,0,0.000000,0.000000
pod,2026-03-02 11:04:21.771,hostnode,sn,user-timeline-service-5454759db5-vnwvl,dc0f2321-e793-49e9-9ee1-937c87155298,4294974659,0.04,0.0092,,,0.0130,4,0,0.00,0,0.09,2,0.003923,0.000000
pod,2026-03-02 11:04:21.771,hostnode,kube-system,kube-proxy-49fw8,dc101e1d-3f1f-410b-b83e-ee7fac561bac,4294973996,0.06,0.0097,,,0.0140,6,0,0.00,0,0.00,0,0.002254,0.000000
pod,2026-03-02 11:04:21.771,hostnode,kube-system,calico-node-87zh8,dcafcb5d-4d9d-4a0a-a50e-9b777755abe1,4294974038,9.43,0.0137,,,3.6530,688,0,0.27,2,0.00,0,0.313583,0.000000
pod,2026-03-02 11:04:21.771,hostnode,sn,post-storage-service-588b9754bb-cr94b,df7754d7-8bc5-4bec-8298-6777d24ad6ed,4294974911,0.07,0.0175,,,0.0430,4,0,0.00,0,0.06,2,0.003277,0.000000
pod,2026-03-02 11:04:21.771,hostnode,sn,media-mongodb-d697b6485-hzsvf,e142aae7-6ba9-48d3-b5bf-9d819ce77fac,4294974575,1.98,0.0123,,,0.7100,160,0,0.00,0,0.00,0,0.054223,0.000000
pod,2026-03-02 11:04:21.771,hostnode,sa,feedback-inference-6-6649d68c48-8w8x2,e2decc3f-3382-4912-8838-e68559a26a98,4294975751,0.09,0.0064,,,0.0140,14,0,0.00,0,0.00,0,0.010808,0.000000
pod,2026-03-02 11:04:21.771,hostnode,monitoring,prometheus-monitoring-kube-prometheus-prometheus-1,e702e69f-594f-4926-a262-6e6c1f000dcd,4295081642,0.55,0.0065,,,0.0210,84,0,0.00,0,0.06,4,0.044467,0.000000
pod,2026-03-02 11:04:21.771,hostnode,hn,consul-5f547dd555-vbfn4,ed5acd96-1b5b-4f18-8762-f8b4a711aa55,4294976255,5.14,0.0133,,,1.4550,386,0,0.00,0,0.00,0,0.085464,0.000000
pod,2026-03-02 11:04:21.771,hostnode,sn,post-storage-mongodb-5bb6bd964c-qrnwb,ed9d9c33-6043-4865-9dbb-2ba38d33338a,4294975457,2.62,0.0161,,,1.3710,163,0,0.00,0,0.08,2,0.057988,0.000000
pod,2026-03-02 11:04:21.771,hostnode,hn,memcached-rate-6b6b8fc64b-j4mtd,f33aa9b9-0098-4bab-af1f-d9f4580bdcca,4294976087,0.05,0.0083,,,0.0180,6,0,0.00,0,0.00,0,0.001269,0.000000
pod,2026-03-02 11:04:21.771,hostnode,sn,unique-id-service-c5567d7f5-98pmc,f5e5cd76-4c56-44db-b87d-8c5f1188c68e,4294974785,0.00,0.0000,,,0.0000,0,0,0.00,0,0.00,0,0.000000,0.000000
pod,2026-03-02 11:04:21.771,hostnode,sn,post-storage-memcached-58c9f787f-454vt,f76ac518-c32c-48c1-a2c6-1dcb17dbcbef,4294975583,0.03,0.0110,,,0.0150,3,0,0.00,0,0.00,0,0.000946,0.000000
pod,2026-03-02 11:04:21.771,hostnode,monitoring,monitoring-kube-prometheus-operator-fbbbd799-pcnxn,f8959bf3-7786-4a44-945d-eff1c489992a,4295080313,0.90,0.0064,,,0.0220,140,0,0.00,0,0.17,9,0.034551,0.000000
pod,2026-03-02 11:04:21.771,hostnode,kube-system,coredns-5ddd84546d-vpwgd,fa8a2c26-1ab8-41c4-8317-ac2e6d17ed89,4294974278,0.27,0.0085,,,0.0200,31,0,0.00,0,0.09,6,0.011099,0.000000
pod,2026-03-02 11:04:21.771,hostnode,sn,user-memcached-8cc658895-bj2wf,fc7fd578-af0d-4bb8-9e88-5d60e166f1d4,4294975541,0.02,0.0063,,,0.0070,3,0,0.00,0,0.00,0,0.000731,0.000000
node,2026-03-02 11:04:22.772,hostnode,,,,,610.72,0.0250,0.0150,0.0150,11.3150,24404,1,295.98,100,5.32,247,21.467181,1.679608
pod,2026-03-02 11:04:22.772,hostnode,sa,feedback-inference-4-bcdcc4954-nscth,0150e3da-bbb2-44fc-98a6-deb41f36babb,4294975919,0.11,0.0076,,,0.0180,14,0,0.00,0,0.00,0,0.010230,0.000000
pod,2026-03-02 11:04:22.772,hostnode,sn,user-timeline-redis-666c98cb6-2pp72,02f33c1a-7b7d-4b1d-affc-3d48159aa4e1,4294975499,0.07,0.0067,,,0.0110,10,0,0.00,0,0.00,0,0.007002,0.000000
pod,2026-03-02 11:04:22.772,hostnode,hn,recommendation-6fd4576595-qzp7p,03b217b1-3eb0-43df-82d5-903db410307f,4294976759,0.24,0.0056,,,0.0130,42,0,0.00,0,0.00,0,0.006310,0.000000
pod,2026-03-02 11:04:22.772,hostnode,hn,memcached-profile-66685f65f-6q9lm,05600750-6235-4cea-a85f-768f670b18ee,4294976129,0.04,0.0076,,,0.0120,5,0,0.00,0,0.00,0,0.001345,0.000000
pod,2026-03-02 11:04:22.772,hostnode,default,fuzzy-proof-4,09dd6cba-ae69-4561-9fcc-a8fbc26b78fc,4294976885,0.00,0.0000,,,0.0000,0,0,0.00,0,0.00,0,0.000000,0.000000
pod,2026-03-02 11:04:22.772,hostnode,hn,reservation-7b7956cd6b-w78wd,0bcb305f-c199-4f79-8255-5bfd30011440,4294976591,0.16,0.0054,,,0.0140,30,0,0.00,0,0.00,0,0.003297,0.000000
pod,2026-03-02 11:04:22.772,hostnode,sn,user-mongodb-dcb5fbc96-p8vbh,0f8edb85-6f09-4967-834b-c4e29026ce53,4294975247,1.24,0.0073,,,0.0200,170,0,0.00,0,0.09,2,0.057982,0.000000
pod,2026-03-02 11:04:22.772,hostnode,sa,feedback-inference-3-bbfcf6979-nc9n2,11c2484c-ee59-4cf1-b235-e5f0bea30e4b,4294975877,0.10,0.0065,,,0.0100,15,0,0.00,0,0.00,0,0.008654,0.000000
pod,2026-03-02 11:04:22.772,hostnode,default,consul-5f547dd555-5fphc,138143ae-daea-4128-92ae-7c247466d7d4,4294975961,6.93,0.0176,,,3.2930,393,0,0.00,0,0.03,5,0.084529,0.000000
pod,2026-03-02 11:04:22.772,hostnode,sn,social-graph-redis-545664784f-hj79p,13e148d0-b339-49ee-b0ce-b37559cd27c6,4294974447,0.07,0.0067,,,0.0080,10,0,0.00,0,0.00,0,0.005342,0.000000
pod,2026-03-02 11:04:22.772,hostnode,hn,mongodb-recommendation-98859d4d7-z5qfb,1514f4ec-f718-4bec-a3e8-bea39d0fedd1,4294976675,0.47,0.0103,,,0.0320,46,0,0.00,0,0.04,1,0.024971,0.000000
pod,2026-03-02 11:04:22.772,hostnode,ksense,ksense-5rfvq,1893397c-8b62-4aea-8a5e-d5c5032d91f8,4294989630,0.50,0.0155,,,0.1670,32,0,0.00,0,0.16,6,7.848364,0.000000
pod,2026-03-02 11:04:22.772,hostnode,sn,social-graph-mongodb-6bf674bf9-vq4jm,1c0ce9e4-e1fb-455a-976e-11005acce9d0,4294974953,3.63,0.0218,,,2.3520,166,0,0.00,0,0.10,2,0.054364,0.002898
pod,2026-03-02 11:04:22.772,hostnode,hn,jaeger-b49ccf55-rbg7n,1e3eeb12-a307-41de-92ee-7ec930767d58,4294976381,1.07,0.0973,,,0.9750,11,0,0.00,0,0.00,0,0.002283,0.000000
pod,2026-03-02 11:04:22.772,hostnode,kube-system,calico-kube-controllers-5b9b456c66-qz22s,247149cd-61e5-4048-a7ef-75de96589398,4294974080,31.80,0.2135,,,6.0400,149,0,0.60,2,0.00,0,0.094077,0.233210
pod,2026-03-02 11:04:22.772,hostnode,hn,mongodb-user-86f7788f59-vwx8w,24987f22-ac3e-4037-b7e4-674696f71bfe,4294976843,0.32,0.0082,,,0.0280,39,0,0.00,0,0.00,0,0.022743,0.000000
pod,2026-03-02 11:04:22.772,hostnode,sn,nginx-thrift-7f6f5d6b69-74vws,2d8ff9cc-73b2-47da-b0da-657ba9857d06,4294975289,0.00,0.0000,,,0.0000,0,0,0.00,0,0.00,0,0.000000,0.000000
pod,2026-03-02 11:04:22.772,hostnode,hn,memcached-reserve-66b4d9f986-twx7c,2e8cef70-b460-406c-822d-006e7c0c71a4,4294976171,0.06,0.0095,,,0.0260,6,0,0.00,0,0.00,0,0.001322,0.000000
pod,2026-03-02 11:04:22.772,hostnode,monitoring,monitoring-prometheus-node-exporter-679rr,309bc67f-0f97-4902-8e57-5f369481d878,4295080229,0.00,0.0000,,,0.0000,0,0,0.00,0,0.00,0,0.000000,0.000000
pod,2026-03-02 11:04:22.772,hostnode,hn,geo-75469c5bc9-b6l8f,4615d84f-8e28-403b-af02-b8c6c579361d,4294976003,0.10,0.0063,,,0.0160,16,0,0.00,0,0.00,0,0.002629,0.000000
pod,2026-03-02 11:04:22.772,hostnode,hn,mongodb-reservation-8566bbcb4f-rmkm5,5557386c-9898-4425-8979-6492e67868ee,4294976549,1.23,0.0332,,,0.9450,37,0,0.00,0,0.00,0,0.022097,0.000000
pod,2026-03-02 11:04:22.772,hostnode,sn,social-graph-service-6b48d496c6-flfvk,56f4636a-d485-4728-9bb6-0e7977b14a71,4294974995,0.04,0.0110,,,0.0140,4,0,0.00,0,0.08,2,0.003689,0.000000
pod,2026-03-02 11:04:22.772,hostnode,ksense,fuzzy-scheduler-55c7fbbd75-xnggn,58bdb2da-a465-4653-b30a-5f823bd79594,4295063948,0.47,0.0092,,,0.0350,51,0,0.00,0,0.00,0,0.012220,0.000000
pod,2026-03-02 11:04:22.772,hostnode,sn,user-mention-service-77b4dc8db6-qqb2p,5da702aa-5da1-48a1-a861-a28a962145a8,4294975121,0.00,0.0000,,,0.0000,0,0,0.00,0,0.00,0,0.000000,0.000000
pod,2026-03-02 11:04:22.772,hostnode,sa,feedback-inference-2-867b854976-qrcmg,63ea3062-c44d-4786-b84c-d210df45b2f8,4294975793,0.10,0.0064,,,0.0110,15,0,0.00,0,0.00,0,0.008830,0.000000
pod,2026-03-02 11:04:22.772,hostnode,hn,mongodb-rate-78677645d4-4v2h5,66c8e931-7fa3-448a-8822-0b2db155e788,4294976633,0.33,0.0079,,,0.0220,42,0,0.00,0,0.00,0,0.022308,0.000000
pod,2026-03-02 11:04:22.772,hostnode,sa,feedback-inference-1-6b858c77b9-99c4j,6a98d5b2-6ae0-4348-ba84-d32a8010d14b,4294975625,0.11,0.0079,,,0.0170,14,0,0.00,0,0.00,0,0.008991,0.000000
pod,2026-03-02 11:04:22.772,hostnode,sn,media-frontend-6bd9df9d6d-5vf4w,6be52f8a-5cf7-4c4d-a9cf-b851c52694e7,4294975077,0.00,0.0000,,,0.0000,0,0,0.00,0,0.00,0,0.000000,0.000000
pod,2026-03-02 11:04:22.772,hostnode,sn,media-memcached-657c8b4cdf-4cc9x,6d187294-14f3-4f11-b66b-6f178abedac4,4294974743,0.04,0.0076,,,0.0100,5,0,0.00,0,0.00,0,0.001060,0.000000
pod,2026-03-02 11:04:22.772,hostnode,monitoring,alertmanager-monitoring-kube-prometheus-alertmanager-0,70957292-81e5-4ffe-b8ad-b44e4de4b326,4295080817,0.10,0.0075,,,0.0160,14,0,0.00,0,0.03,2,0.005940,0.000000
pod,2026-03-02 11:04:22.772,hostnode,sn,media-service-68f5f7ccbf-ks945,76c3a8df-aede-4a5f-b8bd-e74ce509a7e6,4294975331,0.00,0.0000,,,0.0000,0,0,0.00,0,0.00,0,0.000000,0.000000
pod,2026-03-02 11:04:22.772,hostnode,sn,home-timeline-redis-698c8bc65d-4c45h,79688f0b-7ab6-4f35-8438-aec8c8300d03,4294974827,0.08,0.0077,,,0.0130,10,0,0.00,0,0.00,0,0.008522,0.000000
pod,2026-03-02 11:04:22.772,hostnode,sa,feedback-inference-7-8f6cf7999-f5qn4,7aa819af-f314-4532-a0f4-c5e2a11fc6ef,4294975835,0.09,0.0063,,,0.0100,14,0,0.00,0,0.00,0,0.010843,0.000000
pod,2026-03-02 11:04:22.772,hostnode,monitoring,monitoring-grafana-67776b6b66-sxl62,7bda2edc-62de-4b78-aa7c-8a99331d9370,4295080355,2.74,0.0220,,,1.3330,125,0,0.00,0,0.00,0,0.029109,0.000000
pod,2026-03-02 11:04:22.772,hostnode,default,feedback-inference-5c9b57cc5f-mpxx5,7d6b10a5-b07a-4b60-8c9d-7d0462b491f0,4294975709,0.11,0.0076,,,0.0130,15,0,0.00,0,0.00,0,0.011858,0.000000
pod,2026-03-02 11:04:22.772,hostnode,kube-system,selling-resource-scheduler-7cc89db49c-ns9jm,894845d8-cc58-483b-bbf2-260807dd8e81,4294974127,0.00,0.0000,,,0.0000,0,0,0.00,0,0.00,0,0.000000,0.000000
pod,2026-03-02 11:04:22.772,hostnode,sa,feedback-inference-5-596d5b64b9-sw9t7,898a0bea-057b-41e9-bedf-78eae2237e12,4294975667,0.13,0.0094,,,0.0350,14,0,0.00,0,0.00,0,0.012480,0.000000
pod,2026-03-02 11:04:22.772,hostnode,default,fuzzy-proof-1,8adacebd-6468-43f9-bad1-e7258d23d25b,4294977053,0.00,0.0000,,,0.0000,0,0,0.00,0,0.00,0,0.000000,0.000000
pod,2026-03-02 11:04:22.772,hostnode,hn,mongodb-profile-57b898f69-869rl,8c3bade4-b9e1-44f3-bdaa-e8f9a77e60b6,4294976339,0.31,0.0077,,,0.0170,40,0,0.00,0,0.00,0,0.022571,0.000000
pod,2026-03-02 11:04:22.772,hostnode,hn,mongodb-geo-5cf4479bd9-4tflp,8c63a64e-3582-4fa5-a1a2-9d52222005c7,4294976213,0.29,0.0088,,,0.0270,33,0,0.00,0,0.00,0,0.019643,0.000000
pod,2026-03-02 11:04:22.772,hostnode,kube-system,metrics-server-7fbfbcc44c-57twc,8e0cbdb2-8b37-43d7-bd2e-e7bc88f71486,4294974340,2.98,0.0169,,,1.9500,176,0,0.00,0,0.26,15,0.067893,0.000000
pod,2026-03-02 11:04:22.772,hostnode,default,fuzzy-proof-5,95708664-be88-4490-ba1e-7092ec6ba570,4294977011,0.00,0.0000,,,0.0000,0,0,0.00,0,0.00,0,0.000000,0.000000
pod,2026-03-02 11:04:22.772,hostnode,kube-system,coredns-5ddd84546d-cscpm,957aa029-5b70-4fcf-bf3e-194e127920be,4294974221,0.20,0.0082,,,0.0200,25,0,0.00,0,0.09,6,0.010222,0.000000
pod,2026-03-02 11:04:22.772,hostnode,sn,url-shorten-service-5576f95bc-dlkwp,970ae5df-45da-47b3-9c77-f2aaf6297dd0,4294975415,0.11,0.0270,,,0.0390,4,0,0.00,0,0.07,2,0.004150,0.000000
pod,2026-03-02 11:04:22.772,hostnode,default,fuzzy-proof-3,9bb793d0-cf0f-4e92-ab39-a1f6b2a25f81,4294976927,0.00,0.0000,,,0.0000,0,0,0.00,0,0.00,0,0.000000,0.000000
pod,2026-03-02 11:04:22.772,hostnode,ksense,collector-name-sample,9f3d30b5-8cbf-41cc-bc8d-b5d893e029dc,4295117360,0.01,0.0075,,,0.0090,2,0,0.00,0,0.00,0,0.072475,0.000000
pod,2026-03-02 11:04:22.772,hostnode,sn,user-timeline-mongodb-76c59d86fb-f292x,a152d98d-6f60-4ea7-a931-fad144116366,4294975373,2.00,0.0118,,,0.5580,170,0,0.00,0,0.11,2,0.061356,0.000000
pod,2026-03-02 11:04:22.772,hostnode,hn,search-6dfc557989-qjbl9,a1b75670-727f-4e89-92df-b40d967893d6,4294976423,0.03,0.0068,,,0.0090,5,0,0.00,0,0.00,0,0.001091,0.000000
pod,2026-03-02 11:04:22.772,hostnode,local-path-storage,local-path-provisioner-7dd969c95d-74d4t,a6ae812c-2f36-4242-951e-7c510528abdf,4294974169,0.28,0.0184,,,0.1560,15,0,0.00,0,0.03,1,0.006425,0.000000
pod,2026-03-02 11:04:22.772,hostnode,sn,url-shorten-mongodb-5b844598c6-fp9c7,a8cd873b-f644-410c-84de-9107a29e8a95,4294975163,3.81,0.0235,,,1.4410,162,0,0.00,0,0.10,2,0.057553,0.000000
pod,2026-03-02 11:04:22.772,hostnode,default,fuzzy-proof-2,aaae8af9-ce6d-4315-8571-0b20fd1508a3,4294976969,0.00,0.0000,,,0.0000,0,0,0.00,0,0.00,0,0.000000,0.000000
pod,2026-03-02 11:04:22.772,hostnode,monitoring,monitoring-kube-state-metrics-76b67dc76d-8q9gk,ad30444e-ccf1-472e-bbdf-808e7e5136d7,4295080271,0.20,0.0113,,,0.0260,18,0,0.00,0,0.00,0,0.007217,0.000000
pod,2026-03-02 11:04:22.772,hostnode,hn,rate-846d5c7957-7h6m6,ba1cc2cd-8a02-4c6c-bbdb-e783523c7a7d,4294976717,0.22,0.0093,,,0.0720,24,0,0.00,0,0.00,0,0.003559,0.000000
pod,2026-03-02 11:04:22.772,hostnode,sn,jaeger-5b7d8bb6fb-z8cnp,bb2cfec0-cd8a-4f5f-ad4d-eeeba610930f,4294974617,0.03,0.0085,,,0.0160,4,0,0.00,0,0.00,0,0.000922,0.000000
pod,2026-03-02 11:04:22.772,hostnode,sn,user-service-76d887dc94-bgj68,bf074cdf-70ff-4a02-abb0-d6d0be29abe2,4294974869,0.03,0.0075,,,0.0110,4,0,0.00,0,0.07,2,0.003044,0.000000
pod,2026-03-02 11:04:22.772,hostnode,hn,user-6c488f4d-hjphk,bf3df9a5-b422-4af5-864a-d651de48d26f,4294976801,0.12,0.0073,,,0.0220,16,0,0.00,0,0.00,0,0.002483,0.000000
pod,2026-03-02 11:04:22.772,hostnode,hn,frontend-74b855d7b8-7fbgr,c30245d8-5651-4f6b-a7d9-1712bf6e4e88,4294976045,0.04,0.0060,,,0.0100,7,0,0.00,0,0.00,0,0.001191,0.000000
pod,2026-03-02 11:04:22.772,hostnode,sn,text-service-66d6fd5c8b-v9k4t,c310a012-592c-495e-90f2-168aa1cee704,4294975205,0.00,0.0000,,,0.0000,0,0,0.00,0,0.00,0,0.000000,0.000000
pod,2026-03-02 11:04:22.772,hostnode,hn,profile-54f6c7d985-v5ghx,c57a536e-ce39-4941-aff4-622d8fe82651,4294976297,0.10,0.0059,,,0.0160,17,0,0.00,0,0.00,0,0.002206,0.000000
pod,2026-03-02 11:04:22.772,hostnode,sn,url-shorten-memcached-844b6d854f-f5m7l,d48a2e27-ce92-48da-9b79-fed0072b5dbf,4294974533,0.04,0.0063,,,0.0160,6,0,0.00,0,0.00,0,0.001045,0.000000
pod,2026-03-02 11:04:22.772,hostnode,monitoring,prometheus-monitoring-kube-prometheus-prometheus-0,d5eed4b3-8e52-4dc1-9c6e-da95a7b40277,4295080859,0.28,0.0086,,,0.0400,32,0,0.00,0,0.07,4,0.013652,0.000000
pod,2026-03-02 11:04:22.772,hostnode,sn,compose-post-service-5b5b7d59cc-4zs9g,d712ed1f-7a93-410f-82a6-ef80735a231c,4294974491,0.00,0.0000,,,0.0000,0,0,0.00,0,0.00,0,0.000000,0.000000
pod,2026-03-02 11:04:22.772,hostnode,sn,home-timeline-service-ff4b9db4f-vdjm5,da072777-52fd-4834-9c10-0ee0f82da1c9,4294974701,0.00,0.0000,,,0.0000,0,0,0.00,0,0.00,0,0.000000,0.000000
pod,2026-03-02 11:04:22.772,hostnode,sn,user-timeline-service-5454759db5-vnwvl,dc0f2321-e793-49e9-9ee1-937c87155298,4294974659,0.04,0.0105,,,0.0140,4,0,0.00,0,0.08,2,0.003820,0.000000
pod,2026-03-02 11:04:22.772,hostnode,kube-system,kube-proxy-49fw8,dc101e1d-3f1f-410b-b83e-ee7fac561bac,4294973996,0.00,0.0000,,,0.0000,0,0,0.00,0,0.00,0,0.000000,0.000000
pod,2026-03-02 11:04:22.772,hostnode,kube-system,calico-node-87zh8,dcafcb5d-4d9d-4a0a-a50e-9b777755abe1,4294974038,51.89,0.0333,,,11.3150,1558,0,4.57,11,0.11,6,1.046391,0.141901
pod,2026-03-02 11:04:22.772,hostnode,sn,post-storage-service-588b9754bb-cr94b,df7754d7-8bc5-4bec-8298-6777d24ad6ed,4294974911,0.04,0.0107,,,0.0160,4,0,0.00,0,0.08,2,0.003029,0.000000
pod,2026-03-02 11:04:22.772,hostnode,sn,media-mongodb-d697b6485-hzsvf,e142aae7-6ba9-48d3-b5bf-9d819ce77fac,4294974575,2.70,0.0170,,,1.4510,159,0,0.00,0,0.00,0,0.053639,0.000000
pod,2026-03-02 11:04:22.772,hostnode,sa,feedback-inference-6-6649d68c48-8w8x2,e2decc3f-3382-4912-8838-e68559a26a98,4294975751,0.11,0.0076,,,0.0150,14,0,0.00,0,0.00,0,0.010716,0.000000
pod,2026-03-02 11:04:22.772,hostnode,monitoring,prometheus-monitoring-kube-prometheus-prometheus-1,e702e69f-594f-4926-a262-6e6c1f000dcd,4295081642,0.70,0.0163,,,0.4230,43,0,0.00,0,0.07,1,0.013068,0.000000
pod,2026-03-02 11:04:22.772,hostnode,hn,consul-5f547dd555-vbfn4,ed5acd96-1b5b-4f18-8762-f8b4a711aa55,4294976255,4.69,0.0124,,,1.6140,379,0,0.00,0,0.04,4,0.080016,0.004197
pod,2026-03-02 11:04:22.772,hostnode,sn,post-storage-mongodb-5bb6bd964c-qrnwb,ed9d9c33-6043-4865-9dbb-2ba38d33338a,4294975457,3.37,0.0204,,,1.1570,165,0,0.00,0,0.08,2,0.054672,0.000000
pod,2026-03-02 11:04:22.772,hostnode,hn,memcached-rate-6b6b8fc64b-j4mtd,f33aa9b9-0098-4bab-af1f-d9f4580bdcca,4294976087,0.04,0.0060,,,0.0140,6,0,0.00,0,0.00,0,0.001076,0.000000
pod,2026-03-02 11:04:22.772,hostnode,sn,unique-id-service-c5567d7f5-98pmc,f5e5cd76-4c56-44db-b87d-8c5f1188c68e,4294974785,0.00,0.0000,,,0.0000,0,0,0.00,0,0.00,0,0.000000,0.000000
pod,2026-03-02 11:04:22.772,hostnode,sn,post-storage-memcached-58c9f787f-454vt,f76ac518-c32c-48c1-a2c6-1dcb17dbcbef,4294975583,0.03,0.0056,,,0.0070,5,0,0.00,0,0.00,0,0.000899,0.000000
pod,2026-03-02 11:04:22.772,hostnode,monitoring,monitoring-kube-prometheus-operator-fbbbd799-pcnxn,f8959bf3-7786-4a44-945d-eff1c489992a,4295080313,2.83,0.0367,,,0.8970,77,0,0.00,0,0.00,0,0.013660,0.000000
pod,2026-03-02 11:04:22.772,hostnode,kube-system,coredns-5ddd84546d-vpwgd,fa8a2c26-1ab8-41c4-8317-ac2e6d17ed89,4294974278,0.23,0.0080,,,0.0140,29,0,0.00,0,0.11,6,0.011400,0.000000
pod,2026-03-02 11:04:22.772,hostnode,sn,user-memcached-8cc658895-bj2wf,fc7fd578-af0d-4bb8-9e88-5d60e166f1d4,4294975541,0.03,0.0063,,,0.0090,4,0,0.00,0,0.00,0,0.000807,0.000000
node,2026-03-02 11:04:23.772,hostnode,,,,,217.35,0.0098,0.0150,0.0150,4.4440,22136,0,7.13,27,3.19,146,14.518634,0.078707
pod,2026-03-02 11:04:23.772,hostnode,sa,feedback-inference-4-bcdcc4954-nscth,0150e3da-bbb2-44fc-98a6-deb41f36babb,4294975919,0.11,0.0076,,,0.0130,15,0,0.00,0,0.00,0,0.009414,0.000000
pod,2026-03-02 11:04:23.772,hostnode,sn,user-timeline-redis-666c98cb6-2pp72,02f33c1a-7b7d-4b1d-affc-3d48159aa4e1,4294975499,0.08,0.0081,,,0.0170,10,0,0.00,0,0.00,0,0.007551,0.000000
pod,2026-03-02 11:04:23.772,hostnode,hn,recommendation-6fd4576595-qzp7p,03b217b1-3eb0-43df-82d5-903db410307f,4294976759,0.29,0.0082,,,0.0590,36,0,0.00,0,0.00,0,0.004803,0.000000
pod,2026-03-02 11:04:23.772,hostnode,hn,memcached-profile-66685f65f-6q9lm,05600750-6235-4cea-a85f-768f670b18ee,4294976129,0.04,0.0068,,,0.0090,6,0,0.00,0,0.00,0,0.001232,0.000000
pod,2026-03-02 11:04:23.772,hostnode,default,fuzzy-proof-4,09dd6cba-ae69-4561-9fcc-a8fbc26b78fc,4294976885,0.00,0.0000,,,0.0000,0,0,0.00,0,0.00,0,0.000000,0.000000
pod,2026-03-02 11:04:23.772,hostnode,hn,reservation-7b7956cd6b-w78wd,0bcb305f-c199-4f79-8255-5bfd30011440,4294976591,0.13,0.0067,,,0.0200,20,0,0.00,0,0.00,0,0.003002,0.000000
pod,2026-03-02 11:04:23.772,hostnode,sn,user-mongodb-dcb5fbc96-p8vbh,0f8edb85-6f09-4967-834b-c4e29026ce53,4294975247,2.66,0.0163,,,1.3720,163,0,0.00,0,0.09,2,0.052680,0.000000
pod,2026-03-02 11:04:23.772,hostnode,sa,feedback-inference-3-bbfcf6979-nc9n2,11c2484c-ee59-4cf1-b235-e5f0bea30e4b,4294975877,0.14,0.0099,,,0.0220,14,0,0.00,0,0.00,0,0.009852,0.000000
pod,2026-03-02 11:04:23.772,hostnode,default,consul-5f547dd555-5fphc,138143ae-daea-4128-92ae-7c247466d7d4,4294975961,3.30,0.0081,,,0.0360,405,0,0.00,0,0.00,0,0.250408,0.000000
pod,2026-03-02 11:04:23.772,hostnode,sn,social-graph-redis-545664784f-hj79p,13e148d0-b339-49ee-b0ce-b37559cd27c6,4294974447,0.07,0.0070,,,0.0120,10,0,0.00,0,0.00,0,0.006204,0.000000
pod,2026-03-02 11:04:23.772,hostnode,hn,mongodb-recommendation-98859d4d7-z5qfb,1514f4ec-f718-4bec-a3e8-bea39d0fedd1,4294976675,0.37,0.0079,,,0.0270,47,0,0.00,0,0.00,0,0.025748,0.000000
pod,2026-03-02 11:04:23.772,hostnode,ksense,ksense-5rfvq,1893397c-8b62-4aea-8a5e-d5c5032d91f8,4294989630,0.26,0.0075,,,0.0230,34,0,0.00,0,0.01,1,7.864364,0.000000
pod,2026-03-02 11:04:23.772,hostnode,sn,social-graph-mongodb-6bf674bf9-vq4jm,1c0ce9e4-e1fb-455a-976e-11005acce9d0,4294974953,1.20,0.0073,,,0.0270,165,0,0.00,0,0.10,2,0.054650,0.000000
pod,2026-03-02 11:04:23.772,hostnode,hn,jaeger-b49ccf55-rbg7n,1e3eeb12-a307-41de-92ee-7ec930767d58,4294976381,0.02,0.0060,,,0.0070,3,0,0.00,0,0.00,0,0.000670,0.000000
pod,2026-03-02 11:04:23.772,hostnode,kube-system,calico-kube-controllers-5b9b456c66-qz22s,247149cd-61e5-4048-a7ef-75de96589398,4294974080,0.09,0.0112,,,0.0170,8,0,0.00,0,0.00,0,0.004103,0.000000
pod,2026-03-02 11:04:23.772,hostnode,hn,mongodb-user-86f7788f59-vwx8w,24987f22-ac3e-4037-b7e4-674696f71bfe,4294976843,0.28,0.0081,,,0.0170,34,0,0.00,0,0.00,0,0.019104,0.000000
pod,2026-03-02 11:04:23.772,hostnode,sn,nginx-thrift-7f6f5d6b69-74vws,2d8ff9cc-73b2-47da-b0da-657ba9857d06,4294975289,0.00,0.0000,,,0.0000,0,0,0.00,0,0.00,0,0.000000,0.000000
pod,2026-03-02 11:04:23.772,hostnode,hn,memcached-reserve-66b4d9f986-twx7c,2e8cef70-b460-406c-822d-006e7c0c71a4,4294976171,0.03,0.0110,,,0.0140,3,0,0.00,0,0.00,0,0.000939,0.000000
pod,2026-03-02 11:04:23.772,hostnode,monitoring,monitoring-prometheus-node-exporter-679rr,309bc67f-0f97-4902-8e57-5f369481d878,4295080229,0.00,0.0000,,,0.0000,0,0,0.00,0,0.00,0,0.000000,0.000000
pod,2026-03-02 11:04:23.772,hostnode,hn,geo-75469c5bc9-b6l8f,4615d84f-8e28-403b-af02-b8c6c579361d,4294976003,0.11,0.0093,,,0.0180,12,0,0.00,0,0.00,0,0.002733,0.000000
pod,2026-03-02 11:04:23.772,hostnode,hn,mongodb-reservation-8566bbcb4f-rmkm5,5557386c-9898-4425-8979-6492e67868ee,4294976549,0.30,0.0082,,,0.0230,37,0,0.00,0,0.00,0,0.019967,0.000000
pod,2026-03-02 11:04:23.772,hostnode,sn,social-graph-service-6b48d496c6-flfvk,56f4636a-d485-4728-9bb6-0e7977b14a71,4294974995,0.04,0.0097,,,0.0120,4,0,0.00,0,0.10,2,0.004372,0.000000
pod,2026-03-02 11:04:23.772,hostnode,ksense,fuzzy-scheduler-55c7fbbd75-xnggn,58bdb2da-a465-4653-b30a-5f823bd79594,4295063948,0.65,0.0090,,,0.0390,72,0,0.00,0,0.00,0,0.017135,0.000000
pod,2026-03-02 11:04:23.772,hostnode,sn,user-mention-service-77b4dc8db6-qqb2p,5da702aa-5da1-48a1-a861-a28a962145a8,4294975121,0.00,0.0000,,,0.0000,0,0,0.00,0,0.00,0,0.000000,0.000000
pod,2026-03-02 11:04:23.772,hostnode,sa,feedback-inference-2-867b854976-qrcmg,63ea3062-c44d-4786-b84c-d210df45b2f8,4294975793,0.10,0.0074,,,0.0220,14,0,0.00,0,0.00,0,0.008715,0.000000
pod,2026-03-02 11:04:23.772,hostnode,hn,mongodb-rate-78677645d4-4v2h5,66c8e931-7fa3-448a-8822-0b2db155e788,4294976633,0.31,0.0082,,,0.0580,38,0,0.00,0,0.00,0,0.018053,0.000000
pod,2026-03-02 11:04:23.772,hostnode,sa,feedback-inference-1-6b858c77b9-99c4j,6a98d5b2-6ae0-4348-ba84-d32a8010d14b,4294975625,0.09,0.0064,,,0.0120,14,0,0.00,0,0.00,0,0.009215,0.000000
pod,2026-03-02 11:04:23.772,hostnode,sn,media-frontend-6bd9df9d6d-5vf4w,6be52f8a-5cf7-4c4d-a9cf-b851c52694e7,4294975077,0.00,0.0000,,,0.0000,0,0,0.00,0,0.00,0,0.000000,0.000000
pod,2026-03-02 11:04:23.772,hostnode,sn,media-memcached-657c8b4cdf-4cc9x,6d187294-14f3-4f11-b66b-6f178abedac4,4294974743,0.05,0.0082,,,0.0160,6,0,0.00,0,0.00,0,0.001086,0.000000
pod,2026-03-02 11:04:23.772,hostnode,monitoring,alertmanager-monitoring-kube-prometheus-alertmanager-0,70957292-81e5-4ffe-b8ad-b44e4de4b326,4295080817,0.00,0.0000,,,0.0000,0,0,0.00,0,0.00,0,0.000000,0.000000
pod,2026-03-02 11:04:23.772,hostnode,sn,media-service-68f5f7ccbf-ks945,76c3a8df-aede-4a5f-b8bd-e74ce509a7e6,4294975331,0.00,0.0000,,,0.0000,0,0,0.00,0,0.00,0,0.000000,0.000000
pod,2026-03-02 11:04:23.772,hostnode,sn,home-timeline-redis-698c8bc65d-4c45h,79688f0b-7ab6-4f35-8438-aec8c8300d03,4294974827,0.09,0.0089,,,0.0170,10,0,0.00,0,0.00,0,0.006875,0.000000
pod,2026-03-02 11:04:23.772,hostnode,sa,feedback-inference-7-8f6cf7999-f5qn4,7aa819af-f314-4532-a0f4-c5e2a11fc6ef,4294975835,0.10,0.0069,,,0.0130,15,0,0.00,0,0.00,0,0.012026,0.000000
pod,2026-03-02 11:04:23.772,hostnode,monitoring,monitoring-grafana-67776b6b66-sxl62,7bda2edc-62de-4b78-aa7c-8a99331d9370,4295080355,1.24,0.0086,,,0.0390,145,0,0.00,0,0.00,0,0.034723,0.000000
pod,2026-03-02 11:04:23.772,hostnode,default,feedback-inference-5c9b57cc5f-mpxx5,7d6b10a5-b07a-4b60-8c9d-7d0462b491f0,4294975709,0.11,0.0076,,,0.0140,14,0,0.00,0,0.00,0,0.011295,0.000000
pod,2026-03-02 11:04:23.772,hostnode,kube-system,selling-resource-scheduler-7cc89db49c-ns9jm,894845d8-cc58-483b-bbf2-260807dd8e81,4294974127,0.00,0.0000,,,0.0000,0,0,0.00,0,0.00,0,0.000000,0.000000
pod,2026-03-02 11:04:23.772,hostnode,sa,feedback-inference-5-596d5b64b9-sw9t7,898a0bea-057b-41e9-bedf-78eae2237e12,4294975667,0.13,0.0089,,,0.0160,15,0,0.00,0,0.00,0,0.010994,0.000000
pod,2026-03-02 11:04:23.772,hostnode,default,fuzzy-proof-1,8adacebd-6468-43f9-bad1-e7258d23d25b,4294977053,0.00,0.0000,,,0.0000,0,0,0.00,0,0.00,0,0.000000,0.000000
pod,2026-03-02 11:04:23.772,hostnode,hn,mongodb-profile-57b898f69-869rl,8c3bade4-b9e1-44f3-bdaa-e8f9a77e60b6,4294976339,1.61,0.0384,,,1.2380,42,0,0.00,0,0.00,0,0.023094,0.000000
pod,2026-03-02 11:04:23.772,hostnode,hn,mongodb-geo-5cf4479bd9-4tflp,8c63a64e-3582-4fa5-a1a2-9d52222005c7,4294976213,0.44,0.0094,,,0.0300,47,0,0.00,0,0.00,0,0.024787,0.000000
pod,2026-03-02 11:04:23.772,hostnode,kube-system,metrics-server-7fbfbcc44c-57twc,8e0cbdb2-8b37-43d7-bd2e-e7bc88f71486,4294974340,0.64,0.0070,,,0.0250,92,0,0.00,0,0.00,0,0.015650,0.000000
pod,2026-03-02 11:04:23.772,hostnode,default,fuzzy-proof-5,95708664-be88-4490-ba1e-7092ec6ba570,4294977011,0.00,0.0000,,,0.0000,0,0,0.00,0,0.00,0,0.000000,0.000000
pod,2026-03-02 11:04:23.772,hostnode,kube-system,coredns-5ddd84546d-cscpm,957aa029-5b70-4fcf-bf3e-194e127920be,4294974221,0.17,0.0099,,,0.0170,17,0,0.00,0,0.08,6,0.008914,0.000000
pod,2026-03-02 11:04:23.772,hostnode,sn,url-shorten-service-5576f95bc-dlkwp,970ae5df-45da-47b3-9c77-f2aaf6297dd0,4294975415,0.04,0.0100,,,0.0140,4,0,0.00,0,0.08,2,0.003603,0.000000
pod,2026-03-02 11:04:23.772,hostnode,default,fuzzy-proof-3,9bb793d0-cf0f-4e92-ab39-a1f6b2a25f81,4294976927,0.00,0.0000,,,0.0000,0,0,0.00,0,0.00,0,0.000000,0.000000
pod,2026-03-02 11:04:23.772,hostnode,ksense,collector-name-sample,9f3d30b5-8cbf-41cc-bc8d-b5d893e029dc,4295117360,0.01,0.0080,,,0.0080,1,0,0.00,0,0.00,0,0.078077,0.000000
pod,2026-03-02 11:04:23.772,hostnode,sn,user-timeline-mongodb-76c59d86fb-f292x,a152d98d-6f60-4ea7-a931-fad144116366,4294975373,1.36,0.0081,,,0.0460,168,0,0.00,0,0.11,2,0.057116,0.000000
pod,2026-03-02 11:04:23.772,hostnode,hn,search-6dfc557989-qjbl9,a1b75670-727f-4e89-92df-b40d967893d6,4294976423,0.06,0.0093,,,0.0140,6,0,0.00,0,0.00,0,0.001501,0.000000
pod,2026-03-02 11:04:23.772,hostnode,local-path-storage,local-path-provisioner-7dd969c95d-74d4t,a6ae812c-2f36-4242-951e-7c510528abdf,4294974169,0.00,0.0000,,,0.0000,0,0,0.00,0,0.00,0,0.000000,0.000000
pod,2026-03-02 11:04:23.772,hostnode,sn,url-shorten-mongodb-5b844598c6-fp9c7,a8cd873b-f644-410c-84de-9107a29e8a95,4294975163,2.39,0.0148,,,1.2810,162,0,0.00,0,0.07,2,0.053517,0.000000
pod,2026-03-02 11:04:23.772,hostnode,default,fuzzy-proof-2,aaae8af9-ce6d-4315-8571-0b20fd1508a3,4294976969,0.00,0.0000,,,0.0000,0,0,0.00,0,0.00,0,0.000000,0.000000
pod,2026-03-02 11:04:23.772,hostnode,monitoring,monitoring-kube-state-metrics-76b67dc76d-8q9gk,ad30444e-ccf1-472e-bbdf-808e7e5136d7,4295080271,0.06,0.0100,,,0.0150,6,0,0.00,0,0.00,0,0.002340,0.000000
pod,2026-03-02 11:04:23.772,hostnode,hn,rate-846d5c7957-7h6m6,ba1cc2cd-8a02-4c6c-bbdb-e783523c7a7d,4294976717,0.10,0.0079,,,0.0210,13,0,0.00,0,0.00,0,0.002717,0.000000
pod,2026-03-02 11:04:23.772,hostnode,sn,jaeger-5b7d8bb6fb-z8cnp,bb2cfec0-cd8a-4f5f-ad4d-eeeba610930f,4294974617,0.08,0.0087,,,0.0140,9,0,0.00,0,0.00,0,0.002171,0.000000
pod,2026-03-02 11:04:23.772,hostnode,sn,user-service-76d887dc94-bgj68,bf074cdf-70ff-4a02-abb0-d6d0be29abe2,4294974869,0.03,0.0070,,,0.0090,4,0,0.00,0,0.06,2,0.003240,0.000000
pod,2026-03-02 11:04:23.772,hostnode,hn,user-6c488f4d-hjphk,bf3df9a5-b422-4af5-864a-d651de48d26f,4294976801,0.09,0.0075,,,0.0130,12,0,0.00,0,0.00,0,0.002324,0.000000
pod,2026-03-02 11:04:23.772,hostnode,hn,frontend-74b855d7b8-7fbgr,c30245d8-5651-4f6b-a7d9-1712bf6e4e88,4294976045,0.05,0.0077,,,0.0130,6,0,0.00,0,0.00,0,0.001255,0.000000
pod,2026-03-02 11:04:23.772,hostnode,sn,text-service-66d6fd5c8b-v9k4t,c310a012-592c-495e-90f2-168aa1cee704,4294975205,0.00,0.0000,,,0.0000,0,0,0.00,0,0.00,0,0.000000,0.000000
pod,2026-03-02 11:04:23.772,hostnode,hn,profile-54f6c7d985-v5ghx,c57a536e-ce39-4941-aff4-622d8fe82651,4294976297,0.10,0.0071,,,0.0140,14,0,0.00,0,0.00,0,0.002671,0.000000
pod,2026-03-02 11:04:23.772,hostnode,sn,url-shorten-memcached-844b6d854f-f5m7l,d48a2e27-ce92-48da-9b79-fed0072b5dbf,4294974533,0.03,0.0087,,,0.0120,3,0,0.00,0,0.00,0,0.000839,0.000000
pod,2026-03-02 11:04:23.772,hostnode,monitoring,prometheus-monitoring-kube-prometheus-prometheus-0,d5eed4b3-8e52-4dc1-9c6e-da95a7b40277,4295080859,1.05,0.0065,,,0.0470,161,0,0.00,0,0.13,6,0.226256,0.000000
pod,2026-03-02 11:04:23.772,hostnode,sn,compose-post-service-5b5b7d59cc-4zs9g,d712ed1f-7a93-410f-82a6-ef80735a231c,4294974491,0.00,0.0000,,,0.0000,0,0,0.00,0,0.00,0,0.000000,0.000000
pod,2026-03-02 11:04:23.772,hostnode,sn,home-timeline-service-ff4b9db4f-vdjm5,da072777-52fd-4834-9c10-0ee0f82da1c9,4294974701,0.00,0.0000,,,0.0000,0,0,0.00,0,0.00,0,0.000000,0.000000
pod,2026-03-02 11:04:23.772,hostnode,sn,user-timeline-service-5454759db5-vnwvl,dc0f2321-e793-49e9-9ee1-937c87155298,4294974659,0.04,0.0112,,,0.0150,4,0,0.00,0,0.08,2,0.004233,0.000000
pod,2026-03-02 11:04:23.772,hostnode,kube-system,kube-proxy-49fw8,dc101e1d-3f1f-410b-b83e-ee7fac561bac,4294973996,0.00,0.0000,,,0.0000,0,0,0.00,0,0.00,0,0.000000,0.000000
pod,2026-03-02 11:04:23.772,hostnode,kube-system,calico-node-87zh8,dcafcb5d-4d9d-4a0a-a50e-9b777755abe1,4294974038,4.31,0.0083,,,0.0570,520,0,0.00,0,0.00,0,0.103878,0.000000
pod,2026-03-02 11:04:23.772,hostnode,sn,post-storage-service-588b9754bb-cr94b,df7754d7-8bc5-4bec-8298-6777d24ad6ed,4294974911,0.04,0.0107,,,0.0130,4,0,0.00,0,0.06,2,0.002963,0.000000
pod,2026-03-02 11:04:23.772,hostnode,sn,media-mongodb-d697b6485-hzsvf,e142aae7-6ba9-48d3-b5bf-9d819ce77fac,4294974575,1.17,0.0072,,,0.0240,163,0,0.00,0,0.00,0,0.050133,0.000000
pod,2026-03-02 11:04:23.772,hostnode,sa,feedback-inference-6-6649d68c48-8w8x2,e2decc3f-3382-4912-8838-e68559a26a98,4294975751,0.11,0.0075,,,0.0130,15,0,0.00,0,0.00,0,0.010613,0.000000
pod,2026-03-02 11:04:23.772,hostnode,monitoring,prometheus-monitoring-kube-prometheus-prometheus-1,e702e69f-594f-4926-a262-6e6c1f000dcd,4295081642,0.71,0.0071,,,0.0170,100,0,0.00,0,0.04,1,0.176033,0.000000
pod,2026-03-02 11:04:23.772,hostnode,hn,consul-5f547dd555-vbfn4,ed5acd96-1b5b-4f18-8762-f8b4a711aa55,4294976255,4.01,0.0106,,,0.9140,379,0,0.00,0,0.00,0,0.077111,0.000000
pod,2026-03-02 11:04:23.772,hostnode,sn,post-storage-mongodb-5bb6bd964c-qrnwb,ed9d9c33-6043-4865-9dbb-2ba38d33338a,4294975457,2.81,0.0170,,,1.4100,165,0,0.00,0,0.09,2,0.050730,0.000000
pod,2026-03-02 11:04:23.772,hostnode,hn,memcached-rate-6b6b8fc64b-j4mtd,f33aa9b9-0098-4bab-af1f-d9f4580bdcca,4294976087,0.04,0.0117,,,0.0170,3,0,0.00,0,0.00,0,0.000985,0.000000
pod,2026-03-02 11:04:23.772,hostnode,sn,unique-id-service-c5567d7f5-98pmc,f5e5cd76-4c56-44db-b87d-8c5f1188c68e,4294974785,0.00,0.0000,,,0.0000,0,0,0.00,0,0.00,0,0.000000,0.000000
pod,2026-03-02 11:04:23.772,hostnode,sn,post-storage-memcached-58c9f787f-454vt,f76ac518-c32c-48c1-a2c6-1dcb17dbcbef,4294975583,0.04,0.0063,,,0.0080,6,0,0.00,0,0.00,0,0.001031,0.000000
pod,2026-03-02 11:04:23.772,hostnode,monitoring,monitoring-kube-prometheus-operator-fbbbd799-pcnxn,f8959bf3-7786-4a44-945d-eff1c489992a,4295080313,0.48,0.0071,,,0.0200,67,0,0.00,0,0.00,0,0.010843,0.000000
pod,2026-03-02 11:04:23.772,hostnode,kube-system,coredns-5ddd84546d-vpwgd,fa8a2c26-1ab8-41c4-8317-ac2e6d17ed89,4294974278,0.15,0.0081,,,0.0180,18,0,0.00,0,0.10,6,0.008211,0.000000
pod,2026-03-02 11:04:23.772,hostnode,sn,user-memcached-8cc658895-bj2wf,fc7fd578-af0d-4bb8-9e88-5d60e166f1d4,4294975541,0.04,0.0065,,,0.0090,6,0,0.00,0,0.00,0,0.001031,0.000000
node,2026-03-02 11:04:24.772,hostnode,,,,,294.67,0.0117,0.0150,0.0150,5.2990,25255,1,2.27,14,4.37,211,14.953988,0.294939
pod,2026-03-02 11:04:24.772,hostnode,sa,feedback-inference-4-bcdcc4954-nscth,0150e3da-bbb2-44fc-98a6-deb41f36babb,4294975919,0.11,0.0079,,,0.0120,14,0,0.00,0,0.00,0,0.009601,0.000000
pod,2026-03-02 11:04:24.772,hostnode,sn,user-timeline-redis-666c98cb6-2pp72,02f33c1a-7b7d-4b1d-affc-3d48159aa4e1,4294975499,0.07,0.0073,,,0.0150,10,0,0.00,0,0.00,0,0.006362,0.000000
pod,2026-03-02 11:04:24.772,hostnode,hn,recommendation-6fd4576595-qzp7p,03b217b1-3eb0-43df-82d5-903db410307f,4294976759,0.13,0.0076,,,0.0150,17,0,0.00,0,0.00,0,0.003077,0.000000
pod,2026-03-02 11:04:24.772,hostnode,hn,memcached-profile-66685f65f-6q9lm,05600750-6235-4cea-a85f-768f670b18ee,4294976129,0.02,0.0070,,,0.0090,3,0,0.00,0,0.00,0,0.000854,0.000000
pod,2026-03-02 11:04:24.772,hostnode,default,fuzzy-proof-4,09dd6cba-ae69-4561-9fcc-a8fbc26b78fc,4294976885,0.00,0.0000,,,0.0000,0,0,0.00,0,0.00,0,0.000000,0.000000
pod,2026-03-02 11:04:24.772,hostnode,hn,reservation-7b7956cd6b-w78wd,0bcb305f-c199-4f79-8255-5bfd30011440,4294976591,0.11,0.0079,,,0.0200,14,0,0.00,0,0.00,0,0.002323,0.000000
pod,2026-03-02 11:04:24.772,hostnode,sn,user-mongodb-dcb5fbc96-p8vbh,0f8edb85-6f09-4967-834b-c4e29026ce53,4294975247,3.22,0.0197,,,1.2760,163,0,0.00,0,0.10,2,0.051383,0.000000
pod,2026-03-02 11:04:24.772,hostnode,sa,feedback-inference-3-bbfcf6979-nc9n2,11c2484c-ee59-4cf1-b235-e5f0bea30e4b,4294975877,0.10,0.0070,,,0.0180,14,0,0.00,0,0.00,0,0.009101,0.000000
pod,2026-03-02 11:04:24.772,hostnode,default,consul-5f547dd555-5fphc,138143ae-daea-4128-92ae-7c247466d7d4,4294975961,4.74,0.0116,,,0.7240,407,0,0.00,0,0.04,5,0.087155,0.000000
pod,2026-03-02 11:04:24.772,hostnode,sn,social-graph-redis-545664784f-hj79p,13e148d0-b339-49ee-b0ce-b37559cd27c6,4294974447,0.06,0.0063,,,0.0090,10,0,0.00,0,0.00,0,0.006993,0.000000
pod,2026-03-02 11:04:24.772,hostnode,hn,mongodb-recommendation-98859d4d7-z5qfb,1514f4ec-f718-4bec-a3e8-bea39d0fedd1,4294976675,0.34,0.0090,,,0.0310,38,0,0.00,0,0.00,0,0.020748,0.000000
pod,2026-03-02 11:04:24.772,hostnode,ksense,ksense-5rfvq,1893397c-8b62-4aea-8a5e-d5c5032d91f8,4294989630,0.22,0.0072,,,0.0180,31,0,0.00,0,0.18,9,7.860755,0.000000
pod,2026-03-02 11:04:24.772,hostnode,sn,social-graph-mongodb-6bf674bf9-vq4jm,1c0ce9e4-e1fb-455a-976e-11005acce9d0,4294974953,1.14,0.0069,,,0.0220,165,0,0.00,0,0.11,2,0.054666,0.000000
pod,2026-03-02 11:04:24.772,hostnode,hn,jaeger-b49ccf55-rbg7n,1e3eeb12-a307-41de-92ee-7ec930767d58,4294976381,0.02,0.0070,,,0.0070,3,0,0.00,0,0.00,0,0.000592,0.000000
pod,2026-03-02 11:04:24.772,hostnode,kube-system,calico-kube-controllers-5b9b456c66-qz22s,247149cd-61e5-4048-a7ef-75de96589398,4294974080,0.09,0.0067,,,0.0200,14,0,0.00,0,0.00,0,0.001592,0.000000
pod,2026-03-02 11:04:24.772,hostnode,hn,mongodb-user-86f7788f59-vwx8w,24987f22-ac3e-4037-b7e4-674696f71bfe,4294976843,0.28,0.0075,,,0.0200,37,0,0.00,0,0.00,0,0.016909,0.000000
pod,2026-03-02 11:04:24.772,hostnode,sn,nginx-thrift-7f6f5d6b69-74vws,2d8ff9cc-73b2-47da-b0da-657ba9857d06,4294975289,0.00,0.0000,,,0.0000,0,0,0.00,0,0.00,0,0.000000,0.000000
pod,2026-03-02 11:04:24.772,hostnode,hn,memcached-reserve-66b4d9f986-twx7c,2e8cef70-b460-406c-822d-006e7c0c71a4,4294976171,0.03,0.0066,,,0.0110,5,0,0.00,0,0.00,0,0.001008,0.000000
pod,2026-03-02 11:04:24.772,hostnode,monitoring,monitoring-prometheus-node-exporter-679rr,309bc67f-0f97-4902-8e57-5f369481d878,4295080229,0.00,0.0000,,,0.0000,0,0,0.00,0,0.00,0,0.000000,0.000000
pod,2026-03-02 11:04:24.772,hostnode,hn,geo-75469c5bc9-b6l8f,4615d84f-8e28-403b-af02-b8c6c579361d,4294976003,0.11,0.0090,,,0.0190,12,0,0.00,0,0.00,0,0.002977,0.000000
pod,2026-03-02 11:04:24.772,hostnode,hn,mongodb-reservation-8566bbcb4f-rmkm5,5557386c-9898-4425-8979-6492e67868ee,4294976549,0.28,0.0072,,,0.0180,39,0,0.00,0,0.00,0,0.019863,0.000000
pod,2026-03-02 11:04:24.772,hostnode,sn,social-graph-service-6b48d496c6-flfvk,56f4636a-d485-4728-9bb6-0e7977b14a71,4294974995,0.04,0.0105,,,0.0140,4,0,0.00,0,0.07,2,0.003700,0.000000
pod,2026-03-02 11:04:24.772,hostnode,ksense,fuzzy-scheduler-55c7fbbd75-xnggn,58bdb2da-a465-4653-b30a-5f823bd79594,4295063948,0.69,0.0071,,,0.0240,97,0,0.00,0,0.00,0,0.018455,0.000000
pod,2026-03-02 11:04:24.772,hostnode,sn,user-mention-service-77b4dc8db6-qqb2p,5da702aa-5da1-48a1-a861-a28a962145a8,4294975121,0.00,0.0000,,,0.0000,0,0,0.00,0,0.00,0,0.000000,0.000000
pod,2026-03-02 11:04:24.772,hostnode,sa,feedback-inference-2-867b854976-qrcmg,63ea3062-c44d-4786-b84c-d210df45b2f8,4294975793,0.10,0.0069,,,0.0150,14,0,0.00,0,0.00,0,0.009062,0.000000
pod,2026-03-02 11:04:24.772,hostnode,hn,mongodb-rate-78677645d4-4v2h5,66c8e931-7fa3-448a-8822-0b2db155e788,4294976633,0.26,0.0069,,,0.0140,38,0,0.00,0,0.00,0,0.017579,0.000000
pod,2026-03-02 11:04:24.772,hostnode,sa,feedback-inference-1-6b858c77b9-99c4j,6a98d5b2-6ae0-4348-ba84-d32a8010d14b,4294975625,0.10,0.0073,,,0.0140,14,0,0.00,0,0.00,0,0.010655,0.000000
pod,2026-03-02 11:04:24.772,hostnode,sn,media-frontend-6bd9df9d6d-5vf4w,6be52f8a-5cf7-4c4d-a9cf-b851c52694e7,4294975077,0.00,0.0000,,,0.0000,0,0,0.00,0,0.00,0,0.000000,0.000000
pod,2026-03-02 11:04:24.772,hostnode,sn,media-memcached-657c8b4cdf-4cc9x,6d187294-14f3-4f11-b66b-6f178abedac4,4294974743,0.03,0.0083,,,0.0120,3,0,0.00,0,0.00,0,0.000823,0.000000
pod,2026-03-02 11:04:24.772,hostnode,monitoring,alertmanager-monitoring-kube-prometheus-alertmanager-0,70957292-81e5-4ffe-b8ad-b44e4de4b326,4295080817,0.00,0.0000,,,0.0000,0,0,0.00,0,0.00,0,0.000000,0.000000
pod,2026-03-02 11:04:24.772,hostnode,sn,media-service-68f5f7ccbf-ks945,76c3a8df-aede-4a5f-b8bd-e74ce509a7e6,4294975331,0.00,0.0000,,,0.0000,0,0,0.00,0,0.00,0,0.000000,0.000000
pod,2026-03-02 11:04:24.772,hostnode,sn,home-timeline-redis-698c8bc65d-4c45h,79688f0b-7ab6-4f35-8438-aec8c8300d03,4294974827,0.07,0.0075,,,0.0130,10,0,0.00,0,0.00,0,0.006523,0.000000
pod,2026-03-02 11:04:24.772,hostnode,sa,feedback-inference-7-8f6cf7999-f5qn4,7aa819af-f314-4532-a0f4-c5e2a11fc6ef,4294975835,0.10,0.0068,,,0.0100,14,0,0.00,0,0.00,0,0.011347,0.000000
pod,2026-03-02 11:04:24.772,hostnode,monitoring,monitoring-grafana-67776b6b66-sxl62,7bda2edc-62de-4b78-aa7c-8a99331d9370,4295080355,0.93,0.0096,,,0.0430,97,0,0.00,0,0.00,0,0.024386,0.000000
pod,2026-03-02 11:04:24.772,hostnode,default,feedback-inference-5c9b57cc5f-mpxx5,7d6b10a5-b07a-4b60-8c9d-7d0462b491f0,4294975709,0.10,0.0066,,,0.0090,15,0,0.00,0,0.00,0,0.010093,0.000000
pod,2026-03-02 11:04:24.772,hostnode,kube-system,selling-resource-scheduler-7cc89db49c-ns9jm,894845d8-cc58-483b-bbf2-260807dd8e81,4294974127,0.00,0.0000,,,0.0000,0,0,0.00,0,0.00,0,0.000000,0.000000
pod,2026-03-02 11:04:24.772,hostnode,sa,feedback-inference-5-596d5b64b9-sw9t7,898a0bea-057b-41e9-bedf-78eae2237e12,4294975667,0.10,0.0075,,,0.0140,14,0,0.00,0,0.00,0,0.009993,0.000000
pod,2026-03-02 11:04:24.772,hostnode,default,fuzzy-proof-1,8adacebd-6468-43f9-bad1-e7258d23d25b,4294977053,0.00,0.0000,,,0.0000,0,0,0.00,0,0.00,0,0.000000,0.000000
pod,2026-03-02 11:04:24.772,hostnode,hn,mongodb-profile-57b898f69-869rl,8c3bade4-b9e1-44f3-bdaa-e8f9a77e60b6,4294976339,1.49,0.0437,,,1.2140,34,0,0.00,0,0.00,0,0.020425,0.000000
pod,2026-03-02 11:04:24.772,hostnode,hn,mongodb-geo-5cf4479bd9-4tflp,8c63a64e-3582-4fa5-a1a2-9d52222005c7,4294976213,0.30,0.0079,,,0.0160,38,0,0.00,0,0.00,0,0.020132,0.000000
pod,2026-03-02 11:04:24.772,hostnode,kube-system,metrics-server-7fbfbcc44c-57twc,8e0cbdb2-8b37-43d7-bd2e-e7bc88f71486,4294974340,0.85,0.0077,,,0.0210,111,0,0.04,1,0.22,4,0.038095,0.000000
pod,2026-03-02 11:04:24.772,hostnode,default,fuzzy-proof-5,95708664-be88-4490-ba1e-7092ec6ba570,4294977011,0.00,0.0000,,,0.0000,0,0,0.00,0,0.00,0,0.000000,0.000000
pod,2026-03-02 11:04:24.772,hostnode,kube-system,coredns-5ddd84546d-cscpm,957aa029-5b70-4fcf-bf3e-194e127920be,4294974221,0.21,0.0087,,,0.0190,24,0,0.00,0,0.08,6,0.009654,0.000000
pod,2026-03-02 11:04:24.772,hostnode,sn,url-shorten-service-5576f95bc-dlkwp,970ae5df-45da-47b3-9c77-f2aaf6297dd0,4294975415,0.04,0.0103,,,0.0140,4,0,0.00,0,0.08,2,0.003462,0.000000
pod,2026-03-02 11:04:24.772,hostnode,default,fuzzy-proof-3,9bb793d0-cf0f-4e92-ab39-a1f6b2a25f81,4294976927,0.00,0.0000,,,0.0000,0,0,0.00,0,0.00,0,0.000000,0.000000
pod,2026-03-02 11:04:24.772,hostnode,ksense,collector-name-sample,9f3d30b5-8cbf-41cc-bc8d-b5d893e029dc,4295117360,0.01,0.0130,,,0.0130,1,0,0.00,0,0.00,0,0.077105,0.000000
pod,2026-03-02 11:04:24.772,hostnode,sn,user-timeline-mongodb-76c59d86fb-f292x,a152d98d-6f60-4ea7-a931-fad144116366,4294975373,1.62,0.0095,,,0.2880,170,0,0.00,0,0.10,2,0.055565,0.000000
pod,2026-03-02 11:04:24.772,hostnode,hn,search-6dfc557989-qjbl9,a1b75670-727f-4e89-92df-b40d967893d6,4294976423,0.05,0.0088,,,0.0130,6,0,0.00,0,0.00,0,0.001308,0.000000
pod,2026-03-02 11:04:24.772,hostnode,local-path-storage,local-path-provisioner-7dd969c95d-74d4t,a6ae812c-2f36-4242-951e-7c510528abdf,4294974169,0.00,0.0000,,,0.0000,0,0,0.00,0,0.00,0,0.000000,0.000000
pod,2026-03-02 11:04:24.772,hostnode,sn,url-shorten-mongodb-5b844598c6-fp9c7,a8cd873b-f644-410c-84de-9107a29e8a95,4294975163,2.43,0.0151,,,1.2490,161,0,0.00,0,0.07,2,0.052714,0.000000
pod,2026-03-02 11:04:24.772,hostnode,default,fuzzy-proof-2,aaae8af9-ce6d-4315-8571-0b20fd1508a3,4294976969,0.00,0.0000,,,0.0000,0,0,0.00,0,0.00,0,0.000000,0.000000
pod,2026-03-02 11:04:24.772,hostnode,monitoring,monitoring-kube-state-metrics-76b67dc76d-8q9gk,ad30444e-ccf1-472e-bbdf-808e7e5136d7,4295080271,0.30,0.0114,,,0.0310,26,0,0.00,0,0.06,2,0.011832,0.000000
pod,2026-03-02 11:04:24.772,hostnode,hn,rate-846d5c7957-7h6m6,ba1cc2cd-8a02-4c6c-bbdb-e783523c7a7d,4294976717,0.12,0.0105,,,0.0190,11,0,0.00,0,0.00,0,0.002516,0.000000
pod,2026-03-02 11:04:24.772,hostnode,sn,jaeger-5b7d8bb6fb-z8cnp,bb2cfec0-cd8a-4f5f-ad4d-eeeba610930f,4294974617,0.06,0.0093,,,0.0140,6,0,0.00,0,0.00,0,0.001516,0.000000
pod,2026-03-02 11:04:24.772,hostnode,sn,user-service-76d887dc94-bgj68,bf074cdf-70ff-4a02-abb0-d6d0be29abe2,4294974869,0.05,0.0125,,,0.0180,4,0,0.00,0,0.08,2,0.003624,0.000000
pod,2026-03-02 11:04:24.772,hostnode,hn,user-6c488f4d-hjphk,bf3df9a5-b422-4af5-864a-d651de48d26f,4294976801,0.08,0.0069,,,0.0140,11,0,0.00,0,0.00,0,0.001923,0.000000
pod,2026-03-02 11:04:24.772,hostnode,hn,frontend-74b855d7b8-7fbgr,c30245d8-5651-4f6b-a7d9-1712bf6e4e88,4294976045,0.03,0.0067,,,0.0100,4,0,0.00,0,0.00,0,0.000800,0.000000
pod,2026-03-02 11:04:24.772,hostnode,sn,text-service-66d6fd5c8b-v9k4t,c310a012-592c-495e-90f2-168aa1cee704,4294975205,0.00,0.0000,,,0.0000,0,0,0.00,0,0.00,0,0.000000,0.000000
pod,2026-03-02 11:04:24.772,hostnode,hn,profile-54f6c7d985-v5ghx,c57a536e-ce39-4941-aff4-622d8fe82651,4294976297,0.08,0.0065,,,0.0170,12,0,0.00,0,0.00,0,0.002031,0.000000
pod,2026-03-02 11:04:24.772,hostnode,sn,url-shorten-memcached-844b6d854f-f5m7l,d48a2e27-ce92-48da-9b79-fed0072b5dbf,4294974533,0.03,0.0060,,,0.0080,5,0,0.00,0,0.00,0,0.000916,0.000000
pod,2026-03-02 11:04:24.772,hostnode,monitoring,prometheus-monitoring-kube-prometheus-prometheus-0,d5eed4b3-8e52-4dc1-9c6e-da95a7b40277,4295080859,1.38,0.0070,,,0.2060,197,0,0.00,0,0.12,2,0.068801,0.000000
pod,2026-03-02 11:04:24.772,hostnode,sn,compose-post-service-5b5b7d59cc-4zs9g,d712ed1f-7a93-410f-82a6-ef80735a231c,4294974491,0.00,0.0000,,,0.0000,0,0,0.00,0,0.00,0,0.000000,0.000000
pod,2026-03-02 11:04:24.772,hostnode,sn,home-timeline-service-ff4b9db4f-vdjm5,da072777-52fd-4834-9c10-0ee0f82da1c9,4294974701,0.00,0.0000,,,0.0000,0,0,0.00,0,0.00,0,0.000000,0.000000
pod,2026-03-02 11:04:24.772,hostnode,sn,user-timeline-service-5454759db5-vnwvl,dc0f2321-e793-49e9-9ee1-937c87155298,4294974659,0.06,0.0138,,,0.0210,4,0,0.00,0,0.08,2,0.003808,0.000000
pod,2026-03-02 11:04:24.772,hostnode,kube-system,kube-proxy-49fw8,dc101e1d-3f1f-410b-b83e-ee7fac561bac,4294973996,0.00,0.0000,,,0.0000,0,0,0.00,0,0.00,0,0.000000,0.000000
pod,2026-03-02 11:04:24.772,hostnode,kube-system,calico-node-87zh8,dcafcb5d-4d9d-4a0a-a50e-9b777755abe1,4294974038,4.46,0.0087,,,0.3990,513,0,0.00,0,0.00,0,0.099642,0.000000
pod,2026-03-02 11:04:24.772,hostnode,sn,post-storage-service-588b9754bb-cr94b,df7754d7-8bc5-4bec-8298-6777d24ad6ed,4294974911,0.03,0.0083,,,0.0090,4,0,0.00,0,0.07,2,0.002839,0.000000
pod,2026-03-02 11:04:24.772,hostnode,sn,media-mongodb-d697b6485-hzsvf,e142aae7-6ba9-48d3-b5bf-9d819ce77fac,4294974575,1.23,0.0072,,,0.0380,169,0,0.00,0,0.00,0,0.050072,0.000000
pod,2026-03-02 11:04:24.772,hostnode,sa,feedback-inference-6-6649d68c48-8w8x2,e2decc3f-3382-4912-8838-e68559a26a98,4294975751,0.10,0.0074,,,0.0130,14,0,0.00,0,0.00,0,0.008787,0.000000
pod,2026-03-02 11:04:24.772,hostnode,monitoring,prometheus-monitoring-kube-prometheus-prometheus-1,e702e69f-594f-4926-a262-6e6c1f000dcd,4295081642,0.17,0.0087,,,0.0200,20,0,0.00,0,0.00,0,0.027977,0.000000
pod,2026-03-02 11:04:24.772,hostnode,hn,consul-5f547dd555-vbfn4,ed5acd96-1b5b-4f18-8762-f8b4a711aa55,4294976255,3.39,0.0089,,,0.3040,381,0,0.00,0,0.04,4,0.079514,0.000000
pod,2026-03-02 11:04:24.772,hostnode,sn,post-storage-mongodb-5bb6bd964c-qrnwb,ed9d9c33-6043-4865-9dbb-2ba38d33338a,4294975457,1.27,0.0076,,,0.0200,168,0,0.00,0,0.09,2,0.052437,0.000000
pod,2026-03-02 11:04:24.772,hostnode,hn,memcached-rate-6b6b8fc64b-j4mtd,f33aa9b9-0098-4bab-af1f-d9f4580bdcca,4294976087,0.04,0.0086,,,0.0130,5,0,0.00,0,0.00,0,0.001085,0.000000
pod,2026-03-02 11:04:24.772,hostnode,sn,unique-id-service-c5567d7f5-98pmc,f5e5cd76-4c56-44db-b87d-8c5f1188c68e,4294974785,0.00,0.0000,,,0.0000,0,0,0.00,0,0.00,0,0.000000,0.000000
pod,2026-03-02 11:04:24.772,hostnode,sn,post-storage-memcached-58c9f787f-454vt,f76ac518-c32c-48c1-a2c6-1dcb17dbcbef,4294975583,0.06,0.0092,,,0.0140,6,0,0.00,0,0.00,0,0.001146,0.000000
pod,2026-03-02 11:04:24.772,hostnode,monitoring,monitoring-kube-prometheus-operator-fbbbd799-pcnxn,f8959bf3-7786-4a44-945d-eff1c489992a,4295080313,4.06,0.0185,,,0.6540,219,0,0.00,0,0.07,3,0.180610,0.000000
pod,2026-03-02 11:04:24.772,hostnode,kube-system,coredns-5ddd84546d-vpwgd,fa8a2c26-1ab8-41c4-8317-ac2e6d17ed89,4294974278,0.21,0.0116,,,0.0200,18,0,0.00,0,0.07,6,0.008880,0.000000
pod,2026-03-02 11:04:24.772,hostnode,sn,user-memcached-8cc658895-bj2wf,fc7fd578-af0d-4bb8-9e88-5d60e166f1d4,4294975541,0.04,0.0065,,,0.0110,6,0,0.00,0,0.00,0,0.000939,0.000000
node,2026-03-02 11:04:25.772,hostnode,,,,,228.09,0.0127,0.0150,0.0150,4.2440,17914,1,2.45,19,3.51,147,14.032382,0.161166
pod,2026-03-02 11:04:25.772,hostnode,sa,feedback-inference-4-bcdcc4954-nscth,0150e3da-bbb2-44fc-98a6-deb41f36babb,4294975919,0.11,0.0076,,,0.0210,14,0,0.00,0,0.00,0,0.010283,0.000000
pod,2026-03-02 11:04:25.772,hostnode,sn,user-timeline-redis-666c98cb6-2pp72,02f33c1a-7b7d-4b1d-affc-3d48159aa4e1,4294975499,0.07,0.0071,,,0.0090,10,0,0.00,0,0.00,0,0.006661,0.000000
pod,2026-03-02 11:04:25.772,hostnode,hn,recommendation-6fd4576595-qzp7p,03b217b1-3eb0-43df-82d5-903db410307f,4294976759,0.10,0.0075,,,0.0240,13,0,0.00,0,0.00,0,0.002400,0.000000
pod,2026-03-02 11:04:25.772,hostnode,hn,memcached-profile-66685f65f-6q9lm,05600750-6235-4cea-a85f-768f670b18ee,4294976129,0.05,0.0104,,,0.0250,5,0,0.00,0,0.00,0,0.001277,0.000000
pod,2026-03-02 11:04:25.772,hostnode,default,fuzzy-proof-4,09dd6cba-ae69-4561-9fcc-a8fbc26b78fc,4294976885,0.00,0.0000,,,0.0000,0,0,0.00,0,0.00,0,0.000000,0.000000
pod,2026-03-02 11:04:25.772,hostnode,hn,reservation-7b7956cd6b-w78wd,0bcb305f-c199-4f79-8255-5bfd30011440,4294976591,0.09,0.0077,,,0.0140,11,0,0.00,0,0.00,0,0.002354,0.000000
pod,2026-03-02 11:04:25.772,hostnode,sn,user-mongodb-dcb5fbc96-p8vbh,0f8edb85-6f09-4967-834b-c4e29026ce53,4294975247,1.22,0.0076,,,0.0730,161,0,0.00,0,0.08,2,0.069176,0.000000
pod,2026-03-02 11:04:25.772,hostnode,sa,feedback-inference-3-bbfcf6979-nc9n2,11c2484c-ee59-4cf1-b235-e5f0bea30e4b,4294975877,0.10,0.0071,,,0.0150,14,0,0.00,0,0.00,0,0.009576,0.000000
pod,2026-03-02 11:04:25.772,hostnode,default,consul-5f547dd555-5fphc,138143ae-daea-4128-92ae-7c247466d7d4,4294975961,3.22,0.0082,,,0.1520,394,0,0.00,0,0.00,0,0.075544,0.000000
pod,2026-03-02 11:04:25.772,hostnode,sn,social-graph-redis-545664784f-hj79p,13e148d0-b339-49ee-b0ce-b37559cd27c6,4294974447,0.08,0.0083,,,0.0210,10,0,0.00,0,0.00,0,0.007207,0.000000
pod,2026-03-02 11:04:25.772,hostnode,hn,mongodb-recommendation-98859d4d7-z5qfb,1514f4ec-f718-4bec-a3e8-bea39d0fedd1,4294976675,0.27,0.0071,,,0.0150,38,0,0.00,0,0.00,0,0.041102,0.002700
pod,2026-03-02 11:04:25.772,hostnode,ksense,ksense-5rfvq,1893397c-8b62-4aea-8a5e-d5c5032d91f8,4294989630,0.46,0.0102,,,0.0590,45,0,0.18,1,0.00,0,7.861303,0.000000
pod,2026-03-02 11:04:25.772,hostnode,sn,social-graph-mongodb-6bf674bf9-vq4jm,1c0ce9e4-e1fb-455a-976e-11005acce9d0,4294974953,4.23,0.0266,,,2.4140,159,0,0.00,0,0.10,2,0.077055,0.000000
pod,2026-03-02 11:04:25.772,hostnode,hn,jaeger-b49ccf55-rbg7n,1e3eeb12-a307-41de-92ee-7ec930767d58,4294976381,0.02,0.0073,,,0.0100,3,0,0.00,0,0.00,0,0.000700,0.000000
pod,2026-03-02 11:04:25.772,hostnode,kube-system,calico-kube-controllers-5b9b456c66-qz22s,247149cd-61e5-4048-a7ef-75de96589398,4294974080,0.00,0.0000,,,0.0000,0,0,0.00,0,0.00,0,0.000000,0.000000
pod,2026-03-02 11:04:25.772,hostnode,hn,mongodb-user-86f7788f59-vwx8w,24987f22-ac3e-4037-b7e4-674696f71bfe,4294976843,0.28,0.0073,,,0.0160,38,0,0.00,0,0.00,0,0.019829,0.000000
pod,2026-03-02 11:04:25.772,hostnode,sn,nginx-thrift-7f6f5d6b69-74vws,2d8ff9cc-73b2-47da-b0da-657ba9857d06,4294975289,0.00,0.0000,,,0.0000,0,0,0.00,0,0.00,0,0.000000,0.000000
pod,2026-03-02 11:04:25.772,hostnode,hn,memcached-reserve-66b4d9f986-twx7c,2e8cef70-b460-406c-822d-006e7c0c71a4,4294976171,0.04,0.0073,,,0.0150,6,0,0.00,0,0.00,0,0.001215,0.000000
pod,2026-03-02 11:04:25.772,hostnode,monitoring,monitoring-prometheus-node-exporter-679rr,309bc67f-0f97-4902-8e57-5f369481d878,4295080229,0.00,0.0000,,,0.0000,0,0,0.00,0,0.00,0,0.000000,0.000000
pod,2026-03-02 11:04:25.772,hostnode,hn,geo-75469c5bc9-b6l8f,4615d84f-8e28-403b-af02-b8c6c579361d,4294976003,0.25,0.0092,,,0.0220,27,0,0.00,0,0.05,1,0.007330,0.000000
pod,2026-03-02 11:04:25.772,hostnode,hn,mongodb-reservation-8566bbcb4f-rmkm5,5557386c-9898-4425-8979-6492e67868ee,4294976549,0.29,0.0075,,,0.0210,39,0,0.00,0,0.00,0,0.037451,0.000000
pod,2026-03-02 11:04:25.772,hostnode,sn,social-graph-service-6b48d496c6-flfvk,56f4636a-d485-4728-9bb6-0e7977b14a71,4294974995,0.03,0.0077,,,0.0100,4,0,0.00,0,0.07,2,0.003469,0.000000
pod,2026-03-02 11:04:25.772,hostnode,ksense,fuzzy-scheduler-55c7fbbd75-xnggn,58bdb2da-a465-4653-b30a-5f823bd79594,4295063948,0.38,0.0081,,,0.0240,47,0,0.00,0,0.00,0,0.011291,0.000000
pod,2026-03-02 11:04:25.772,hostnode,sn,user-mention-service-77b4dc8db6-qqb2p,5da702aa-5da1-48a1-a861-a28a962145a8,4294975121,0.00,0.0000,,,0.0000,0,0,0.00,0,0.00,0,0.000000,0.000000
pod,2026-03-02 11:04:25.772,hostnode,sa,feedback-inference-2-867b854976-qrcmg,63ea3062-c44d-4786-b84c-d210df45b2f8,4294975793,0.11,0.0077,,,0.0120,14,0,0.00,0,0.00,0,0.009214,0.000000
pod,2026-03-02 11:04:25.772,hostnode,hn,mongodb-rate-78677645d4-4v2h5,66c8e931-7fa3-448a-8822-0b2db155e788,4294976633,0.37,0.0104,,,0.0590,36,0,0.00,0,0.00,0,0.018113,0.000000
pod,2026-03-02 11:04:25.772,hostnode,sa,feedback-inference-1-6b858c77b9-99c4j,6a98d5b2-6ae0-4348-ba84-d32a8010d14b,4294975625,0.10,0.0075,,,0.0150,14,0,0.00,0,0.00,0,0.009976,0.000000
pod,2026-03-02 11:04:25.772,hostnode,sn,media-frontend-6bd9df9d6d-5vf4w,6be52f8a-5cf7-4c4d-a9cf-b851c52694e7,4294975077,0.00,0.0000,,,0.0000,0,0,0.00,0,0.00,0,0.000000,0.000000
pod,2026-03-02 11:04:25.772,hostnode,sn,media-memcached-657c8b4cdf-4cc9x,6d187294-14f3-4f11-b66b-6f178abedac4,4294974743,0.04,0.0063,,,0.0110,6,0,0.00,0,0.00,0,0.001123,0.000000
pod,2026-03-02 11:04:25.772,hostnode,monitoring,alertmanager-monitoring-kube-prometheus-alertmanager-0,70957292-81e5-4ffe-b8ad-b44e4de4b326,4295080817,0.00,0.0000,,,0.0000,0,0,0.00,0,0.00,0,0.000000,0.000000
pod,2026-03-02 11:04:25.772,hostnode,sn,media-service-68f5f7ccbf-ks945,76c3a8df-aede-4a5f-b8bd-e74ce509a7e6,4294975331,0.00,0.0000,,,0.0000,0,0,0.00,0,0.00,0,0.000000,0.000000
pod,2026-03-02 11:04:25.772,hostnode,sn,home-timeline-redis-698c8bc65d-4c45h,79688f0b-7ab6-4f35-8438-aec8c8300d03,4294974827,0.08,0.0083,,,0.0150,10,0,0.00,0,0.00,0,0.008399,0.000000
pod,2026-03-02 11:04:25.772,hostnode,sa,feedback-inference-7-8f6cf7999-f5qn4,7aa819af-f314-4532-a0f4-c5e2a11fc6ef,4294975835,0.10,0.0071,,,0.0170,14,0,0.00,0,0.00,0,0.012468,0.000000
pod,2026-03-02 11:04:25.772,hostnode,monitoring,monitoring-grafana-67776b6b66-sxl62,7bda2edc-62de-4b78-aa7c-8a99331d9370,4295080355,1.10,0.0090,,,0.0240,122,0,0.00,0,0.00,0,0.031528,0.000000
pod,2026-03-02 11:04:25.772,hostnode,default,feedback-inference-5c9b57cc5f-mpxx5,7d6b10a5-b07a-4b60-8c9d-7d0462b491f0,4294975709,0.10,0.0071,,,0.0110,14,0,0.00,0,0.00,0,0.010084,0.000000
pod,2026-03-02 11:04:25.772,hostnode,kube-system,selling-resource-scheduler-7cc89db49c-ns9jm,894845d8-cc58-483b-bbf2-260807dd8e81,4294974127,0.00,0.0000,,,0.0000,0,0,0.00,0,0.00,0,0.000000,0.000000
pod,2026-03-02 11:04:25.772,hostnode,sa,feedback-inference-5-596d5b64b9-sw9t7,898a0bea-057b-41e9-bedf-78eae2237e12,4294975667,0.11,0.0081,,,0.0160,14,0,0.00,0,0.00,0,0.009492,0.000000
pod,2026-03-02 11:04:25.772,hostnode,default,fuzzy-proof-1,8adacebd-6468-43f9-bad1-e7258d23d25b,4294977053,0.00,0.0000,,,0.0000,0,0,0.00,0,0.00,0,0.000000,0.000000
pod,2026-03-02 11:04:25.772,hostnode,hn,mongodb-profile-57b898f69-869rl,8c3bade4-b9e1-44f3-bdaa-e8f9a77e60b6,4294976339,0.36,0.0094,,,0.0300,38,0,0.00,0,0.00,0,0.021192,0.000000
pod,2026-03-02 11:04:25.772,hostnode,hn,mongodb-geo-5cf4479bd9-4tflp,8c63a64e-3582-4fa5-a1a2-9d52222005c7,4294976213,1.73,0.0467,,,1.3280,37,0,0.00,0,0.04,1,0.020900,0.000000
pod,2026-03-02 11:04:25.772,hostnode,kube-system,metrics-server-7fbfbcc44c-57twc,8e0cbdb2-8b37-43d7-bd2e-e7bc88f71486,4294974340,0.48,0.0070,,,0.0270,68,0,0.00,0,0.00,0,0.012107,0.000000
pod,2026-03-02 11:04:25.772,hostnode,default,fuzzy-proof-5,95708664-be88-4490-ba1e-7092ec6ba570,4294977011,0.00,0.0000,,,0.0000,0,0,0.00,0,0.00,0,0.000000,0.000000
pod,2026-03-02 11:04:25.772,hostnode,kube-system,coredns-5ddd84546d-cscpm,957aa029-5b70-4fcf-bf3e-194e127920be,4294974221,0.14,0.0074,,,0.0120,19,0,0.00,0,0.09,6,0.008769,0.000000
pod,2026-03-02 11:04:25.772,hostnode,sn,url-shorten-service-5576f95bc-dlkwp,970ae5df-45da-47b3-9c77-f2aaf6297dd0,4294975415,0.05,0.0123,,,0.0230,4,0,0.00,0,0.09,2,0.003908,0.000000
pod,2026-03-02 11:04:25.772,hostnode,default,fuzzy-proof-3,9bb793d0-cf0f-4e92-ab39-a1f6b2a25f81,4294976927,0.00,0.0000,,,0.0000,0,0,0.00,0,0.00,0,0.000000,0.000000
pod,2026-03-02 11:04:25.772,hostnode,ksense,collector-name-sample,9f3d30b5-8cbf-41cc-bc8d-b5d893e029dc,4295117360,0.01,0.0070,,,0.0070,1,0,0.00,0,0.00,0,0.072901,0.000000
pod,2026-03-02 11:04:25.772,hostnode,sn,user-timeline-mongodb-76c59d86fb-f292x,a152d98d-6f60-4ea7-a931-fad144116366,4294975373,1.23,0.0075,,,0.0450,163,0,0.00,0,0.10,2,0.072293,0.000000
pod,2026-03-02 11:04:25.772,hostnode,hn,search-6dfc557989-qjbl9,a1b75670-727f-4e89-92df-b40d967893d6,4294976423,0.05,0.0098,,,0.0160,5,0,0.00,0,0.00,0,0.001369,0.000000
pod,2026-03-02 11:04:25.772,hostnode,local-path-storage,local-path-provisioner-7dd969c95d-74d4t,a6ae812c-2f36-4242-951e-7c510528abdf,4294974169,0.00,0.0000,,,0.0000,0,0,0.00,0,0.00,0,0.000000,0.000000
pod,2026-03-02 11:04:25.772,hostnode,sn,url-shorten-mongodb-5b844598c6-fp9c7,a8cd873b-f644-410c-84de-9107a29e8a95,4294975163,5.29,0.0317,,,3.9680,167,0,0.00,0,0.09,2,0.075801,0.000000
pod,2026-03-02 11:04:25.772,hostnode,default,fuzzy-proof-2,aaae8af9-ce6d-4315-8571-0b20fd1508a3,4294976969,0.00,0.0000,,,0.0000,0,0,0.00,0,0.00,0,0.000000,0.000000
pod,2026-03-02 11:04:25.772,hostnode,monitoring,monitoring-kube-state-metrics-76b67dc76d-8q9gk,ad30444e-ccf1-472e-bbdf-808e7e5136d7,4295080271,0.06,0.0102,,,0.0160,6,0,0.00,0,0.00,0,0.002300,0.000000
pod,2026-03-02 11:04:25.772,hostnode,hn,rate-846d5c7957-7h6m6,ba1cc2cd-8a02-4c6c-bbdb-e783523c7a7d,4294976717,0.09,0.0063,,,0.0120,14,0,0.00,0,0.00,0,0.002423,0.000000
pod,2026-03-02 11:04:25.772,hostnode,sn,jaeger-5b7d8bb6fb-z8cnp,bb2cfec0-cd8a-4f5f-ad4d-eeeba610930f,4294974617,0.08,0.0096,,,0.0160,8,0,0.00,0,0.00,0,0.001723,0.000000
pod,2026-03-02 11:04:25.772,hostnode,sn,user-service-76d887dc94-bgj68,bf074cdf-70ff-4a02-abb0-d6d0be29abe2,4294974869,0.04,0.0107,,,0.0150,4,0,0.00,0,0.08,2,0.003369,0.000000
pod,2026-03-02 11:04:25.772,hostnode,hn,user-6c488f4d-hjphk,bf3df9a5-b422-4af5-864a-d651de48d26f,4294976801,0.09,0.0067,,,0.0130,13,0,0.00,0,0.00,0,0.002315,0.000000
pod,2026-03-02 11:04:25.772,hostnode,hn,frontend-74b855d7b8-7fbgr,c30245d8-5651-4f6b-a7d9-1712bf6e4e88,4294976045,0.10,0.0074,,,0.0160,14,0,0.00,0,0.00,0,0.003892,0.000000
pod,2026-03-02 11:04:25.772,hostnode,sn,text-service-66d6fd5c8b-v9k4t,c310a012-592c-495e-90f2-168aa1cee704,4294975205,0.00,0.0000,,,0.0000,0,0,0.00,0,0.00,0,0.000000,0.000000
pod,2026-03-02 11:04:25.772,hostnode,hn,profile-54f6c7d985-v5ghx,c57a536e-ce39-4941-aff4-622d8fe82651,4294976297,0.10,0.0075,,,0.0130,13,0,0.00,0,0.00,0,0.002477,0.000000
pod,2026-03-02 11:04:25.772,hostnode,sn,url-shorten-memcached-844b6d854f-f5m7l,d48a2e27-ce92-48da-9b79-fed0072b5dbf,4294974533,0.04,0.0065,,,0.0100,6,0,0.00,0,0.00,0,0.001092,0.000000
pod,2026-03-02 11:04:25.772,hostnode,monitoring,prometheus-monitoring-kube-prometheus-prometheus-0,d5eed4b3-8e52-4dc1-9c6e-da95a7b40277,4295080859,0.95,0.0077,,,0.0180,123,0,0.00,0,0.15,2,0.104187,0.000000
pod,2026-03-02 11:04:25.772,hostnode,sn,compose-post-service-5b5b7d59cc-4zs9g,d712ed1f-7a93-410f-82a6-ef80735a231c,4294974491,0.00,0.0000,,,0.0000,0,0,0.00,0,0.00,0,0.000000,0.000000
pod,2026-03-02 11:04:25.772,hostnode,sn,home-timeline-service-ff4b9db4f-vdjm5,da072777-52fd-4834-9c10-0ee0f82da1c9,4294974701,0.00,0.0000,,,0.0000,0,0,0.00,0,0.00,0,0.000000,0.000000
pod,2026-03-02 11:04:25.772,hostnode,sn,user-timeline-service-5454759db5-vnwvl,dc0f2321-e793-49e9-9ee1-937c87155298,4294974659,0.06,0.0145,,,0.0230,4,0,0.00,0,0.08,2,0.003639,0.000000
pod,2026-03-02 11:04:25.772,hostnode,kube-system,kube-proxy-49fw8,dc101e1d-3f1f-410b-b83e-ee7fac561bac,4294973996,0.10,0.0050,,,0.0170,20,0,0.00,0,0.00,0,0.001954,0.000000
pod,2026-03-02 11:04:25.772,hostnode,kube-system,calico-node-87zh8,dcafcb5d-4d9d-4a0a-a50e-9b777755abe1,4294974038,7.30,0.0113,,,0.8040,645,0,0.24,2,0.00,0,0.329026,0.000000
pod,2026-03-02 11:04:25.772,hostnode,sn,post-storage-service-588b9754bb-cr94b,df7754d7-8bc5-4bec-8298-6777d24ad6ed,4294974911,0.07,0.0173,,,0.0400,4,0,0.00,0,0.08,2,0.002800,0.000000
pod,2026-03-02 11:04:25.772,hostnode,sn,media-mongodb-d697b6485-hzsvf,e142aae7-6ba9-48d3-b5bf-9d819ce77fac,4294974575,2.39,0.0151,,,0.5630,159,0,0.00,0,0.00,0,0.072518,0.000000
pod,2026-03-02 11:04:25.772,hostnode,sa,feedback-inference-6-6649d68c48-8w8x2,e2decc3f-3382-4912-8838-e68559a26a98,4294975751,0.10,0.0072,,,0.0120,14,0,0.00,0,0.00,0,0.009616,0.000000
pod,2026-03-02 11:04:25.772,hostnode,monitoring,prometheus-monitoring-kube-prometheus-prometheus-1,e702e69f-594f-4926-a262-6e6c1f000dcd,4295081642,0.26,0.0087,,,0.0280,30,0,0.00,0,0.00,0,0.075210,0.000000
pod,2026-03-02 11:04:25.772,hostnode,hn,consul-5f547dd555-vbfn4,ed5acd96-1b5b-4f18-8762-f8b4a711aa55,4294976255,3.71,0.0097,,,0.5850,381,0,0.00,0,0.00,0,0.072864,0.000000
pod,2026-03-02 11:04:25.772,hostnode,sn,post-storage-mongodb-5bb6bd964c-qrnwb,ed9d9c33-6043-4865-9dbb-2ba38d33338a,4294975457,1.34,0.0080,,,0.0370,167,0,0.00,0,0.10,2,0.073695,0.000000
pod,2026-03-02 11:04:25.772,hostnode,hn,memcached-rate-6b6b8fc64b-j4mtd,f33aa9b9-0098-4bab-af1f-d9f4580bdcca,4294976087,0.04,0.0060,,,0.0080,6,0,0.00,0,0.00,0,0.001046,0.000000
pod,2026-03-02 11:04:25.772,hostnode,sn,unique-id-service-c5567d7f5-98pmc,f5e5cd76-4c56-44db-b87d-8c5f1188c68e,4294974785,0.00,0.0000,,,0.0000,0,0,0.00,0,0.00,0,0.000000,0.000000
pod,2026-03-02 11:04:25.772,hostnode,sn,post-storage-memcached-58c9f787f-454vt,f76ac518-c32c-48c1-a2c6-1dcb17dbcbef,4294975583,0.03,0.0107,,,0.0190,3,0,0.00,0,0.00,0,0.000900,0.000000
pod,2026-03-02 11:04:25.772,hostnode,monitoring,monitoring-kube-prometheus-operator-fbbbd799-pcnxn,f8959bf3-7786-4a44-945d-eff1c489992a,4295080313,0.53,0.0081,,,0.0330,65,0,0.00,0,0.00,0,0.011131,0.000000
pod,2026-03-02 11:04:25.772,hostnode,kube-system,coredns-5ddd84546d-vpwgd,fa8a2c26-1ab8-41c4-8317-ac2e6d17ed89,4294974278,0.14,0.0090,,,0.0160,16,0,0.00,0,0.09,6,0.007985,0.000000
pod,2026-03-02 11:04:25.772,hostnode,sn,user-memcached-8cc658895-bj2wf,fc7fd578-af0d-4bb8-9e88-5d60e166f1d4,4294975541,0.01,0.0050,,,0.0050,3,0,0.00,0,0.00,0,0.000646,0.000000
node,2026-03-02 11:04:26.771,hostnode,,,,,355.98,0.0102,0.0150,0.0150,6.4990,35045,3,8.03,139,21.71,1954,20.154440,0.375597
pod,2026-03-02 11:04:26.771,hostnode,sa,feedback-inference-4-bcdcc4954-nscth,0150e3da-bbb2-44fc-98a6-deb41f36babb,4294975919,0.09,0.0067,,,0.0110,14,0,0.00,0,0.00,0,0.009988,0.000000
pod,2026-03-02 11:04:26.771,hostnode,sn,user-timeline-redis-666c98cb6-2pp72,02f33c1a-7b7d-4b1d-affc-3d48159aa4e1,4294975499,0.07,0.0068,,,0.0110,10,0,0.00,0,0.00,0,0.006443,0.000000
pod,2026-03-02 11:04:26.771,hostnode,hn,recommendation-6fd4576595-qzp7p,03b217b1-3eb0-43df-82d5-903db410307f,4294976759,0.09,0.0089,,,0.0150,10,0,0.00,0,0.00,0,0.002514,0.000000
pod,2026-03-02 11:04:26.771,hostnode,hn,memcached-profile-66685f65f-6q9lm,05600750-6235-4cea-a85f-768f670b18ee,4294976129,0.03,0.0050,,,0.0070,5,0,0.00,0,0.00,0,0.000923,0.000000
pod,2026-03-02 11:04:26.771,hostnode,default,fuzzy-proof-4,09dd6cba-ae69-4561-9fcc-a8fbc26b78fc,4294976885,0.00,0.0000,,,0.0000,0,0,0.00,0,0.00,0,0.000000,0.000000
pod,2026-03-02 11:04:26.771,hostnode,hn,reservation-7b7956cd6b-w78wd,0bcb305f-c199-4f79-8255-5bfd30011440,4294976591,0.07,0.0075,,,0.0150,10,0,0.00,0,0.00,0,0.002045,0.000000
pod,2026-03-02 11:04:26.771,hostnode,sn,user-mongodb-dcb5fbc96-p8vbh,0f8edb85-6f09-4967-834b-c4e29026ce53,4294975247,5.06,0.0314,,,3.5570,161,0,0.00,0,0.08,2,0.057414,0.000000
pod,2026-03-02 11:04:26.771,hostnode,sa,feedback-inference-3-bbfcf6979-nc9n2,11c2484c-ee59-4cf1-b235-e5f0bea30e4b,4294975877,0.12,0.0088,,,0.0270,14,0,0.00,0,0.00,0,0.010125,0.000000
pod,2026-03-02 11:04:26.771,hostnode,default,consul-5f547dd555-5fphc,138143ae-daea-4128-92ae-7c247466d7d4,4294975961,9.31,0.0222,,,4.1260,419,0,0.00,0,0.03,5,0.090170,0.000000
pod,2026-03-02 11:04:26.771,hostnode,sn,social-graph-redis-545664784f-hj79p,13e148d0-b339-49ee-b0ce-b37559cd27c6,4294974447,0.07,0.0071,,,0.0120,10,0,0.00,0,0.00,0,0.007442,0.000000
pod,2026-03-02 11:04:26.771,hostnode,hn,mongodb-recommendation-98859d4d7-z5qfb,1514f4ec-f718-4bec-a3e8-bea39d0fedd1,4294976675,0.33,0.0087,,,0.0250,38,0,0.00,0,0.00,0,0.021480,0.000000
pod,2026-03-02 11:04:26.771,hostnode,ksense,ksense-5rfvq,1893397c-8b62-4aea-8a5e-d5c5032d91f8,4294989630,0.28,0.0083,,,0.0190,34,0,0.00,0,0.00,0,7.856595,0.000000
pod,2026-03-02 11:04:26.771,hostnode,sn,social-graph-mongodb-6bf674bf9-vq4jm,1c0ce9e4-e1fb-455a-976e-11005acce9d0,4294974953,1.37,0.0082,,,0.0410,167,0,0.00,0,0.09,2,0.060056,0.000000
pod,2026-03-02 11:04:26.771,hostnode,hn,jaeger-b49ccf55-rbg7n,1e3eeb12-a307-41de-92ee-7ec930767d58,4294976381,0.03,0.0087,,,0.0150,3,0,0.00,0,0.00,0,0.000715,0.000000
pod,2026-03-02 11:04:26.771,hostnode,kube-system,calico-kube-controllers-5b9b456c66-qz22s,247149cd-61e5-4048-a7ef-75de96589398,4294974080,0.00,0.0000,,,0.0000,0,0,0.00,0,0.00,0,0.000000,0.000000
pod,2026-03-02 11:04:26.771,hostnode,hn,mongodb-user-86f7788f59-vwx8w,24987f22-ac3e-4037-b7e4-674696f71bfe,4294976843,0.31,0.0079,,,0.0260,39,0,0.00,0,0.00,0,0.021071,0.000000
pod,2026-03-02 11:04:26.771,hostnode,sn,nginx-thrift-7f6f5d6b69-74vws,2d8ff9cc-73b2-47da-b0da-657ba9857d06,4294975289,0.00,0.0000,,,0.0000,0,0,0.00,0,0.00,0,0.000000,0.000000
pod,2026-03-02 11:04:26.771,hostnode,hn,memcached-reserve-66b4d9f986-twx7c,2e8cef70-b460-406c-822d-006e7c0c71a4,4294976171,0.03,0.0055,,,0.0060,6,0,0.00,0,0.00,0,0.000976,0.000000
pod,2026-03-02 11:04:26.771,hostnode,monitoring,monitoring-prometheus-node-exporter-679rr,309bc67f-0f97-4902-8e57-5f369481d878,4295080229,0.00,0.0000,,,0.0000,0,0,0.00,0,0.00,0,0.000000,0.000000
pod,2026-03-02 11:04:26.771,hostnode,hn,geo-75469c5bc9-b6l8f,4615d84f-8e28-403b-af02-b8c6c579361d,4294976003,0.14,0.0130,,,0.0340,11,0,0.00,0,0.00,0,0.002637,0.000000
pod,2026-03-02 11:04:26.771,hostnode,hn,mongodb-reservation-8566bbcb4f-rmkm5,5557386c-9898-4425-8979-6492e67868ee,4294976549,1.45,0.0353,,,1.1320,41,0,0.00,0,0.00,0,0.022178,0.000000
pod,2026-03-02 11:04:26.771,hostnode,sn,social-graph-service-6b48d496c6-flfvk,56f4636a-d485-4728-9bb6-0e7977b14a71,4294974995,0.07,0.0163,,,0.0300,4,0,0.00,0,0.06,2,0.004067,0.000000
pod,2026-03-02 11:04:26.771,hostnode,ksense,fuzzy-scheduler-55c7fbbd75-xnggn,58bdb2da-a465-4653-b30a-5f823bd79594,4295063948,0.50,0.0090,,,0.0230,55,0,0.00,0,0.00,0,0.014506,0.000000
pod,2026-03-02 11:04:26.771,hostnode,sn,user-mention-service-77b4dc8db6-qqb2p,5da702aa-5da1-48a1-a861-a28a962145a8,4294975121,0.00,0.0000,,,0.0000,0,0,0.00,0,0.00,0,0.000000,0.000000
pod,2026-03-02 11:04:26.771,hostnode,sa,feedback-inference-2-867b854976-qrcmg,63ea3062-c44d-4786-b84c-d210df45b2f8,4294975793,0.11,0.0076,,,0.0130,14,0,0.00,0,0.00,0,0.010509,0.000000
pod,2026-03-02 11:04:26.771,hostnode,hn,mongodb-rate-78677645d4-4v2h5,66c8e931-7fa3-448a-8822-0b2db155e788,4294976633,0.34,0.0085,,,0.0200,40,0,0.00,0,0.00,0,0.020557,0.000000
pod,2026-03-02 11:04:26.771,hostnode,sa,feedback-inference-1-6b858c77b9-99c4j,6a98d5b2-6ae0-4348-ba84-d32a8010d14b,4294975625,0.15,0.0101,,,0.0160,15,0,0.00,0,0.00,0,0.012423,0.000000
pod,2026-03-02 11:04:26.771,hostnode,sn,media-frontend-6bd9df9d6d-5vf4w,6be52f8a-5cf7-4c4d-a9cf-b851c52694e7,4294975077,0.00,0.0000,,,0.0000,0,0,0.00,0,0.00,0,0.000000,0.000000
pod,2026-03-02 11:04:26.771,hostnode,sn,media-memcached-657c8b4cdf-4cc9x,6d187294-14f3-4f11-b66b-6f178abedac4,4294974743,0.04,0.0073,,,0.0150,6,0,0.00,0,0.00,0,0.001115,0.000000
pod,2026-03-02 11:04:26.771,hostnode,monitoring,alertmanager-monitoring-kube-prometheus-alertmanager-0,70957292-81e5-4ffe-b8ad-b44e4de4b326,4295080817,0.00,0.0000,,,0.0000,0,0,0.00,0,0.00,0,0.000000,0.000000
pod,2026-03-02 11:04:26.771,hostnode,sn,media-service-68f5f7ccbf-ks945,76c3a8df-aede-4a5f-b8bd-e74ce509a7e6,4294975331,0.00,0.0000,,,0.0000,0,0,0.00,0,0.00,0,0.000000,0.000000
pod,2026-03-02 11:04:26.771,hostnode,sn,home-timeline-redis-698c8bc65d-4c45h,79688f0b-7ab6-4f35-8438-aec8c8300d03,4294974827,0.09,0.0088,,,0.0140,10,0,0.00,0,0.00,0,0.008087,0.000000
pod,2026-03-02 11:04:26.771,hostnode,sa,feedback-inference-7-8f6cf7999-f5qn4,7aa819af-f314-4532-a0f4-c5e2a11fc6ef,4294975835,0.32,0.0231,,,0.1970,14,0,0.00,0,0.00,0,0.012484,0.000000
pod,2026-03-02 11:04:26.771,hostnode,monitoring,monitoring-grafana-67776b6b66-sxl62,7bda2edc-62de-4b78-aa7c-8a99331d9370,4295080355,1.49,0.0103,,,0.1760,144,0,0.00,0,0.00,0,0.134485,0.000000
pod,2026-03-02 11:04:26.771,hostnode,default,feedback-inference-5c9b57cc5f-mpxx5,7d6b10a5-b07a-4b60-8c9d-7d0462b491f0,4294975709,0.15,0.0109,,,0.0230,14,0,0.00,0,0.00,0,0.014167,0.000000
pod,2026-03-02 11:04:26.771,hostnode,kube-system,selling-resource-scheduler-7cc89db49c-ns9jm,894845d8-cc58-483b-bbf2-260807dd8e81,4294974127,0.00,0.0000,,,0.0000,0,0,0.00,0,0.00,0,0.000000,0.000000
pod,2026-03-02 11:04:26.771,hostnode,sa,feedback-inference-5-596d5b64b9-sw9t7,898a0bea-057b-41e9-bedf-78eae2237e12,4294975667,0.10,0.0069,,,0.0160,14,0,0.00,0,0.00,0,0.010362,0.000000
pod,2026-03-02 11:04:26.771,hostnode,default,fuzzy-proof-1,8adacebd-6468-43f9-bad1-e7258d23d25b,4294977053,0.00,0.0000,,,0.0000,0,0,0.00,0,0.00,0,0.000000,0.000000
pod,2026-03-02 11:04:26.771,hostnode,hn,mongodb-profile-57b898f69-869rl,8c3bade4-b9e1-44f3-bdaa-e8f9a77e60b6,4294976339,0.38,0.0091,,,0.0310,42,0,0.00,0,0.03,1,0.022532,0.000000
pod,2026-03-02 11:04:26.771,hostnode,hn,mongodb-geo-5cf4479bd9-4tflp,8c63a64e-3582-4fa5-a1a2-9d52222005c7,4294976213,1.65,0.0498,,,1.3430,33,0,0.00,0,0.00,0,0.016982,0.000000
pod,2026-03-02 11:04:26.771,hostnode,kube-system,metrics-server-7fbfbcc44c-57twc,8e0cbdb2-8b37-43d7-bd2e-e7bc88f71486,4294974340,2.97,0.0690,,,2.1490,43,0,0.00,0,0.00,0,0.008564,0.000000
pod,2026-03-02 11:04:26.771,hostnode,default,fuzzy-proof-5,95708664-be88-4490-ba1e-7092ec6ba570,4294977011,0.00,0.0000,,,0.0000,0,0,0.00,0,0.00,0,0.000000,0.000000
pod,2026-03-02 11:04:26.771,hostnode,kube-system,coredns-5ddd84546d-cscpm,957aa029-5b70-4fcf-bf3e-194e127920be,4294974221,0.27,0.0087,,,0.0200,31,0,0.00,0,0.14,8,0.015114,0.000000
pod,2026-03-02 11:04:26.771,hostnode,sn,url-shorten-service-5576f95bc-dlkwp,970ae5df-45da-47b3-9c77-f2aaf6297dd0,4294975415,0.04,0.0097,,,0.0150,4,0,0.00,0,0.07,2,0.003283,0.000000
pod,2026-03-02 11:04:26.771,hostnode,default,fuzzy-proof-3,9bb793d0-cf0f-4e92-ab39-a1f6b2a25f81,4294976927,0.00,0.0000,,,0.0000,0,0,0.00,0,0.00,0,0.000000,0.000000
pod,2026-03-02 11:04:26.771,hostnode,ksense,collector-name-sample,9f3d30b5-8cbf-41cc-bc8d-b5d893e029dc,4295117360,0.02,0.0085,,,0.0100,2,0,0.00,0,0.00,0,0.074348,0.000000
pod,2026-03-02 11:04:26.771,hostnode,sn,user-timeline-mongodb-76c59d86fb-f292x,a152d98d-6f60-4ea7-a931-fad144116366,4294975373,3.13,0.0195,,,1.9190,161,0,0.00,0,0.11,2,0.056190,0.000000
pod,2026-03-02 11:04:26.771,hostnode,hn,search-6dfc557989-qjbl9,a1b75670-727f-4e89-92df-b40d967893d6,4294976423,0.15,0.0098,,,0.0210,15,0,0.00,0,0.12,2,0.008249,0.000000
pod,2026-03-02 11:04:26.771,hostnode,local-path-storage,local-path-provisioner-7dd969c95d-74d4t,a6ae812c-2f36-4242-951e-7c510528abdf,4294974169,0.00,0.0000,,,0.0000,0,0,0.00,0,0.00,0,0.000000,0.000000
pod,2026-03-02 11:04:26.771,hostnode,sn,url-shorten-mongodb-5b844598c6-fp9c7,a8cd873b-f644-410c-84de-9107a29e8a95,4294975163,7.42,0.0455,,,3.6660,163,0,0.00,0,0.09,2,0.054108,0.000000
pod,2026-03-02 11:04:26.771,hostnode,default,fuzzy-proof-2,aaae8af9-ce6d-4315-8571-0b20fd1508a3,4294976969,0.00,0.0000,,,0.0000,0,0,0.00,0,0.00,0,0.000000,0.000000
pod,2026-03-02 11:04:26.771,hostnode,monitoring,monitoring-kube-state-metrics-76b67dc76d-8q9gk,ad30444e-ccf1-472e-bbdf-808e7e5136d7,4295080271,0.32,0.0154,,,0.0310,21,0,0.00,0,0.02,1,0.007265,0.000000
pod,2026-03-02 11:04:26.771,hostnode,hn,rate-846d5c7957-7h6m6,ba1cc2cd-8a02-4c6c-bbdb-e783523c7a7d,4294976717,0.07,0.0074,,,0.0130,10,0,0.00,0,0.00,0,0.002153,0.000000
pod,2026-03-02 11:04:26.771,hostnode,sn,jaeger-5b7d8bb6fb-z8cnp,bb2cfec0-cd8a-4f5f-ad4d-eeeba610930f,4294974617,0.04,0.0088,,,0.0160,5,0,0.00,0,0.00,0,0.001368,0.000000
pod,2026-03-02 11:04:26.771,hostnode,sn,user-service-76d887dc94-bgj68,bf074cdf-70ff-4a02-abb0-d6d0be29abe2,4294974869,0.03,0.0073,,,0.0120,4,0,0.00,0,0.07,2,0.003321,0.000000
pod,2026-03-02 11:04:26.771,hostnode,hn,user-6c488f4d-hjphk,bf3df9a5-b422-4af5-864a-d651de48d26f,4294976801,0.08,0.0060,,,0.0120,13,0,0.00,0,0.00,0,0.002083,0.000000
pod,2026-03-02 11:04:26.771,hostnode,hn,frontend-74b855d7b8-7fbgr,c30245d8-5651-4f6b-a7d9-1712bf6e4e88,4294976045,0.04,0.0084,,,0.0120,5,0,0.00,0,0.00,0,0.001276,0.000000
pod,2026-03-02 11:04:26.771,hostnode,sn,text-service-66d6fd5c8b-v9k4t,c310a012-592c-495e-90f2-168aa1cee704,4294975205,0.00,0.0000,,,0.0000,0,0,0.00,0,0.00,0,0.000000,0.000000
pod,2026-03-02 11:04:26.771,hostnode,hn,profile-54f6c7d985-v5ghx,c57a536e-ce39-4941-aff4-622d8fe82651,4294976297,0.28,0.0081,,,0.0250,35,0,0.00,0,0.17,3,0.011324,0.000000
pod,2026-03-02 11:04:26.771,hostnode,sn,url-shorten-memcached-844b6d854f-f5m7l,d48a2e27-ce92-48da-9b79-fed0072b5dbf,4294974533,0.05,0.0082,,,0.0130,6,0,0.00,0,0.00,0,0.001015,0.000000
pod,2026-03-02 11:04:26.771,hostnode,monitoring,prometheus-monitoring-kube-prometheus-prometheus-0,d5eed4b3-8e52-4dc1-9c6e-da95a7b40277,4295080859,9.22,0.0163,,,3.6790,567,0,0.29,20,2.48,246,0.866392,0.000500
pod,2026-03-02 11:04:26.771,hostnode,sn,compose-post-service-5b5b7d59cc-4zs9g,d712ed1f-7a93-410f-82a6-ef80735a231c,4294974491,0.00,0.0000,,,0.0000,0,0,0.00,0,0.00,0,0.000000,0.000000
pod,2026-03-02 11:04:26.771,hostnode,sn,home-timeline-service-ff4b9db4f-vdjm5,da072777-52fd-4834-9c10-0ee0f82da1c9,4294974701,0.00,0.0000,,,0.0000,0,0,0.00,0,0.00,0,0.000000,0.000000
pod,2026-03-02 11:04:26.771,hostnode,sn,user-timeline-service-5454759db5-vnwvl,dc0f2321-e793-49e9-9ee1-937c87155298,4294974659,0.06,0.0138,,,0.0170,4,0,0.00,0,0.07,2,0.003506,0.000000
pod,2026-03-02 11:04:26.771,hostnode,kube-system,kube-proxy-49fw8,dc101e1d-3f1f-410b-b83e-ee7fac561bac,4294973996,0.00,0.0000,,,0.0000,0,0,0.00,0,0.00,0,0.000000,0.000000
pod,2026-03-02 11:04:26.771,hostnode,kube-system,calico-node-87zh8,dcafcb5d-4d9d-4a0a-a50e-9b777755abe1,4294974038,6.46,0.0119,,,0.6210,541,0,0.14,1,0.00,0,0.123142,0.000000
pod,2026-03-02 11:04:26.771,hostnode,sn,post-storage-service-588b9754bb-cr94b,df7754d7-8bc5-4bec-8298-6777d24ad6ed,4294974911,0.03,0.0073,,,0.0110,4,0,0.00,0,0.07,2,0.002944,0.000000
pod,2026-03-02 11:04:26.771,hostnode,sn,media-mongodb-d697b6485-hzsvf,e142aae7-6ba9-48d3-b5bf-9d819ce77fac,4294974575,2.91,0.0183,,,1.3350,159,0,0.00,0,0.00,0,0.051177,0.000000
pod,2026-03-02 11:04:26.771,hostnode,sa,feedback-inference-6-6649d68c48-8w8x2,e2decc3f-3382-4912-8838-e68559a26a98,4294975751,0.10,0.0073,,,0.0110,14,0,0.00,0,0.00,0,0.009341,0.000000
pod,2026-03-02 11:04:26.771,hostnode,monitoring,prometheus-monitoring-kube-prometheus-prometheus-1,e702e69f-594f-4926-a262-6e6c1f000dcd,4295081642,0.38,0.0065,,,0.0200,58,0,0.00,0,0.12,5,0.018651,0.000000
pod,2026-03-02 11:04:26.771,hostnode,hn,consul-5f547dd555-vbfn4,ed5acd96-1b5b-4f18-8762-f8b4a711aa55,4294976255,3.16,0.0081,,,0.0320,390,0,0.00,0,0.04,5,0.084058,0.000000
pod,2026-03-02 11:04:26.771,hostnode,sn,post-storage-mongodb-5bb6bd964c-qrnwb,ed9d9c33-6043-4865-9dbb-2ba38d33338a,4294975457,2.19,0.0135,,,0.9760,163,0,0.00,0,0.10,2,0.055329,0.000000
pod,2026-03-02 11:04:26.771,hostnode,hn,memcached-rate-6b6b8fc64b-j4mtd,f33aa9b9-0098-4bab-af1f-d9f4580bdcca,4294976087,0.04,0.0076,,,0.0120,5,0,0.00,0,0.00,0,0.001145,0.000000
pod,2026-03-02 11:04:26.771,hostnode,sn,unique-id-service-c5567d7f5-98pmc,f5e5cd76-4c56-44db-b87d-8c5f1188c68e,4294974785,0.00,0.0000,,,0.0000,0,0,0.00,0,0.00,0,0.000000,0.000000
pod,2026-03-02 11:04:26.771,hostnode,sn,post-storage-memcached-58c9f787f-454vt,f76ac518-c32c-48c1-a2c6-1dcb17dbcbef,4294975583,0.05,0.0092,,,0.0180,5,0,0.00,0,0.00,0,0.001215,0.000000
pod,2026-03-02 11:04:26.771,hostnode,monitoring,monitoring-kube-prometheus-operator-fbbbd799-pcnxn,f8959bf3-7786-4a44-945d-eff1c489992a,4295080313,0.37,0.0073,,,0.0210,51,0,0.00,0,0.00,0,0.009479,0.000000
pod,2026-03-02 11:04:26.771,hostnode,kube-system,coredns-5ddd84546d-vpwgd,fa8a2c26-1ab8-41c4-8317-ac2e6d17ed89,4294974278,0.44,0.0087,,,0.0280,51,0,0.00,0,0.15,8,0.018297,0.000000
pod,2026-03-02 11:04:26.771,hostnode,sn,user-memcached-8cc658895-bj2wf,fc7fd578-af0d-4bb8-9e88-5d60e166f1d4,4294975541,0.03,0.0068,,,0.0140,5,0,0.00,0,0.00,0,0.000838,0.000000
node,2026-03-02 11:04:27.772,hostnode,,,,,290.95,0.0107,0.0150,0.0150,5.3900,27091,2,10.52,164,16.12,1457,19.476520,0.284507
pod,2026-03-02 11:04:27.772,hostnode,sa,feedback-inference-4-bcdcc4954-nscth,0150e3da-bbb2-44fc-98a6-deb41f36babb,4294975919,0.11,0.0076,,,0.0150,14,0,0.00,0,0.00,0,0.010866,0.000000
pod,2026-03-02 11:04:27.772,hostnode,sn,user-timeline-redis-666c98cb6-2pp72,02f33c1a-7b7d-4b1d-affc-3d48159aa4e1,4294975499,0.10,0.0100,,,0.0250,10,0,0.00,0,0.00,0,0.007095,0.000000
pod,2026-03-02 11:04:27.772,hostnode,hn,recommendation-6fd4576595-qzp7p,03b217b1-3eb0-43df-82d5-903db410307f,4294976759,0.12,0.0104,,,0.0240,12,0,0.00,0,0.00,0,0.003024,0.000000
pod,2026-03-02 11:04:27.772,hostnode,hn,memcached-profile-66685f65f-6q9lm,05600750-6235-4cea-a85f-768f670b18ee,4294976129,0.38,0.0633,,,0.3230,6,0,0.00,0,0.00,0,0.001393,0.000000
pod,2026-03-02 11:04:27.772,hostnode,default,fuzzy-proof-4,09dd6cba-ae69-4561-9fcc-a8fbc26b78fc,4294976885,0.00,0.0000,,,0.0000,0,0,0.00,0,0.00,0,0.000000,0.000000
pod,2026-03-02 11:04:27.772,hostnode,hn,reservation-7b7956cd6b-w78wd,0bcb305f-c199-4f79-8255-5bfd30011440,4294976591,0.09,0.0082,,,0.0170,11,0,0.00,0,0.00,0,0.002016,0.000000
pod,2026-03-02 11:04:27.772,hostnode,sn,user-mongodb-dcb5fbc96-p8vbh,0f8edb85-6f09-4967-834b-c4e29026ce53,4294975247,4.78,0.0288,,,2.1860,166,0,0.00,0,0.10,2,0.053758,0.000000
pod,2026-03-02 11:04:27.772,hostnode,sa,feedback-inference-3-bbfcf6979-nc9n2,11c2484c-ee59-4cf1-b235-e5f0bea30e4b,4294975877,0.11,0.0074,,,0.0140,15,0,0.00,0,0.00,0,0.009242,0.000000
pod,2026-03-02 11:04:27.772,hostnode,default,consul-5f547dd555-5fphc,138143ae-daea-4128-92ae-7c247466d7d4,4294975961,3.08,0.0080,,,0.0320,382,0,0.00,0,0.00,0,0.076538,0.000000
pod,2026-03-02 11:04:27.772,hostnode,sn,social-graph-redis-545664784f-hj79p,13e148d0-b339-49ee-b0ce-b37559cd27c6,4294974447,0.07,0.0074,,,0.0130,10,0,0.00,0,0.00,0,0.006318,0.000000
pod,2026-03-02 11:04:27.772,hostnode,hn,mongodb-recommendation-98859d4d7-z5qfb,1514f4ec-f718-4bec-a3e8-bea39d0fedd1,4294976675,1.46,0.0429,,,1.1410,34,0,0.00,0,0.00,0,0.017738,0.000000
pod,2026-03-02 11:04:27.772,hostnode,ksense,ksense-5rfvq,1893397c-8b62-4aea-8a5e-d5c5032d91f8,4294989630,0.35,0.0103,,,0.0240,34,0,0.00,0,0.00,0,7.869342,0.000000
pod,2026-03-02 11:04:27.772,hostnode,sn,social-graph-mongodb-6bf674bf9-vq4jm,1c0ce9e4-e1fb-455a-976e-11005acce9d0,4294974953,1.33,0.0083,,,0.0430,161,0,0.00,0,0.09,2,0.059617,0.000000
pod,2026-03-02 11:04:27.772,hostnode,hn,jaeger-b49ccf55-rbg7n,1e3eeb12-a307-41de-92ee-7ec930767d58,4294976381,0.11,0.0111,,,0.0240,10,0,0.00,0,0.00,0,0.002555,0.000000
pod,2026-03-02 11:04:27.772,hostnode,kube-system,calico-kube-controllers-5b9b456c66-qz22s,247149cd-61e5-4048-a7ef-75de96589398,4294974080,0.00,0.0000,,,0.0000,0,0,0.00,0,0.00,0,0.000000,0.000000
pod,2026-03-02 11:04:27.772,hostnode,hn,mongodb-user-86f7788f59-vwx8w,24987f22-ac3e-4037-b7e4-674696f71bfe,4294976843,0.31,0.0092,,,0.0230,34,0,0.00,0,0.00,0,0.020217,0.000000
pod,2026-03-02 11:04:27.772,hostnode,sn,nginx-thrift-7f6f5d6b69-74vws,2d8ff9cc-73b2-47da-b0da-657ba9857d06,4294975289,0.00,0.0000,,,0.0000,0,0,0.00,0,0.00,0,0.000000,0.000000
pod,2026-03-02 11:04:27.772,hostnode,hn,memcached-reserve-66b4d9f986-twx7c,2e8cef70-b460-406c-822d-006e7c0c71a4,4294976171,0.04,0.0117,,,0.0140,3,0,0.00,0,0.00,0,0.000954,0.000000
pod,2026-03-02 11:04:27.772,hostnode,monitoring,monitoring-prometheus-node-exporter-679rr,309bc67f-0f97-4902-8e57-5f369481d878,4295080229,0.00,0.0000,,,0.0000,0,0,0.00,0,0.00,0,0.000000,0.000000
pod,2026-03-02 11:04:27.772,hostnode,hn,geo-75469c5bc9-b6l8f,4615d84f-8e28-403b-af02-b8c6c579361d,4294976003,0.10,0.0075,,,0.0140,14,0,0.00,0,0.00,0,0.002955,0.000000
pod,2026-03-02 11:04:27.772,hostnode,hn,mongodb-reservation-8566bbcb4f-rmkm5,5557386c-9898-4425-8979-6492e67868ee,4294976549,1.44,0.0438,,,1.1460,33,0,0.00,0,0.00,0,0.019379,0.000000
pod,2026-03-02 11:04:27.772,hostnode,sn,social-graph-service-6b48d496c6-flfvk,56f4636a-d485-4728-9bb6-0e7977b14a71,4294974995,0.05,0.0135,,,0.0250,4,0,0.00,0,0.06,2,0.003610,0.000000
pod,2026-03-02 11:04:27.772,hostnode,ksense,fuzzy-scheduler-55c7fbbd75-xnggn,58bdb2da-a465-4653-b30a-5f823bd79594,4295063948,0.73,0.0075,,,0.0320,97,0,0.00,0,0.00,0,0.017725,0.000000
pod,2026-03-02 11:04:27.772,hostnode,sn,user-mention-service-77b4dc8db6-qqb2p,5da702aa-5da1-48a1-a861-a28a962145a8,4294975121,0.00,0.0000,,,0.0000,0,0,0.00,0,0.00,0,0.000000,0.000000
pod,2026-03-02 11:04:27.772,hostnode,sa,feedback-inference-2-867b854976-qrcmg,63ea3062-c44d-4786-b84c-d210df45b2f8,4294975793,0.11,0.0074,,,0.0180,15,0,0.00,0,0.00,0,0.010398,0.000000
pod,2026-03-02 11:04:27.772,hostnode,hn,mongodb-rate-78677645d4-4v2h5,66c8e931-7fa3-448a-8822-0b2db155e788,4294976633,0.41,0.0095,,,0.0400,43,0,0.00,0,0.04,1,0.022196,0.000000
pod,2026-03-02 11:04:27.772,hostnode,sa,feedback-inference-1-6b858c77b9-99c4j,6a98d5b2-6ae0-4348-ba84-d32a8010d14b,4294975625,0.13,0.0094,,,0.0240,14,0,0.00,0,0.00,0,0.010113,0.000000
pod,2026-03-02 11:04:27.772,hostnode,sn,media-frontend-6bd9df9d6d-5vf4w,6be52f8a-5cf7-4c4d-a9cf-b851c52694e7,4294975077,0.00,0.0000,,,0.0000,0,0,0.00,0,0.00,0,0.000000,0.000000
pod,2026-03-02 11:04:27.772,hostnode,sn,media-memcached-657c8b4cdf-4cc9x,6d187294-14f3-4f11-b66b-6f178abedac4,4294974743,0.05,0.0078,,,0.0160,6,0,0.00,0,0.00,0,0.001285,0.000000
pod,2026-03-02 11:04:27.772,hostnode,monitoring,alertmanager-monitoring-kube-prometheus-alertmanager-0,70957292-81e5-4ffe-b8ad-b44e4de4b326,4295080817,0.11,0.0071,,,0.0140,16,0,0.00,0,0.05,4,0.008882,0.000000
pod,2026-03-02 11:04:27.772,hostnode,sn,media-service-68f5f7ccbf-ks945,76c3a8df-aede-4a5f-b8bd-e74ce509a7e6,4294975331,0.00,0.0000,,,0.0000,0,0,0.00,0,0.00,0,0.000000,0.000000
pod,2026-03-02 11:04:27.772,hostnode,sn,home-timeline-redis-698c8bc65d-4c45h,79688f0b-7ab6-4f35-8438-aec8c8300d03,4294974827,0.08,0.0083,,,0.0110,10,0,0.00,0,0.00,0,0.008336,0.000000
pod,2026-03-02 11:04:27.772,hostnode,sa,feedback-inference-7-8f6cf7999-f5qn4,7aa819af-f314-4532-a0f4-c5e2a11fc6ef,4294975835,0.30,0.0217,,,0.2040,14,0,0.00,0,0.00,0,0.012600,0.000000
pod,2026-03-02 11:04:27.772,hostnode,monitoring,monitoring-grafana-67776b6b66-sxl62,7bda2edc-62de-4b78-aa7c-8a99331d9370,4295080355,0.95,0.0088,,,0.0360,108,0,0.00,0,0.00,0,0.028117,0.000000
pod,2026-03-02 11:04:27.772,hostnode,default,feedback-inference-5c9b57cc5f-mpxx5,7d6b10a5-b07a-4b60-8c9d-7d0462b491f0,4294975709,0.47,0.0332,,,0.3560,14,0,0.00,0,0.00,0,0.011830,0.000000
pod,2026-03-02 11:04:27.772,hostnode,kube-system,selling-resource-scheduler-7cc89db49c-ns9jm,894845d8-cc58-483b-bbf2-260807dd8e81,4294974127,0.00,0.0000,,,0.0000,0,0,0.00,0,0.00,0,0.000000,0.000000
pod,2026-03-02 11:04:27.772,hostnode,sa,feedback-inference-5-596d5b64b9-sw9t7,898a0bea-057b-41e9-bedf-78eae2237e12,4294975667,0.09,0.0062,,,0.0120,14,0,0.00,0,0.00,0,0.010121,0.000000
pod,2026-03-02 11:04:27.772,hostnode,default,fuzzy-proof-1,8adacebd-6468-43f9-bad1-e7258d23d25b,4294977053,0.00,0.0000,,,0.0000,0,0,0.00,0,0.00,0,0.000000,0.000000
pod,2026-03-02 11:04:27.772,hostnode,hn,mongodb-profile-57b898f69-869rl,8c3bade4-b9e1-44f3-bdaa-e8f9a77e60b6,4294976339,1.42,0.0373,,,1.0820,38,0,0.00,0,0.00,0,0.021397,0.000000
pod,2026-03-02 11:04:27.772,hostnode,hn,mongodb-geo-5cf4479bd9-4tflp,8c63a64e-3582-4fa5-a1a2-9d52222005c7,4294976213,0.39,0.0106,,,0.0330,37,0,0.00,0,0.00,0,0.021443,0.000000
pod,2026-03-02 11:04:27.772,hostnode,kube-system,metrics-server-7fbfbcc44c-57twc,8e0cbdb2-8b37-43d7-bd2e-e7bc88f71486,4294974340,0.38,0.0081,,,0.0190,47,0,0.00,0,0.00,0,0.011561,0.000000
pod,2026-03-02 11:04:27.772,hostnode,default,fuzzy-proof-5,95708664-be88-4490-ba1e-7092ec6ba570,4294977011,0.00,0.0000,,,0.0000,0,0,0.00,0,0.00,0,0.000000,0.000000
pod,2026-03-02 11:04:27.772,hostnode,kube-system,coredns-5ddd84546d-cscpm,957aa029-5b70-4fcf-bf3e-194e127920be,4294974221,0.24,0.0088,,,0.0210,27,0,0.00,0,0.08,6,0.010129,0.000000
pod,2026-03-02 11:04:27.772,hostnode,sn,url-shorten-service-5576f95bc-dlkwp,970ae5df-45da-47b3-9c77-f2aaf6297dd0,4294975415,0.08,0.0210,,,0.0290,4,0,0.00,0,0.08,2,0.003756,0.000000
pod,2026-03-02 11:04:27.772,hostnode,default,fuzzy-proof-3,9bb793d0-cf0f-4e92-ab39-a1f6b2a25f81,4294976927,0.00,0.0000,,,0.0000,0,0,0.00,0,0.00,0,0.000000,0.000000
pod,2026-03-02 11:04:27.772,hostnode,ksense,collector-name-sample,9f3d30b5-8cbf-41cc-bc8d-b5d893e029dc,4295117360,0.01,0.0060,,,0.0060,1,0,0.00,0,0.00,0,0.076534,0.000000
pod,2026-03-02 11:04:27.772,hostnode,sn,user-timeline-mongodb-76c59d86fb-f292x,a152d98d-6f60-4ea7-a931-fad144116366,4294975373,1.26,0.0077,,,0.0560,165,0,0.00,0,0.09,2,0.056129,0.000000
pod,2026-03-02 11:04:27.772,hostnode,hn,search-6dfc557989-qjbl9,a1b75670-727f-4e89-92df-b40d967893d6,4294976423,0.04,0.0074,,,0.0110,5,0,0.00,0,0.00,0,0.001216,0.000000
pod,2026-03-02 11:04:27.772,hostnode,local-path-storage,local-path-provisioner-7dd969c95d-74d4t,a6ae812c-2f36-4242-951e-7c510528abdf,4294974169,0.00,0.0000,,,0.0000,0,0,0.00,0,0.00,0,0.000000,0.000000
pod,2026-03-02 11:04:27.772,hostnode,sn,url-shorten-mongodb-5b844598c6-fp9c7,a8cd873b-f644-410c-84de-9107a29e8a95,4294975163,4.37,0.0267,,,1.9320,164,0,0.00,0,0.09,2,0.051871,0.000000
pod,2026-03-02 11:04:27.772,hostnode,default,fuzzy-proof-2,aaae8af9-ce6d-4315-8571-0b20fd1508a3,4294976969,0.00,0.0000,,,0.0000,0,0,0.00,0,0.00,0,0.000000,0.000000
pod,2026-03-02 11:04:27.772,hostnode,monitoring,monitoring-kube-state-metrics-76b67dc76d-8q9gk,ad30444e-ccf1-472e-bbdf-808e7e5136d7,4295080271,1.58,0.0687,,,1.1570,23,0,0.00,0,0.00,0,0.008706,0.000000
pod,2026-03-02 11:04:27.772,hostnode,hn,rate-846d5c7957-7h6m6,ba1cc2cd-8a02-4c6c-bbdb-e783523c7a7d,4294976717,0.21,0.0079,,,0.0240,27,0,0.00,0,0.04,1,0.006866,0.000000
pod,2026-03-02 11:04:27.772,hostnode,sn,jaeger-5b7d8bb6fb-z8cnp,bb2cfec0-cd8a-4f5f-ad4d-eeeba610930f,4294974617,0.04,0.0080,,,0.0140,5,0,0.00,0,0.00,0,0.001093,0.000000
pod,2026-03-02 11:04:27.772,hostnode,sn,user-service-76d887dc94-bgj68,bf074cdf-70ff-4a02-abb0-d6d0be29abe2,4294974869,0.04,0.0092,,,0.0160,4,0,0.00,0,0.08,2,0.003564,0.000000
pod,2026-03-02 11:04:27.772,hostnode,hn,user-6c488f4d-hjphk,bf3df9a5-b422-4af5-864a-d651de48d26f,4294976801,0.11,0.0092,,,0.0170,12,0,0.00,0,0.00,0,0.002663,0.000000
pod,2026-03-02 11:04:27.772,hostnode,hn,frontend-74b855d7b8-7fbgr,c30245d8-5651-4f6b-a7d9-1712bf6e4e88,4294976045,0.04,0.0080,,,0.0110,5,0,0.00,0,0.00,0,0.001216,0.000000
pod,2026-03-02 11:04:27.772,hostnode,sn,text-service-66d6fd5c8b-v9k4t,c310a012-592c-495e-90f2-168aa1cee704,4294975205,0.00,0.0000,,,0.0000,0,0,0.00,0,0.00,0,0.000000,0.000000
pod,2026-03-02 11:04:27.772,hostnode,hn,profile-54f6c7d985-v5ghx,c57a536e-ce39-4941-aff4-622d8fe82651,4294976297,0.12,0.0089,,,0.0160,13,0,0.00,0,0.00,0,0.002748,0.000000
pod,2026-03-02 11:04:27.772,hostnode,sn,url-shorten-memcached-844b6d854f-f5m7l,d48a2e27-ce92-48da-9b79-fed0072b5dbf,4294974533,3.11,0.5185,,,3.0710,6,0,0.00,0,0.00,0,0.001108,0.000000
pod,2026-03-02 11:04:27.772,hostnode,monitoring,prometheus-monitoring-kube-prometheus-prometheus-0,d5eed4b3-8e52-4dc1-9c6e-da95a7b40277,4295080859,5.11,0.0150,,,0.8940,340,0,0.07,7,1.16,134,0.471703,0.121780
pod,2026-03-02 11:04:27.772,hostnode,sn,compose-post-service-5b5b7d59cc-4zs9g,d712ed1f-7a93-410f-82a6-ef80735a231c,4294974491,0.00,0.0000,,,0.0000,0,0,0.00,0,0.00,0,0.000000,0.000000
pod,2026-03-02 11:04:27.772,hostnode,sn,home-timeline-service-ff4b9db4f-vdjm5,da072777-52fd-4834-9c10-0ee0f82da1c9,4294974701,0.00,0.0000,,,0.0000,0,0,0.00,0,0.00,0,0.000000,0.000000
pod,2026-03-02 11:04:27.772,hostnode,sn,user-timeline-service-5454759db5-vnwvl,dc0f2321-e793-49e9-9ee1-937c87155298,4294974659,0.03,0.0085,,,0.0140,4,0,0.00,0,0.07,2,0.003579,0.000000
pod,2026-03-02 11:04:27.772,hostnode,kube-system,kube-proxy-49fw8,dc101e1d-3f1f-410b-b83e-ee7fac561bac,4294973996,0.00,0.0000,,,0.0000,0,0,0.00,0,0.00,0,0.000000,0.000000
pod,2026-03-02 11:04:27.772,hostnode,kube-system,calico-node-87zh8,dcafcb5d-4d9d-4a0a-a50e-9b777755abe1,4294974038,4.36,0.0085,,,0.0670,511,0,0.00,0,0.00,1,0.101341,0.000000
pod,2026-03-02 11:04:27.772,hostnode,sn,post-storage-service-588b9754bb-cr94b,df7754d7-8bc5-4bec-8298-6777d24ad6ed,4294974911,0.06,0.0150,,,0.0340,4,0,0.00,0,0.08,2,0.003041,0.000000
pod,2026-03-02 11:04:27.772,hostnode,sn,media-mongodb-d697b6485-hzsvf,e142aae7-6ba9-48d3-b5bf-9d819ce77fac,4294974575,3.10,0.0197,,,1.9900,158,0,0.00,0,0.00,0,0.046918,0.000000
pod,2026-03-02 11:04:27.772,hostnode,sa,feedback-inference-6-6649d68c48-8w8x2,e2decc3f-3382-4912-8838-e68559a26a98,4294975751,0.11,0.0081,,,0.0140,14,0,0.00,0,0.00,0,0.009899,0.000000
pod,2026-03-02 11:04:27.772,hostnode,monitoring,prometheus-monitoring-kube-prometheus-prometheus-1,e702e69f-594f-4926-a262-6e6c1f000dcd,4295081642,5.90,0.0083,,,0.3360,708,0,0.13,12,2.06,186,0.687124,0.000000
pod,2026-03-02 11:04:27.772,hostnode,hn,consul-5f547dd555-vbfn4,ed5acd96-1b5b-4f18-8762-f8b4a711aa55,4294976255,3.01,0.0078,,,0.0270,386,0,0.00,0,0.00,0,0.076200,0.000000
pod,2026-03-02 11:04:27.772,hostnode,sn,post-storage-mongodb-5bb6bd964c-qrnwb,ed9d9c33-6043-4865-9dbb-2ba38d33338a,4294975457,1.73,0.0103,,,0.2850,168,0,0.00,0,0.09,2,0.057326,0.000000
pod,2026-03-02 11:04:27.772,hostnode,hn,memcached-rate-6b6b8fc64b-j4mtd,f33aa9b9-0098-4bab-af1f-d9f4580bdcca,4294976087,0.04,0.0120,,,0.0160,3,0,0.00,0,0.00,0,0.001085,0.000000
pod,2026-03-02 11:04:27.772,hostnode,sn,unique-id-service-c5567d7f5-98pmc,f5e5cd76-4c56-44db-b87d-8c5f1188c68e,4294974785,0.00,0.0000,,,0.0000,0,0,0.00,0,0.00,0,0.000000,0.000000
pod,2026-03-02 11:04:27.772,hostnode,sn,post-storage-memcached-58c9f787f-454vt,f76ac518-c32c-48c1-a2c6-1dcb17dbcbef,4294975583,0.04,0.0065,,,0.0110,6,0,0.00,0,0.00,0,0.001055,0.000000
pod,2026-03-02 11:04:27.772,hostnode,monitoring,monitoring-kube-prometheus-operator-fbbbd799-pcnxn,f8959bf3-7786-4a44-945d-eff1c489992a,4295080313,0.50,0.0075,,,0.0270,66,0,0.00,0,0.00,0,0.011523,0.000000
pod,2026-03-02 11:04:27.772,hostnode,kube-system,coredns-5ddd84546d-vpwgd,fa8a2c26-1ab8-41c4-8317-ac2e6d17ed89,4294974278,0.29,0.0082,,,0.0500,36,0,0.00,0,0.07,6,0.011862,0.000000
pod,2026-03-02 11:04:27.772,hostnode,sn,user-memcached-8cc658895-bj2wf,fc7fd578-af0d-4bb8-9e88-5d60e166f1d4,4294975541,0.06,0.0093,,,0.0170,6,0,0.00,0,0.00,0,0.001093,0.000000
node,2026-03-02 11:04:28.772,hostnode,,,,,208.84,0.0113,0.0150,0.0150,4.7420,18510,1,1.73,17,4.17,199,13.843774,0.121821
pod,2026-03-02 11:04:28.772,hostnode,sa,feedback-inference-4-bcdcc4954-nscth,0150e3da-bbb2-44fc-98a6-deb41f36babb,4294975919,0.12,0.0074,,,0.0110,16,0,0.00,0,0.00,0,0.010853,0.000000
pod,2026-03-02 11:04:28.772,hostnode,sn,user-timeline-redis-666c98cb6-2pp72,02f33c1a-7b7d-4b1d-affc-3d48159aa4e1,4294975499,0.08,0.0079,,,0.0150,10,0,0.00,0,0.00,0,0.007077,0.000000
pod,2026-03-02 11:04:28.772,hostnode,hn,recommendation-6fd4576595-qzp7p,03b217b1-3eb0-43df-82d5-903db410307f,4294976759,0.09,0.0089,,,0.0170,10,0,0.00,0,0.00,0,0.002202,0.000000
pod,2026-03-02 11:04:28.772,hostnode,hn,memcached-profile-66685f65f-6q9lm,05600750-6235-4cea-a85f-768f670b18ee,4294976129,0.04,0.0070,,,0.0120,6,0,0.00,0,0.00,0,0.001215,0.000000
pod,2026-03-02 11:04:28.772,hostnode,default,fuzzy-proof-4,09dd6cba-ae69-4561-9fcc-a8fbc26b78fc,4294976885,0.00,0.0000,,,0.0000,0,0,0.00,0,0.00,0,0.000000,0.000000
pod,2026-03-02 11:04:28.772,hostnode,hn,reservation-7b7956cd6b-w78wd,0bcb305f-c199-4f79-8255-5bfd30011440,4294976591,0.08,0.0081,,,0.0150,10,0,0.00,0,0.00,0,0.001922,0.000000
pod,2026-03-02 11:04:28.772,hostnode,sn,user-mongodb-dcb5fbc96-p8vbh,0f8edb85-6f09-4967-834b-c4e29026ce53,4294975247,1.16,0.0070,,,0.0200,167,0,0.00,0,0.08,2,0.050976,0.000000
pod,2026-03-02 11:04:28.772,hostnode,sa,feedback-inference-3-bbfcf6979-nc9n2,11c2484c-ee59-4cf1-b235-e5f0bea30e4b,4294975877,0.12,0.0081,,,0.0170,15,0,0.00,0,0.00,0,0.010781,0.000000
pod,2026-03-02 11:04:28.772,hostnode,default,consul-5f547dd555-5fphc,138143ae-daea-4128-92ae-7c247466d7d4,4294975961,4.30,0.0108,,,0.9400,398,0,0.00,0,0.03,5,0.083717,0.000000
pod,2026-03-02 11:04:28.772,hostnode,sn,social-graph-redis-545664784f-hj79p,13e148d0-b339-49ee-b0ce-b37559cd27c6,4294974447,0.07,0.0069,,,0.0100,10,0,0.00,0,0.00,0,0.006517,0.000000
pod,2026-03-02 11:04:28.772,hostnode,hn,mongodb-recommendation-98859d4d7-z5qfb,1514f4ec-f718-4bec-a3e8-bea39d0fedd1,4294976675,1.33,0.0351,,,0.9490,38,0,0.00,0,0.00,0,0.019942,0.000000
pod,2026-03-02 11:04:28.772,hostnode,ksense,ksense-5rfvq,1893397c-8b62-4aea-8a5e-d5c5032d91f8,4294989630,0.34,0.0095,,,0.0630,36,0,0.00,0,0.00,0,7.847744,0.000000
pod,2026-03-02 11:04:28.772,hostnode,sn,social-graph-mongodb-6bf674bf9-vq4jm,1c0ce9e4-e1fb-455a-976e-11005acce9d0,4294974953,1.17,0.0071,,,0.0290,166,0,0.00,0,0.10,2,0.053119,0.000000
pod,2026-03-02 11:04:28.772,hostnode,hn,jaeger-b49ccf55-rbg7n,1e3eeb12-a307-41de-92ee-7ec930767d58,4294976381,0.04,0.0103,,,0.0170,4,0,0.00,0,0.00,0,0.000847,0.000000
pod,2026-03-02 11:04:28.772,hostnode,kube-system,calico-kube-controllers-5b9b456c66-qz22s,247149cd-61e5-4048-a7ef-75de96589398,4294974080,0.00,0.0000,,,0.0000,0,0,0.00,0,0.00,0,0.000000,0.000000
pod,2026-03-02 11:04:28.772,hostnode,hn,mongodb-user-86f7788f59-vwx8w,24987f22-ac3e-4037-b7e4-674696f71bfe,4294976843,0.32,0.0079,,,0.0200,41,0,0.00,0,0.05,1,0.023043,0.000000
pod,2026-03-02 11:04:28.772,hostnode,sn,nginx-thrift-7f6f5d6b69-74vws,2d8ff9cc-73b2-47da-b0da-657ba9857d06,4294975289,0.00,0.0000,,,0.0000,0,0,0.00,0,0.00,0,0.000000,0.000000
pod,2026-03-02 11:04:28.772,hostnode,hn,memcached-reserve-66b4d9f986-twx7c,2e8cef70-b460-406c-822d-006e7c0c71a4,4294976171,0.03,0.0060,,,0.0120,5,0,0.00,0,0.00,0,0.000898,0.000000
pod,2026-03-02 11:04:28.772,hostnode,monitoring,monitoring-prometheus-node-exporter-679rr,309bc67f-0f97-4902-8e57-5f369481d878,4295080229,0.00,0.0000,,,0.0000,0,0,0.00,0,0.00,0,0.000000,0.000000
pod,2026-03-02 11:04:28.772,hostnode,hn,geo-75469c5bc9-b6l8f,4615d84f-8e28-403b-af02-b8c6c579361d,4294976003,0.18,0.0067,,,0.0140,27,0,0.00,0,0.00,0,0.005206,0.000000
pod,2026-03-02 11:04:28.772,hostnode,hn,mongodb-reservation-8566bbcb4f-rmkm5,5557386c-9898-4425-8979-6492e67868ee,4294976549,0.37,0.0095,,,0.0390,39,0,0.00,0,0.00,0,0.020031,0.000000
pod,2026-03-02 11:04:28.772,hostnode,sn,social-graph-service-6b48d496c6-flfvk,56f4636a-d485-4728-9bb6-0e7977b14a71,4294974995,0.04,0.0092,,,0.0110,4,0,0.00,0,0.07,2,0.003432,0.000000
pod,2026-03-02 11:04:28.772,hostnode,ksense,fuzzy-scheduler-55c7fbbd75-xnggn,58bdb2da-a465-4653-b30a-5f823bd79594,4295063948,0.99,0.0098,,,0.1910,102,0,0.00,0,0.00,0,0.017328,0.000000
pod,2026-03-02 11:04:28.772,hostnode,sn,user-mention-service-77b4dc8db6-qqb2p,5da702aa-5da1-48a1-a861-a28a962145a8,4294975121,0.01,0.0060,,,0.0060,1,0,0.00,0,0.00,0,0.000191,0.000000
pod,2026-03-02 11:04:28.772,hostnode,sa,feedback-inference-2-867b854976-qrcmg,63ea3062-c44d-4786-b84c-d210df45b2f8,4294975793,0.13,0.0085,,,0.0180,15,0,0.00,0,0.00,0,0.010354,0.000000
pod,2026-03-02 11:04:28.772,hostnode,hn,mongodb-rate-78677645d4-4v2h5,66c8e931-7fa3-448a-8822-0b2db155e788,4294976633,0.27,0.0071,,,0.0180,38,0,0.00,0,0.00,0,0.018005,0.000000
pod,2026-03-02 11:04:28.772,hostnode,sa,feedback-inference-1-6b858c77b9-99c4j,6a98d5b2-6ae0-4348-ba84-d32a8010d14b,4294975625,0.35,0.0236,,,0.2540,15,0,0.00,0,0.00,0,0.012460,0.000000
pod,2026-03-02 11:04:28.772,hostnode,sn,media-frontend-6bd9df9d6d-5vf4w,6be52f8a-5cf7-4c4d-a9cf-b851c52694e7,4294975077,0.00,0.0000,,,0.0000,0,0,0.00,0,0.00,0,0.000000,0.000000
pod,2026-03-02 11:04:28.772,hostnode,sn,media-memcached-657c8b4cdf-4cc9x,6d187294-14f3-4f11-b66b-6f178abedac4,4294974743,0.03,0.0050,,,0.0070,6,0,0.00,0,0.00,0,0.001009,0.000000
pod,2026-03-02 11:04:28.772,hostnode,monitoring,alertmanager-monitoring-kube-prometheus-alertmanager-0,70957292-81e5-4ffe-b8ad-b44e4de4b326,4295080817,0.12,0.0067,,,0.0150,18,0,0.00,0,0.03,1,0.008373,0.000000
pod,2026-03-02 11:04:28.772,hostnode,sn,media-service-68f5f7ccbf-ks945,76c3a8df-aede-4a5f-b8bd-e74ce509a7e6,4294975331,0.00,0.0000,,,0.0000,0,0,0.00,0,0.00,0,0.000000,0.000000
pod,2026-03-02 11:04:28.772,hostnode,sn,home-timeline-redis-698c8bc65d-4c45h,79688f0b-7ab6-4f35-8438-aec8c8300d03,4294974827,0.08,0.0079,,,0.0110,10,0,0.00,0,0.00,0,0.008446,0.000000
pod,2026-03-02 11:04:28.772,hostnode,sa,feedback-inference-7-8f6cf7999-f5qn4,7aa819af-f314-4532-a0f4-c5e2a11fc6ef,4294975835,0.11,0.0070,,,0.0140,16,0,0.00,0,0.00,0,0.010346,0.000000
pod,2026-03-02 11:04:28.772,hostnode,monitoring,monitoring-grafana-67776b6b66-sxl62,7bda2edc-62de-4b78-aa7c-8a99331d9370,4295080355,2.11,0.0153,,,0.9310,138,0,0.00,0,0.00,0,0.031700,0.000000
pod,2026-03-02 11:04:28.772,hostnode,default,feedback-inference-5c9b57cc5f-mpxx5,7d6b10a5-b07a-4b60-8c9d-7d0462b491f0,4294975709,0.14,0.0101,,,0.0210,14,0,0.00,0,0.00,0,0.011229,0.000000
pod,2026-03-02 11:04:28.772,hostnode,kube-system,selling-resource-scheduler-7cc89db49c-ns9jm,894845d8-cc58-483b-bbf2-260807dd8e81,4294974127,0.00,0.0000,,,0.0000,0,0,0.00,0,0.00,0,0.000000,0.000000
pod,2026-03-02 11:04:28.772,hostnode,sa,feedback-inference-5-596d5b64b9-sw9t7,898a0bea-057b-41e9-bedf-78eae2237e12,4294975667,0.10,0.0066,,,0.0120,16,0,0.00,0,0.00,0,0.011200,0.000000
pod,2026-03-02 11:04:28.772,hostnode,default,fuzzy-proof-1,8adacebd-6468-43f9-bad1-e7258d23d25b,4294977053,0.00,0.0000,,,0.0000,0,0,0.00,0,0.00,0,0.000000,0.000000
pod,2026-03-02 11:04:28.772,hostnode,hn,mongodb-profile-57b898f69-869rl,8c3bade4-b9e1-44f3-bdaa-e8f9a77e60b6,4294976339,0.40,0.0080,,,0.0280,50,0,0.00,0,0.05,1,0.026009,0.000000
pod,2026-03-02 11:04:28.772,hostnode,hn,mongodb-geo-5cf4479bd9-4tflp,8c63a64e-3582-4fa5-a1a2-9d52222005c7,4294976213,0.40,0.0080,,,0.0220,50,0,0.00,0,0.07,1,0.023041,0.000000
pod,2026-03-02 11:04:28.772,hostnode,kube-system,metrics-server-7fbfbcc44c-57twc,8e0cbdb2-8b37-43d7-bd2e-e7bc88f71486,4294974340,0.50,0.0092,,,0.0420,54,0,0.00,0,0.00,0,0.012725,0.000000
pod,2026-03-02 11:04:28.772,hostnode,default,fuzzy-proof-5,95708664-be88-4490-ba1e-7092ec6ba570,4294977011,0.00,0.0000,,,0.0000,0,0,0.00,0,0.00,0,0.000000,0.000000
pod,2026-03-02 11:04:28.772,hostnode,kube-system,coredns-5ddd84546d-cscpm,957aa029-5b70-4fcf-bf3e-194e127920be,4294974221,0.31,0.0070,,,0.0180,45,0,0.00,0,0.09,6,0.011738,0.000000
pod,2026-03-02 11:04:28.772,hostnode,sn,url-shorten-service-5576f95bc-dlkwp,970ae5df-45da-47b3-9c77-f2aaf6297dd0,4294975415,0.06,0.0122,,,0.0160,5,0,0.00,0,0.07,2,0.003711,0.000000
pod,2026-03-02 11:04:28.772,hostnode,default,fuzzy-proof-3,9bb793d0-cf0f-4e92-ab39-a1f6b2a25f81,4294976927,0.00,0.0000,,,0.0000,0,0,0.00,0,0.00,0,0.000000,0.000000
pod,2026-03-02 11:04:28.772,hostnode,ksense,collector-name-sample,9f3d30b5-8cbf-41cc-bc8d-b5d893e029dc,4295117360,0.02,0.0160,,,0.0160,1,0,0.00,0,0.00,0,0.391729,0.000000
pod,2026-03-02 11:04:28.772,hostnode,sn,user-timeline-mongodb-76c59d86fb-f292x,a152d98d-6f60-4ea7-a931-fad144116366,4294975373,2.20,0.0135,,,1.0910,163,0,0.00,0,0.08,2,0.054505,0.000000
pod,2026-03-02 11:04:28.772,hostnode,hn,search-6dfc557989-qjbl9,a1b75670-727f-4e89-92df-b40d967893d6,4294976423,0.04,0.0088,,,0.0100,4,0,0.00,0,0.00,0,0.000972,0.000000
pod,2026-03-02 11:04:28.772,hostnode,local-path-storage,local-path-provisioner-7dd969c95d-74d4t,a6ae812c-2f36-4242-951e-7c510528abdf,4294974169,0.00,0.0000,,,0.0000,0,0,0.00,0,0.00,0,0.000000,0.000000
pod,2026-03-02 11:04:28.772,hostnode,sn,url-shorten-mongodb-5b844598c6-fp9c7,a8cd873b-f644-410c-84de-9107a29e8a95,4294975163,2.27,0.0139,,,1.0460,163,0,0.00,0,0.10,2,0.049246,0.000000
pod,2026-03-02 11:04:28.772,hostnode,default,fuzzy-proof-2,aaae8af9-ce6d-4315-8571-0b20fd1508a3,4294976969,0.00,0.0000,,,0.0000,0,0,0.00,0,0.00,0,0.000000,0.000000
pod,2026-03-02 11:04:28.772,hostnode,monitoring,monitoring-kube-state-metrics-76b67dc76d-8q9gk,ad30444e-ccf1-472e-bbdf-808e7e5136d7,4295080271,0.13,0.0108,,,0.0140,12,0,0.00,0,0.03,1,0.005530,0.000000
pod,2026-03-02 11:04:28.772,hostnode,hn,rate-846d5c7957-7h6m6,ba1cc2cd-8a02-4c6c-bbdb-e783523c7a7d,4294976717,0.10,0.0087,,,0.0130,12,0,0.00,0,0.00,0,0.002526,0.000000
pod,2026-03-02 11:04:28.772,hostnode,sn,jaeger-5b7d8bb6fb-z8cnp,bb2cfec0-cd8a-4f5f-ad4d-eeeba610930f,4294974617,0.07,0.0078,,,0.0150,9,0,0.00,0,0.00,0,0.002526,0.000000
pod,2026-03-02 11:04:28.772,hostnode,sn,user-service-76d887dc94-bgj68,bf074cdf-70ff-4a02-abb0-d6d0be29abe2,4294974869,0.06,0.0128,,,0.0170,5,0,0.00,0,0.06,2,0.003682,0.000000
pod,2026-03-02 11:04:28.772,hostnode,hn,user-6c488f4d-hjphk,bf3df9a5-b422-4af5-864a-d651de48d26f,4294976801,0.15,0.0084,,,0.0200,18,0,0.00,0,0.00,0,0.004042,0.000000
pod,2026-03-02 11:04:28.772,hostnode,hn,frontend-74b855d7b8-7fbgr,c30245d8-5651-4f6b-a7d9-1712bf6e4e88,4294976045,0.05,0.0094,,,0.0210,5,0,0.00,0,0.00,0,0.001156,0.000000
pod,2026-03-02 11:04:28.772,hostnode,sn,text-service-66d6fd5c8b-v9k4t,c310a012-592c-495e-90f2-168aa1cee704,4294975205,0.00,0.0000,,,0.0000,0,0,0.00,0,0.00,0,0.000000,0.000000
pod,2026-03-02 11:04:28.772,hostnode,hn,profile-54f6c7d985-v5ghx,c57a536e-ce39-4941-aff4-622d8fe82651,4294976297,0.16,0.0065,,,0.0160,24,0,0.00,0,0.00,0,0.004433,0.000000
pod,2026-03-02 11:04:28.772,hostnode,sn,url-shorten-memcached-844b6d854f-f5m7l,d48a2e27-ce92-48da-9b79-fed0072b5dbf,4294974533,0.03,0.0113,,,0.0170,3,0,0.00,0,0.00,0,0.000913,0.000000
pod,2026-03-02 11:04:28.772,hostnode,monitoring,prometheus-monitoring-kube-prometheus-prometheus-0,d5eed4b3-8e52-4dc1-9c6e-da95a7b40277,4295080859,0.35,0.0077,,,0.0140,46,0,0.00,0,0.00,0,0.148834,0.000000
pod,2026-03-02 11:04:28.772,hostnode,sn,compose-post-service-5b5b7d59cc-4zs9g,d712ed1f-7a93-410f-82a6-ef80735a231c,4294974491,0.00,0.0000,,,0.0000,0,0,0.00,0,0.00,0,0.000000,0.000000
pod,2026-03-02 11:04:28.772,hostnode,sn,home-timeline-service-ff4b9db4f-vdjm5,da072777-52fd-4834-9c10-0ee0f82da1c9,4294974701,0.00,0.0000,,,0.0000,0,0,0.00,0,0.00,0,0.000000,0.000000
pod,2026-03-02 11:04:28.772,hostnode,sn,user-timeline-service-5454759db5-vnwvl,dc0f2321-e793-49e9-9ee1-937c87155298,4294974659,0.07,0.0130,,,0.0180,5,0,0.00,0,0.08,2,0.003799,0.000000
pod,2026-03-02 11:04:28.772,hostnode,kube-system,kube-proxy-49fw8,dc101e1d-3f1f-410b-b83e-ee7fac561bac,4294973996,0.00,0.0000,,,0.0000,0,0,0.00,0,0.00,0,0.000000,0.000000
pod,2026-03-02 11:04:28.772,hostnode,kube-system,calico-node-87zh8,dcafcb5d-4d9d-4a0a-a50e-9b777755abe1,4294974038,4.51,0.0085,,,0.2160,528,0,0.00,0,0.00,0,0.104923,0.000000
pod,2026-03-02 11:04:28.772,hostnode,sn,post-storage-service-588b9754bb-cr94b,df7754d7-8bc5-4bec-8298-6777d24ad6ed,4294974911,0.04,0.0105,,,0.0120,4,0,0.00,0,0.06,2,0.003011,0.000000
pod,2026-03-02 11:04:28.772,hostnode,sn,media-mongodb-d697b6485-hzsvf,e142aae7-6ba9-48d3-b5bf-9d819ce77fac,4294974575,1.23,0.0075,,,0.0280,164,0,0.00,0,0.00,0,0.050753,0.000000
pod,2026-03-02 11:04:28.772,hostnode,sa,feedback-inference-6-6649d68c48-8w8x2,e2decc3f-3382-4912-8838-e68559a26a98,4294975751,0.13,0.0082,,,0.0160,16,0,0.00,0,0.00,0,0.010382,0.000000
pod,2026-03-02 11:04:28.772,hostnode,monitoring,prometheus-monitoring-kube-prometheus-prometheus-1,e702e69f-594f-4926-a262-6e6c1f000dcd,4295081642,0.41,0.0074,,,0.0260,56,0,0.00,0,0.04,1,0.155049,0.000000
pod,2026-03-02 11:04:28.772,hostnode,hn,consul-5f547dd555-vbfn4,ed5acd96-1b5b-4f18-8762-f8b4a711aa55,4294976255,3.26,0.0083,,,0.0480,394,0,0.00,0,0.03,5,0.080668,0.000000
pod,2026-03-02 11:04:28.772,hostnode,sn,post-storage-mongodb-5bb6bd964c-qrnwb,ed9d9c33-6043-4865-9dbb-2ba38d33338a,4294975457,2.46,0.0151,,,1.2800,163,0,0.00,0,0.10,2,0.051607,0.000000
pod,2026-03-02 11:04:28.772,hostnode,hn,memcached-rate-6b6b8fc64b-j4mtd,f33aa9b9-0098-4bab-af1f-d9f4580bdcca,4294976087,0.03,0.0062,,,0.0090,5,0,0.00,0,0.00,0,0.001200,0.000000
pod,2026-03-02 11:04:28.772,hostnode,sn,unique-id-service-c5567d7f5-98pmc,f5e5cd76-4c56-44db-b87d-8c5f1188c68e,4294974785,0.01,0.0070,,,0.0070,1,0,0.00,0,0.00,0,0.000214,0.000000
pod,2026-03-02 11:04:28.772,hostnode,sn,post-storage-memcached-58c9f787f-454vt,f76ac518-c32c-48c1-a2c6-1dcb17dbcbef,4294975583,0.03,0.0057,,,0.0080,6,0,0.00,0,0.00,0,0.000972,0.000000
pod,2026-03-02 11:04:28.772,hostnode,monitoring,monitoring-kube-prometheus-operator-fbbbd799-pcnxn,f8959bf3-7786-4a44-945d-eff1c489992a,4295080313,0.49,0.0091,,,0.0360,54,0,0.00,0,0.00,0,0.013438,0.000000
pod,2026-03-02 11:04:28.772,hostnode,kube-system,coredns-5ddd84546d-vpwgd,fa8a2c26-1ab8-41c4-8317-ac2e6d17ed89,4294974278,0.33,0.0070,,,0.0190,47,0,0.00,0,0.10,6,0.011486,0.000000
pod,2026-03-02 11:04:28.772,hostnode,sn,user-memcached-8cc658895-bj2wf,fc7fd578-af0d-4bb8-9e88-5d60e166f1d4,4294975541,0.04,0.0070,,,0.0080,5,0,0.00,0,0.00,0,0.000950,0.000000
node,2026-03-02 11:04:29.771,hostnode,,,,,184.31,0.0102,0.0150,0.0150,2.3550,18131,1,2.82,19,3.95,179,13.482280,0.067518
pod,2026-03-02 11:04:29.771,hostnode,sa,feedback-inference-4-bcdcc4954-nscth,0150e3da-bbb2-44fc-98a6-deb41f36babb,4294975919,0.09,0.0066,,,0.0090,14,0,0.00,0,0.00,0,0.009446,0.000000
pod,2026-03-02 11:04:29.771,hostnode,sn,user-timeline-redis-666c98cb6-2pp72,02f33c1a-7b7d-4b1d-affc-3d48159aa4e1,4294975499,0.10,0.0097,,,0.0160,10,0,0.00,0,0.00,0,0.006215,0.000000
pod,2026-03-02 11:04:29.771,hostnode,hn,recommendation-6fd4576595-qzp7p,03b217b1-3eb0-43df-82d5-903db410307f,4294976759,0.10,0.0094,,,0.0220,11,0,0.00,0,0.00,0,0.001794,0.000000
pod,2026-03-02 11:04:29.771,hostnode,hn,memcached-profile-66685f65f-6q9lm,05600750-6235-4cea-a85f-768f670b18ee,4294976129,0.02,0.0060,,,0.0070,3,0,0.00,0,0.00,0,0.000814,0.000000
pod,2026-03-02 11:04:29.771,hostnode,default,fuzzy-proof-4,09dd6cba-ae69-4561-9fcc-a8fbc26b78fc,4294976885,0.00,0.0000,,,0.0000,0,0,0.00,0,0.00,0,0.000000,0.000000
pod,2026-03-02 11:04:29.771,hostnode,hn,reservation-7b7956cd6b-w78wd,0bcb305f-c199-4f79-8255-5bfd30011440,4294976591,0.21,0.0100,,,0.0240,21,0,0.00,0,0.04,1,0.005173,0.000000
pod,2026-03-02 11:04:29.771,hostnode,sn,user-mongodb-dcb5fbc96-p8vbh,0f8edb85-6f09-4967-834b-c4e29026ce53,4294975247,2.42,0.0151,,,1.2400,161,0,0.00,0,0.10,2,0.054712,0.000000
pod,2026-03-02 11:04:29.771,hostnode,sa,feedback-inference-3-bbfcf6979-nc9n2,11c2484c-ee59-4cf1-b235-e5f0bea30e4b,4294975877,0.14,0.0101,,,0.0530,14,0,0.00,0,0.00,0,0.008718,0.000000
pod,2026-03-02 11:04:29.771,hostnode,default,consul-5f547dd555-5fphc,138143ae-daea-4128-92ae-7c247466d7d4,4294975961,2.79,0.0074,,,0.0270,377,0,0.00,0,0.00,0,0.069465,0.000000
pod,2026-03-02 11:04:29.771,hostnode,sn,social-graph-redis-545664784f-hj79p,13e148d0-b339-49ee-b0ce-b37559cd27c6,4294974447,0.09,0.0086,,,0.0150,10,0,0.00,0,0.00,0,0.006683,0.000000
pod,2026-03-02 11:04:29.771,hostnode,hn,mongodb-recommendation-98859d4d7-z5qfb,1514f4ec-f718-4bec-a3e8-bea39d0fedd1,4294976675,0.34,0.0080,,,0.0190,42,0,0.00,0,0.00,0,0.023379,0.000000
pod,2026-03-02 11:04:29.771,hostnode,ksense,ksense-5rfvq,1893397c-8b62-4aea-8a5e-d5c5032d91f8,4294989630,0.38,0.0096,,,0.0540,39,0,0.00,0,0.00,0,7.949303,0.000000
pod,2026-03-02 11:04:29.771,hostnode,sn,social-graph-mongodb-6bf674bf9-vq4jm,1c0ce9e4-e1fb-455a-976e-11005acce9d0,4294974953,1.13,0.0068,,,0.0350,165,0,0.00,0,0.08,2,0.054932,0.000000
pod,2026-03-02 11:04:29.771,hostnode,hn,jaeger-b49ccf55-rbg7n,1e3eeb12-a307-41de-92ee-7ec930767d58,4294976381,0.04,0.0092,,,0.0170,4,0,0.00,0,0.00,0,0.000617,0.000000
pod,2026-03-02 11:04:29.771,hostnode,kube-system,calico-kube-controllers-5b9b456c66-qz22s,247149cd-61e5-4048-a7ef-75de96589398,4294974080,0.00,0.0000,,,0.0000,0,0,0.00,0,0.00,0,0.000000,0.000000
pod,2026-03-02 11:04:29.771,hostnode,hn,mongodb-user-86f7788f59-vwx8w,24987f22-ac3e-4037-b7e4-674696f71bfe,4294976843,1.31,0.0327,,,0.9550,40,0,0.00,0,0.04,1,0.027071,0.000000
pod,2026-03-02 11:04:29.771,hostnode,sn,nginx-thrift-7f6f5d6b69-74vws,2d8ff9cc-73b2-47da-b0da-657ba9857d06,4294975289,0.00,0.0000,,,0.0000,0,0,0.00,0,0.00,0,0.000000,0.000000
pod,2026-03-02 11:04:29.771,hostnode,hn,memcached-reserve-66b4d9f986-twx7c,2e8cef70-b460-406c-822d-006e7c0c71a4,4294976171,0.04,0.0072,,,0.0140,6,0,0.00,0,0.00,0,0.001720,0.000000
pod,2026-03-02 11:04:29.771,hostnode,monitoring,monitoring-prometheus-node-exporter-679rr,309bc67f-0f97-4902-8e57-5f369481d878,4295080229,0.00,0.0000,,,0.0000,0,0,0.00,0,0.00,0,0.000000,0.000000
pod,2026-03-02 11:04:29.771,hostnode,hn,geo-75469c5bc9-b6l8f,4615d84f-8e28-403b-af02-b8c6c579361d,4294976003,0.17,0.0056,,,0.0210,31,0,0.00,0,0.00,0,0.004439,0.000000
pod,2026-03-02 11:04:29.771,hostnode,hn,mongodb-reservation-8566bbcb4f-rmkm5,5557386c-9898-4425-8979-6492e67868ee,4294976549,0.35,0.0084,,,0.0190,42,0,0.00,0,0.04,1,0.028248,0.000000
pod,2026-03-02 11:04:29.771,hostnode,sn,social-graph-service-6b48d496c6-flfvk,56f4636a-d485-4728-9bb6-0e7977b14a71,4294974995,0.05,0.0125,,,0.0320,4,0,0.00,0,0.08,2,0.002904,0.000000
pod,2026-03-02 11:04:29.771,hostnode,ksense,fuzzy-scheduler-55c7fbbd75-xnggn,58bdb2da-a465-4653-b30a-5f823bd79594,4295063948,0.60,0.0067,,,0.0270,89,0,0.00,0,0.00,0,0.015598,0.000000
pod,2026-03-02 11:04:29.771,hostnode,sn,user-mention-service-77b4dc8db6-qqb2p,5da702aa-5da1-48a1-a861-a28a962145a8,4294975121,0.00,0.0000,,,0.0000,0,0,0.00,0,0.00,0,0.000000,0.000000
pod,2026-03-02 11:04:29.771,hostnode,sa,feedback-inference-2-867b854976-qrcmg,63ea3062-c44d-4786-b84c-d210df45b2f8,4294975793,0.10,0.0068,,,0.0130,14,0,0.00,0,0.00,0,0.008736,0.000000
pod,2026-03-02 11:04:29.771,hostnode,hn,mongodb-rate-78677645d4-4v2h5,66c8e931-7fa3-448a-8822-0b2db155e788,4294976633,0.37,0.0078,,,0.0280,47,0,0.00,0,0.04,1,0.025252,0.000000
pod,2026-03-02 11:04:29.771,hostnode,sa,feedback-inference-1-6b858c77b9-99c4j,6a98d5b2-6ae0-4348-ba84-d32a8010d14b,4294975625,0.10,0.0071,,,0.0130,14,0,0.00,0,0.00,0,0.009839,0.000000
pod,2026-03-02 11:04:29.771,hostnode,sn,media-frontend-6bd9df9d6d-5vf4w,6be52f8a-5cf7-4c4d-a9cf-b851c52694e7,4294975077,0.00,0.0000,,,0.0000,0,0,0.00,0,0.00,0,0.000000,0.000000
pod,2026-03-02 11:04:29.771,hostnode,sn,media-memcached-657c8b4cdf-4cc9x,6d187294-14f3-4f11-b66b-6f178abedac4,4294974743,0.03,0.0110,,,0.0200,3,0,0.00,0,0.00,0,0.000727,0.000000
pod,2026-03-02 11:04:29.771,hostnode,monitoring,alertmanager-monitoring-kube-prometheus-alertmanager-0,70957292-81e5-4ffe-b8ad-b44e4de4b326,4295080817,0.00,0.0000,,,0.0000,0,0,0.00,0,0.00,0,0.000000,0.000000
pod,2026-03-02 11:04:29.771,hostnode,sn,media-service-68f5f7ccbf-ks945,76c3a8df-aede-4a5f-b8bd-e74ce509a7e6,4294975331,0.00,0.0000,,,0.0000,0,0,0.00,0,0.00,0,0.000000,0.000000
pod,2026-03-02 11:04:29.771,hostnode,sn,home-timeline-redis-698c8bc65d-4c45h,79688f0b-7ab6-4f35-8438-aec8c8300d03,4294974827,0.07,0.0072,,,0.0120,10,0,0.00,0,0.00,0,0.007694,0.000000
pod,2026-03-02 11:04:29.771,hostnode,sa,feedback-inference-7-8f6cf7999-f5qn4,7aa819af-f314-4532-a0f4-c5e2a11fc6ef,4294975835,0.12,0.0085,,,0.0310,14,0,0.00,0,0.00,0,0.008946,0.000000
pod,2026-03-02 11:04:29.771,hostnode,monitoring,monitoring-grafana-67776b6b66-sxl62,7bda2edc-62de-4b78-aa7c-8a99331d9370,4295080355,3.47,0.0282,,,2.3550,123,0,0.00,0,0.00,0,0.032195,0.000000
pod,2026-03-02 11:04:29.771,hostnode,default,feedback-inference-5c9b57cc5f-mpxx5,7d6b10a5-b07a-4b60-8c9d-7d0462b491f0,4294975709,0.12,0.0079,,,0.0210,15,0,0.00,0,0.00,0,0.012799,0.000000
pod,2026-03-02 11:04:29.771,hostnode,kube-system,selling-resource-scheduler-7cc89db49c-ns9jm,894845d8-cc58-483b-bbf2-260807dd8e81,4294974127,0.00,0.0000,,,0.0000,0,0,0.00,0,0.00,0,0.000000,0.000000
pod,2026-03-02 11:04:29.771,hostnode,sa,feedback-inference-5-596d5b64b9-sw9t7,898a0bea-057b-41e9-bedf-78eae2237e12,4294975667,0.11,0.0080,,,0.0200,14,0,0.00,0,0.00,0,0.010474,0.000000
pod,2026-03-02 11:04:29.771,hostnode,default,fuzzy-proof-1,8adacebd-6468-43f9-bad1-e7258d23d25b,4294977053,0.00,0.0000,,,0.0000,0,0,0.00,0,0.00,0,0.000000,0.000000
pod,2026-03-02 11:04:29.771,hostnode,hn,mongodb-profile-57b898f69-869rl,8c3bade4-b9e1-44f3-bdaa-e8f9a77e60b6,4294976339,0.26,0.0069,,,0.0120,37,0,0.00,0,0.00,0,0.025153,0.000000
pod,2026-03-02 11:04:29.771,hostnode,hn,mongodb-geo-5cf4479bd9-4tflp,8c63a64e-3582-4fa5-a1a2-9d52222005c7,4294976213,0.39,0.0104,,,0.0490,37,0,0.00,0,0.00,0,0.023205,0.000000
pod,2026-03-02 11:04:29.771,hostnode,kube-system,metrics-server-7fbfbcc44c-57twc,8e0cbdb2-8b37-43d7-bd2e-e7bc88f71486,4294974340,0.82,0.0088,,,0.1270,93,0,0.00,0,0.04,1,0.018901,0.000000
pod,2026-03-02 11:04:29.771,hostnode,default,fuzzy-proof-5,95708664-be88-4490-ba1e-7092ec6ba570,4294977011,0.00,0.0000,,,0.0000,0,0,0.00,0,0.00,0,0.000000,0.000000
pod,2026-03-02 11:04:29.771,hostnode,kube-system,coredns-5ddd84546d-cscpm,957aa029-5b70-4fcf-bf3e-194e127920be,4294974221,0.23,0.0065,,,0.0130,35,0,0.02,1,0.07,6,0.008057,0.000000
pod,2026-03-02 11:04:29.771,hostnode,sn,url-shorten-service-5576f95bc-dlkwp,970ae5df-45da-47b3-9c77-f2aaf6297dd0,4294975415,0.09,0.0220,,,0.0560,4,0,0.00,0,0.08,2,0.002904,0.000000
pod,2026-03-02 11:04:29.771,hostnode,default,fuzzy-proof-3,9bb793d0-cf0f-4e92-ab39-a1f6b2a25f81,4294976927,0.00,0.0000,,,0.0000,0,0,0.00,0,0.00,0,0.000000,0.000000
pod,2026-03-02 11:04:29.771,hostnode,ksense,collector-name-sample,9f3d30b5-8cbf-41cc-bc8d-b5d893e029dc,4295117360,0.04,0.0150,,,0.0250,3,0,0.00,0,0.00,0,1.776425,0.000000
pod,2026-03-02 11:04:29.771,hostnode,sn,user-timeline-mongodb-76c59d86fb-f292x,a152d98d-6f60-4ea7-a931-fad144116366,4294975373,1.25,0.0077,,,0.0280,163,0,0.00,0,0.07,2,0.062510,0.000000
pod,2026-03-02 11:04:29.771,hostnode,hn,search-6dfc557989-qjbl9,a1b75670-727f-4e89-92df-b40d967893d6,4294976423,0.03,0.0066,,,0.0100,5,0,0.00,0,0.00,0,0.000912,0.000000
pod,2026-03-02 11:04:29.771,hostnode,local-path-storage,local-path-provisioner-7dd969c95d-74d4t,a6ae812c-2f36-4242-951e-7c510528abdf,4294974169,0.00,0.0000,,,0.0000,0,0,0.00,0,0.00,0,0.000000,0.000000
pod,2026-03-02 11:04:29.771,hostnode,sn,url-shorten-mongodb-5b844598c6-fp9c7,a8cd873b-f644-410c-84de-9107a29e8a95,4294975163,2.18,0.0133,,,0.9170,164,0,0.00,0,0.07,2,0.056563,0.000000
pod,2026-03-02 11:04:29.771,hostnode,default,fuzzy-proof-2,aaae8af9-ce6d-4315-8571-0b20fd1508a3,4294976969,0.00,0.0000,,,0.0000,0,0,0.00,0,0.00,0,0.000000,0.000000
pod,2026-03-02 11:04:29.771,hostnode,monitoring,monitoring-kube-state-metrics-76b67dc76d-8q9gk,ad30444e-ccf1-472e-bbdf-808e7e5136d7,4295080271,0.08,0.0130,,,0.0250,6,0,0.00,0,0.00,0,0.002152,0.000000
pod,2026-03-02 11:04:29.771,hostnode,hn,rate-846d5c7957-7h6m6,ba1cc2cd-8a02-4c6c-bbdb-e783523c7a7d,4294976717,0.19,0.0085,,,0.0150,22,0,0.00,0,0.00,0,0.003902,0.000000
pod,2026-03-02 11:04:29.771,hostnode,sn,jaeger-5b7d8bb6fb-z8cnp,bb2cfec0-cd8a-4f5f-ad4d-eeeba610930f,4294974617,0.06,0.0122,,,0.0300,5,0,0.00,0,0.00,0,0.001251,0.000000
pod,2026-03-02 11:04:29.771,hostnode,sn,user-service-76d887dc94-bgj68,bf074cdf-70ff-4a02-abb0-d6d0be29abe2,4294974869,0.09,0.0217,,,0.0490,4,0,0.00,0,0.07,2,0.002842,0.000000
pod,2026-03-02 11:04:29.771,hostnode,hn,user-6c488f4d-hjphk,bf3df9a5-b422-4af5-864a-d651de48d26f,4294976801,0.38,0.0060,,,0.0200,64,0,0.00,0,0.04,1,0.008914,0.000000
pod,2026-03-02 11:04:29.771,hostnode,hn,frontend-74b855d7b8-7fbgr,c30245d8-5651-4f6b-a7d9-1712bf6e4e88,4294976045,0.03,0.0066,,,0.0080,5,0,0.00,0,0.00,0,0.000820,0.000000
pod,2026-03-02 11:04:29.771,hostnode,sn,text-service-66d6fd5c8b-v9k4t,c310a012-592c-495e-90f2-168aa1cee704,4294975205,0.00,0.0000,,,0.0000,0,0,0.00,0,0.00,0,0.000000,0.000000
pod,2026-03-02 11:04:29.771,hostnode,hn,profile-54f6c7d985-v5ghx,c57a536e-ce39-4941-aff4-622d8fe82651,4294976297,0.17,0.0055,,,0.0120,31,0,0.00,0,0.00,0,0.002799,0.000000
pod,2026-03-02 11:04:29.771,hostnode,sn,url-shorten-memcached-844b6d854f-f5m7l,d48a2e27-ce92-48da-9b79-fed0072b5dbf,4294974533,0.05,0.0087,,,0.0140,6,0,0.00,0,0.00,0,0.001079,0.000000
pod,2026-03-02 11:04:29.771,hostnode,monitoring,prometheus-monitoring-kube-prometheus-prometheus-0,d5eed4b3-8e52-4dc1-9c6e-da95a7b40277,4295080859,0.64,0.0086,,,0.0170,74,0,0.00,0,0.17,3,0.023482,0.000000
pod,2026-03-02 11:04:29.771,hostnode,sn,compose-post-service-5b5b7d59cc-4zs9g,d712ed1f-7a93-410f-82a6-ef80735a231c,4294974491,0.01,0.0060,,,0.0060,1,0,0.00,0,0.00,0,0.000166,0.000000
pod,2026-03-02 11:04:29.771,hostnode,sn,home-timeline-service-ff4b9db4f-vdjm5,da072777-52fd-4834-9c10-0ee0f82da1c9,4294974701,0.01,0.0050,,,0.0050,1,0,0.00,0,0.00,0,0.000173,0.000000
pod,2026-03-02 11:04:29.771,hostnode,sn,user-timeline-service-5454759db5-vnwvl,dc0f2321-e793-49e9-9ee1-937c87155298,4294974659,0.05,0.0127,,,0.0230,4,0,0.00,0,0.08,2,0.002959,0.000000
pod,2026-03-02 11:04:29.771,hostnode,kube-system,kube-proxy-49fw8,dc101e1d-3f1f-410b-b83e-ee7fac561bac,4294973996,0.00,0.0000,,,0.0000,0,0,0.00,0,0.00,0,0.000000,0.000000
pod,2026-03-02 11:04:29.771,hostnode,kube-system,calico-node-87zh8,dcafcb5d-4d9d-4a0a-a50e-9b777755abe1,4294974038,4.09,0.0079,,,0.0300,520,0,0.00,0,0.00,0,0.096815,0.000000
pod,2026-03-02 11:04:29.771,hostnode,sn,post-storage-service-588b9754bb-cr94b,df7754d7-8bc5-4bec-8298-6777d24ad6ed,4294974911,0.10,0.0250,,,0.0680,4,0,0.00,0,0.06,2,0.002263,0.000000
pod,2026-03-02 11:04:29.771,hostnode,sn,media-mongodb-d697b6485-hzsvf,e142aae7-6ba9-48d3-b5bf-9d819ce77fac,4294974575,1.24,0.0073,,,0.0330,169,0,0.00,0,0.00,0,0.055473,0.000000
pod,2026-03-02 11:04:29.771,hostnode,sa,feedback-inference-6-6649d68c48-8w8x2,e2decc3f-3382-4912-8838-e68559a26a98,4294975751,0.10,0.0069,,,0.0110,14,0,0.00,0,0.00,0,0.009667,0.000000
pod,2026-03-02 11:04:29.771,hostnode,monitoring,prometheus-monitoring-kube-prometheus-prometheus-1,e702e69f-594f-4926-a262-6e6c1f000dcd,4295081642,0.28,0.0089,,,0.0220,31,0,0.00,0,0.14,2,0.013070,0.000000
pod,2026-03-02 11:04:29.771,hostnode,hn,consul-5f547dd555-vbfn4,ed5acd96-1b5b-4f18-8762-f8b4a711aa55,4294976255,4.03,0.0103,,,0.9040,392,0,0.00,0,0.00,0,0.085298,0.000000
pod,2026-03-02 11:04:29.771,hostnode,sn,post-storage-mongodb-5bb6bd964c-qrnwb,ed9d9c33-6043-4865-9dbb-2ba38d33338a,4294975457,1.33,0.0079,,,0.0340,169,0,0.00,0,0.09,2,0.056248,0.000000
pod,2026-03-02 11:04:29.771,hostnode,hn,memcached-rate-6b6b8fc64b-j4mtd,f33aa9b9-0098-4bab-af1f-d9f4580bdcca,4294976087,0.04,0.0059,,,0.0100,7,0,0.00,0,0.00,0,0.001695,0.000000
pod,2026-03-02 11:04:29.771,hostnode,sn,unique-id-service-c5567d7f5-98pmc,f5e5cd76-4c56-44db-b87d-8c5f1188c68e,4294974785,0.00,0.0000,,,0.0000,0,0,0.00,0,0.00,0,0.000000,0.000000
pod,2026-03-02 11:04:29.771,hostnode,sn,post-storage-memcached-58c9f787f-454vt,f76ac518-c32c-48c1-a2c6-1dcb17dbcbef,4294975583,0.05,0.0083,,,0.0130,6,0,0.00,0,0.00,0,0.000993,0.000000
pod,2026-03-02 11:04:29.771,hostnode,monitoring,monitoring-kube-prometheus-operator-fbbbd799-pcnxn,f8959bf3-7786-4a44-945d-eff1c489992a,4295080313,0.34,0.0081,,,0.0190,42,0,0.00,0,0.00,0,0.010782,0.000000
pod,2026-03-02 11:04:29.771,hostnode,kube-system,coredns-5ddd84546d-vpwgd,fa8a2c26-1ab8-41c4-8317-ac2e6d17ed89,4294974278,0.19,0.0072,,,0.0170,26,0,0.00,0,0.08,6,0.006646,0.000000
pod,2026-03-02 11:04:29.771,hostnode,sn,user-memcached-8cc658895-bj2wf,fc7fd578-af0d-4bb8-9e88-5d60e166f1d4,4294975541,0.04,0.0065,,,0.0090,6,0,0.00,0,0.00,0,0.000894,0.000000
node,2026-03-02 11:04:30.771,hostnode,,,,,212.66,0.0111,0.0150,0.0150,2.5890,19095,3,5.03,49,5.22,374,15.748642,0.085603
pod,2026-03-02 11:04:30.771,hostnode,sa,feedback-inference-4-bcdcc4954-nscth,0150e3da-bbb2-44fc-98a6-deb41f36babb,4294975919,0.15,0.0107,,,0.0370,14,0,0.00,0,0.00,0,0.012769,0.000000
pod,2026-03-02 11:04:30.771,hostnode,sn,user-timeline-redis-666c98cb6-2pp72,02f33c1a-7b7d-4b1d-affc-3d48159aa4e1,4294975499,0.09,0.0089,,,0.0140,10,0,0.00,0,0.00,0,0.008947,0.000000
pod,2026-03-02 11:04:30.771,hostnode,hn,recommendation-6fd4576595-qzp7p,03b217b1-3eb0-43df-82d5-903db410307f,4294976759,0.27,0.0120,,,0.0240,22,0,0.00,0,0.04,1,0.010889,0.000000
pod,2026-03-02 11:04:30.771,hostnode,hn,memcached-profile-66685f65f-6q9lm,05600750-6235-4cea-a85f-768f670b18ee,4294976129,0.03,0.0064,,,0.0080,5,0,0.00,0,0.00,0,0.001172,0.000000
pod,2026-03-02 11:04:30.771,hostnode,default,fuzzy-proof-4,09dd6cba-ae69-4561-9fcc-a8fbc26b78fc,4294976885,0.00,0.0000,,,0.0000,0,0,0.00,0,0.00,0,0.000000,0.000000
pod,2026-03-02 11:04:30.771,hostnode,hn,reservation-7b7956cd6b-w78wd,0bcb305f-c199-4f79-8255-5bfd30011440,4294976591,0.14,0.0082,,,0.0150,17,0,0.00,0,0.00,0,0.006110,0.000000
pod,2026-03-02 11:04:30.771,hostnode,sn,user-mongodb-dcb5fbc96-p8vbh,0f8edb85-6f09-4967-834b-c4e29026ce53,4294975247,2.50,0.0154,,,1.3110,162,0,0.00,0,0.10,2,0.048925,0.000000
pod,2026-03-02 11:04:30.771,hostnode,sa,feedback-inference-3-bbfcf6979-nc9n2,11c2484c-ee59-4cf1-b235-e5f0bea30e4b,4294975877,0.10,0.0071,,,0.0150,14,0,0.00,0,0.00,0,0.010950,0.000000
pod,2026-03-02 11:04:30.771,hostnode,default,consul-5f547dd555-5fphc,138143ae-daea-4128-92ae-7c247466d7d4,4294975961,3.20,0.0080,,,0.0300,400,0,0.00,0,0.06,10,0.094789,0.000000
pod,2026-03-02 11:04:30.771,hostnode,sn,social-graph-redis-545664784f-hj79p,13e148d0-b339-49ee-b0ce-b37559cd27c6,4294974447,0.09,0.0087,,,0.0150,10,0,0.00,0,0.00,0,0.007704,0.000000
pod,2026-03-02 11:04:30.771,hostnode,hn,mongodb-recommendation-98859d4d7-z5qfb,1514f4ec-f718-4bec-a3e8-bea39d0fedd1,4294976675,0.43,0.0105,,,0.0420,41,0,0.00,0,0.05,1,0.015429,0.000000
pod,2026-03-02 11:04:30.771,hostnode,ksense,ksense-5rfvq,1893397c-8b62-4aea-8a5e-d5c5032d91f8,4294989630,0.31,0.0082,,,0.0210,38,0,0.18,1,0.00,0,7.709658,0.000000
pod,2026-03-02 11:04:30.771,hostnode,sn,social-graph-mongodb-6bf674bf9-vq4jm,1c0ce9e4-e1fb-455a-976e-11005acce9d0,4294974953,1.26,0.0076,,,0.0560,166,0,0.00,0,0.11,2,0.049774,0.000000
pod,2026-03-02 11:04:30.771,hostnode,hn,jaeger-b49ccf55-rbg7n,1e3eeb12-a307-41de-92ee-7ec930767d58,4294976381,0.04,0.0133,,,0.0240,3,0,0.00,0,0.00,0,0.001215,0.000000
pod,2026-03-02 11:04:30.771,hostnode,kube-system,calico-kube-controllers-5b9b456c66-qz22s,247149cd-61e5-4048-a7ef-75de96589398,4294974080,5.25,0.0701,,,1.5200,75,0,0.00,0,0.10,3,0.262588,0.000000
pod,2026-03-02 11:04:30.771,hostnode,hn,mongodb-user-86f7788f59-vwx8w,24987f22-ac3e-4037-b7e4-674696f71bfe,4294976843,0.30,0.0089,,,0.0320,34,0,0.00,0,0.00,0,0.011899,0.000000
pod,2026-03-02 11:04:30.771,hostnode,sn,nginx-thrift-7f6f5d6b69-74vws,2d8ff9cc-73b2-47da-b0da-657ba9857d06,4294975289,0.09,0.0069,,,0.0120,13,0,0.00,0,0.00,0,0.003698,0.000000
pod,2026-03-02 11:04:30.771,hostnode,hn,memcached-reserve-66b4d9f986-twx7c,2e8cef70-b460-406c-822d-006e7c0c71a4,4294976171,0.04,0.0062,,,0.0090,6,0,0.00,0,0.00,0,0.000325,0.000000
pod,2026-03-02 11:04:30.771,hostnode,monitoring,monitoring-prometheus-node-exporter-679rr,309bc67f-0f97-4902-8e57-5f369481d878,4295080229,0.00,0.0000,,,0.0000,0,0,0.00,0,0.00,0,0.000000,0.000000
pod,2026-03-02 11:04:30.771,hostnode,hn,geo-75469c5bc9-b6l8f,4615d84f-8e28-403b-af02-b8c6c579361d,4294976003,0.16,0.0080,,,0.0180,20,0,0.00,0,0.00,0,0.001388,0.000000
pod,2026-03-02 11:04:30.771,hostnode,hn,mongodb-reservation-8566bbcb4f-rmkm5,5557386c-9898-4425-8979-6492e67868ee,4294976549,0.34,0.0075,,,0.0210,46,0,0.00,0,0.05,1,0.015049,0.000000
pod,2026-03-02 11:04:30.771,hostnode,sn,social-graph-service-6b48d496c6-flfvk,56f4636a-d485-4728-9bb6-0e7977b14a71,4294974995,0.05,0.0104,,,0.0160,5,0,0.00,0,0.11,2,0.006938,0.000000
pod,2026-03-02 11:04:30.771,hostnode,ksense,fuzzy-scheduler-55c7fbbd75-xnggn,58bdb2da-a465-4653-b30a-5f823bd79594,4295063948,0.56,0.0078,,,0.0250,72,0,0.00,0,0.00,0,0.017931,0.000000
pod,2026-03-02 11:04:30.771,hostnode,sn,user-mention-service-77b4dc8db6-qqb2p,5da702aa-5da1-48a1-a861-a28a962145a8,4294975121,0.00,0.0000,,,0.0000,0,0,0.00,0,0.00,0,0.000000,0.000000
pod,2026-03-02 11:04:30.771,hostnode,sa,feedback-inference-2-867b854976-qrcmg,63ea3062-c44d-4786-b84c-d210df45b2f8,4294975793,0.10,0.0069,,,0.0100,14,0,0.00,0,0.00,0,0.009408,0.000000
pod,2026-03-02 11:04:30.771,hostnode,hn,mongodb-rate-78677645d4-4v2h5,66c8e931-7fa3-448a-8822-0b2db155e788,4294976633,0.34,0.0099,,,0.0310,35,0,0.00,0,0.00,0,0.011207,0.000000
pod,2026-03-02 11:04:30.771,hostnode,sa,feedback-inference-1-6b858c77b9-99c4j,6a98d5b2-6ae0-4348-ba84-d32a8010d14b,4294975625,0.10,0.0071,,,0.0130,14,0,0.00,0,0.00,0,0.013027,0.000000
pod,2026-03-02 11:04:30.771,hostnode,sn,media-frontend-6bd9df9d6d-5vf4w,6be52f8a-5cf7-4c4d-a9cf-b851c52694e7,4294975077,0.00,0.0000,,,0.0000,0,0,0.00,0,0.00,0,0.000000,0.000000
pod,2026-03-02 11:04:30.771,hostnode,sn,media-memcached-657c8b4cdf-4cc9x,6d187294-14f3-4f11-b66b-6f178abedac4,4294974743,0.04,0.0088,,,0.0150,5,0,0.00,0,0.00,0,0.001636,0.000000
pod,2026-03-02 11:04:30.771,hostnode,monitoring,alertmanager-monitoring-kube-prometheus-alertmanager-0,70957292-81e5-4ffe-b8ad-b44e4de4b326,4295080817,0.00,0.0000,,,0.0000,0,0,0.00,0,0.00,0,0.000000,0.000000
pod,2026-03-02 11:04:30.771,hostnode,sn,media-service-68f5f7ccbf-ks945,76c3a8df-aede-4a5f-b8bd-e74ce509a7e6,4294975331,0.00,0.0000,,,0.0000,0,0,0.00,0,0.00,0,0.000000,0.000000
pod,2026-03-02 11:04:30.771,hostnode,sn,home-timeline-redis-698c8bc65d-4c45h,79688f0b-7ab6-4f35-8438-aec8c8300d03,4294974827,0.10,0.0096,,,0.0150,10,0,0.00,0,0.00,0,0.007280,0.000000
pod,2026-03-02 11:04:30.771,hostnode,sa,feedback-inference-7-8f6cf7999-f5qn4,7aa819af-f314-4532-a0f4-c5e2a11fc6ef,4294975835,0.10,0.0071,,,0.0180,14,0,0.00,0,0.00,0,0.009100,0.000000
pod,2026-03-02 11:04:30.771,hostnode,monitoring,monitoring-grafana-67776b6b66-sxl62,7bda2edc-62de-4b78-aa7c-8a99331d9370,4295080355,1.84,0.0132,,,0.5070,140,0,0.00,0,0.00,0,0.037707,0.000000
pod,2026-03-02 11:04:30.771,hostnode,default,feedback-inference-5c9b57cc5f-mpxx5,7d6b10a5-b07a-4b60-8c9d-7d0462b491f0,4294975709,0.10,0.0073,,,0.0110,14,0,0.00,0,0.00,0,0.012143,0.000000
pod,2026-03-02 11:04:30.771,hostnode,kube-system,selling-resource-scheduler-7cc89db49c-ns9jm,894845d8-cc58-483b-bbf2-260807dd8e81,4294974127,0.00,0.0000,,,0.0000,0,0,0.00,0,0.00,0,0.000000,0.000000
pod,2026-03-02 11:04:30.771,hostnode,sa,feedback-inference-5-596d5b64b9-sw9t7,898a0bea-057b-41e9-bedf-78eae2237e12,4294975667,0.14,0.0102,,,0.0650,14,0,0.00,0,0.00,0,0.010159,0.000000
pod,2026-03-02 11:04:30.771,hostnode,default,fuzzy-proof-1,8adacebd-6468-43f9-bad1-e7258d23d25b,4294977053,0.00,0.0000,,,0.0000,0,0,0.00,0,0.00,0,0.000000,0.000000
pod,2026-03-02 11:04:30.771,hostnode,hn,mongodb-profile-57b898f69-869rl,8c3bade4-b9e1-44f3-bdaa-e8f9a77e60b6,4294976339,0.29,0.0076,,,0.0190,38,0,0.00,0,0.00,0,0.010949,0.000000
pod,2026-03-02 11:04:30.771,hostnode,hn,mongodb-geo-5cf4479bd9-4tflp,8c63a64e-3582-4fa5-a1a2-9d52222005c7,4294976213,0.33,0.0099,,,0.0350,33,0,0.00,0,0.00,0,0.012139,0.000000
pod,2026-03-02 11:04:30.771,hostnode,kube-system,metrics-server-7fbfbcc44c-57twc,8e0cbdb2-8b37-43d7-bd2e-e7bc88f71486,4294974340,0.54,0.0083,,,0.0250,65,0,0.00,0,0.00,0,0.016187,0.000000
pod,2026-03-02 11:04:30.771,hostnode,default,fuzzy-proof-5,95708664-be88-4490-ba1e-7092ec6ba570,4294977011,0.00,0.0000,,,0.0000,0,0,0.00,0,0.00,0,0.000000,0.000000
pod,2026-03-02 11:04:30.771,hostnode,kube-system,coredns-5ddd84546d-cscpm,957aa029-5b70-4fcf-bf3e-194e127920be,4294974221,0.32,0.0077,,,0.0170,41,0,0.00,0,0.08,6,0.017105,0.000000
pod,2026-03-02 11:04:30.771,hostnode,sn,url-shorten-service-5576f95bc-dlkwp,970ae5df-45da-47b3-9c77-f2aaf6297dd0,4294975415,0.06,0.0143,,,0.0180,4,0,0.00,0,0.10,2,0.005673,0.000000
pod,2026-03-02 11:04:30.771,hostnode,default,fuzzy-proof-3,9bb793d0-cf0f-4e92-ab39-a1f6b2a25f81,4294976927,0.00,0.0000,,,0.0000,0,0,0.00,0,0.00,0,0.000000,0.000000
pod,2026-03-02 11:04:30.771,hostnode,ksense,collector-name-sample,9f3d30b5-8cbf-41cc-bc8d-b5d893e029dc,4295117360,0.33,0.0181,,,0.0300,18,0,0.00,0,0.09,9,0.111624,0.000000
pod,2026-03-02 11:04:30.771,hostnode,sn,user-timeline-mongodb-76c59d86fb-f292x,a152d98d-6f60-4ea7-a931-fad144116366,4294975373,2.53,0.0155,,,1.3370,163,0,0.00,0,0.07,2,0.047727,0.000000
pod,2026-03-02 11:04:30.771,hostnode,hn,search-6dfc557989-qjbl9,a1b75670-727f-4e89-92df-b40d967893d6,4294976423,0.03,0.0080,,,0.0110,4,0,0.00,0,0.00,0,0.001439,0.000000
pod,2026-03-02 11:04:30.771,hostnode,local-path-storage,local-path-provisioner-7dd969c95d-74d4t,a6ae812c-2f36-4242-951e-7c510528abdf,4294974169,0.00,0.0000,,,0.0000,0,0,0.00,0,0.00,0,0.000000,0.000000
pod,2026-03-02 11:04:30.771,hostnode,sn,url-shorten-mongodb-5b844598c6-fp9c7,a8cd873b-f644-410c-84de-9107a29e8a95,4294975163,3.63,0.0212,,,2.3580,171,0,0.00,0,0.10,2,0.048969,0.000000
pod,2026-03-02 11:04:30.771,hostnode,default,fuzzy-proof-2,aaae8af9-ce6d-4315-8571-0b20fd1508a3,4294976969,0.00,0.0000,,,0.0000,0,0,0.00,0,0.00,0,0.000000,0.000000
pod,2026-03-02 11:04:30.771,hostnode,monitoring,monitoring-kube-state-metrics-76b67dc76d-8q9gk,ad30444e-ccf1-472e-bbdf-808e7e5136d7,4295080271,0.14,0.0128,,,0.0250,11,0,0.00,0,0.02,1,0.006924,0.000000
pod,2026-03-02 11:04:30.771,hostnode,hn,rate-846d5c7957-7h6m6,ba1cc2cd-8a02-4c6c-bbdb-e783523c7a7d,4294976717,0.25,0.0080,,,0.0230,31,0,0.00,0,0.00,0,0.006361,0.000000
pod,2026-03-02 11:04:30.771,hostnode,sn,jaeger-5b7d8bb6fb-z8cnp,bb2cfec0-cd8a-4f5f-ad4d-eeeba610930f,4294974617,0.09,0.0087,,,0.0150,10,0,0.00,0,0.00,0,0.003104,0.000000
pod,2026-03-02 11:04:30.771,hostnode,sn,user-service-76d887dc94-bgj68,bf074cdf-70ff-4a02-abb0-d6d0be29abe2,4294974869,0.04,0.0112,,,0.0200,4,0,0.00,0,0.07,2,0.004769,0.000000
pod,2026-03-02 11:04:30.771,hostnode,hn,user-6c488f4d-hjphk,bf3df9a5-b422-4af5-864a-d651de48d26f,4294976801,0.14,0.0067,,,0.0260,21,0,0.00,0,0.00,0,0.001871,0.000000
pod,2026-03-02 11:04:30.771,hostnode,hn,frontend-74b855d7b8-7fbgr,c30245d8-5651-4f6b-a7d9-1712bf6e4e88,4294976045,0.04,0.0078,,,0.0090,5,0,0.00,0,0.00,0,0.001611,0.000000
pod,2026-03-02 11:04:30.771,hostnode,sn,text-service-66d6fd5c8b-v9k4t,c310a012-592c-495e-90f2-168aa1cee704,4294975205,0.01,0.0060,,,0.0060,1,0,0.00,0,0.00,0,0.000303,0.000000
pod,2026-03-02 11:04:30.771,hostnode,hn,profile-54f6c7d985-v5ghx,c57a536e-ce39-4941-aff4-622d8fe82651,4294976297,0.14,0.0084,,,0.0200,17,0,0.00,0,0.00,0,0.004692,0.000000
pod,2026-03-02 11:04:30.771,hostnode,sn,url-shorten-memcached-844b6d854f-f5m7l,d48a2e27-ce92-48da-9b79-fed0072b5dbf,4294974533,0.04,0.0068,,,0.0130,6,0,0.00,0,0.00,0,0.001416,0.000000
pod,2026-03-02 11:04:30.771,hostnode,monitoring,prometheus-monitoring-kube-prometheus-prometheus-0,d5eed4b3-8e52-4dc1-9c6e-da95a7b40277,4295080859,0.21,0.0071,,,0.0130,30,0,0.00,0,0.00,0,0.008238,0.000000
pod,2026-03-02 11:04:30.771,hostnode,sn,compose-post-service-5b5b7d59cc-4zs9g,d712ed1f-7a93-410f-82a6-ef80735a231c,4294974491,0.00,0.0000,,,0.0000,0,0,0.00,0,0.00,0,0.000000,0.000000
pod,2026-03-02 11:04:30.771,hostnode,sn,home-timeline-service-ff4b9db4f-vdjm5,da072777-52fd-4834-9c10-0ee0f82da1c9,4294974701,0.00,0.0000,,,0.0000,0,0,0.00,0,0.00,0,0.000000,0.000000
pod,2026-03-02 11:04:30.771,hostnode,sn,user-timeline-service-5454759db5-vnwvl,dc0f2321-e793-49e9-9ee1-937c87155298,4294974659,0.05,0.0118,,,0.0140,4,0,0.00,0,0.10,2,0.005458,0.000000
pod,2026-03-02 11:04:30.771,hostnode,kube-system,kube-proxy-49fw8,dc101e1d-3f1f-410b-b83e-ee7fac561bac,4294973996,0.22,0.0055,,,0.0250,40,0,0.00,0,0.00,0,0.004658,0.000000
pod,2026-03-02 11:04:30.771,hostnode,kube-system,calico-node-87zh8,dcafcb5d-4d9d-4a0a-a50e-9b777755abe1,4294974038,4.45,0.0084,,,0.0330,527,0,0.00,0,0.00,0,0.110336,0.000000
pod,2026-03-02 11:04:30.771,hostnode,sn,post-storage-service-588b9754bb-cr94b,df7754d7-8bc5-4bec-8298-6777d24ad6ed,4294974911,0.06,0.0120,,,0.0180,5,0,0.00,0,0.09,2,0.005381,0.000000
pod,2026-03-02 11:04:30.771,hostnode,sn,media-mongodb-d697b6485-hzsvf,e142aae7-6ba9-48d3-b5bf-9d819ce77fac,4294974575,2.50,0.0157,,,1.3900,159,0,0.00,0,0.00,0,0.040887,0.000000
pod,2026-03-02 11:04:30.771,hostnode,sa,feedback-inference-6-6649d68c48-8w8x2,e2decc3f-3382-4912-8838-e68559a26a98,4294975751,0.13,0.0090,,,0.0170,14,0,0.00,0,0.00,0,0.008514,0.000000
pod,2026-03-02 11:04:30.771,hostnode,monitoring,prometheus-monitoring-kube-prometheus-prometheus-1,e702e69f-594f-4926-a262-6e6c1f000dcd,4295081642,0.18,0.0075,,,0.0190,24,0,0.00,0,0.06,1,0.013721,0.000000
pod,2026-03-02 11:04:30.771,hostnode,hn,consul-5f547dd555-vbfn4,ed5acd96-1b5b-4f18-8762-f8b4a711aa55,4294976255,3.28,0.0084,,,0.0920,392,0,0.00,0,0.04,5,0.081475,0.000000
pod,2026-03-02 11:04:30.771,hostnode,sn,post-storage-mongodb-5bb6bd964c-qrnwb,ed9d9c33-6043-4865-9dbb-2ba38d33338a,4294975457,1.46,0.0083,,,0.1740,176,0,0.00,0,0.07,2,0.047594,0.000000
pod,2026-03-02 11:04:30.771,hostnode,hn,memcached-rate-6b6b8fc64b-j4mtd,f33aa9b9-0098-4bab-af1f-d9f4580bdcca,4294976087,0.04,0.0072,,,0.0130,5,0,0.00,0,0.00,0,0.000356,0.000000
pod,2026-03-02 11:04:30.771,hostnode,sn,unique-id-service-c5567d7f5-98pmc,f5e5cd76-4c56-44db-b87d-8c5f1188c68e,4294974785,0.00,0.0000,,,0.0000,0,0,0.00,0,0.00,0,0.000000,0.000000
pod,2026-03-02 11:04:30.771,hostnode,sn,post-storage-memcached-58c9f787f-454vt,f76ac518-c32c-48c1-a2c6-1dcb17dbcbef,4294975583,0.04,0.0117,,,0.0160,3,0,0.00,0,0.00,0,0.001220,0.000000
pod,2026-03-02 11:04:30.771,hostnode,monitoring,monitoring-kube-prometheus-operator-fbbbd799-pcnxn,f8959bf3-7786-4a44-945d-eff1c489992a,4295080313,0.35,0.0102,,,0.0180,34,0,0.00,0,0.00,0,0.006339,0.000000
pod,2026-03-02 11:04:30.771,hostnode,kube-system,coredns-5ddd84546d-vpwgd,fa8a2c26-1ab8-41c4-8317-ac2e6d17ed89,4294974278,0.27,0.0079,,,0.0220,34,0,0.02,1,0.09,6,0.016586,0.000000
pod,2026-03-02 11:04:30.771,hostnode,sn,user-memcached-8cc658895-bj2wf,fc7fd578-af0d-4bb8-9e88-5d60e166f1d4,4294975541,0.03,0.0093,,,0.0150,3,0,0.00,0,0.00,0,0.001198,0.000000
node,2026-03-02 11:04:31.771,hostnode,,,,,222.22,0.0099,0.0150,0.0150,3.1440,22347,2,4.19,19,5.37,269,13.572543,0.079211
pod,2026-03-02 11:04:31.771,hostnode,sa,feedback-inference-4-bcdcc4954-nscth,0150e3da-bbb2-44fc-98a6-deb41f36babb,4294975919,0.12,0.0085,,,0.0150,14,0,0.00,0,0.00,0,0.011138,0.000000
pod,2026-03-02 11:04:31.771,hostnode,sn,user-timeline-redis-666c98cb6-2pp72,02f33c1a-7b7d-4b1d-affc-3d48159aa4e1,4294975499,0.13,0.0126,,,0.0330,10,0,0.00,0,0.00,0,0.007665,0.000000
pod,2026-03-02 11:04:31.771,hostnode,hn,recommendation-6fd4576595-qzp7p,03b217b1-3eb0-43df-82d5-903db410307f,4294976759,0.09,0.0088,,,0.0210,10,0,0.00,0,0.00,0,0.002172,0.000000
pod,2026-03-02 11:04:31.771,hostnode,hn,memcached-profile-66685f65f-6q9lm,05600750-6235-4cea-a85f-768f670b18ee,4294976129,0.07,0.0108,,,0.0180,6,0,0.00,0,0.00,0,0.001602,0.000000
pod,2026-03-02 11:04:31.771,hostnode,default,fuzzy-proof-4,09dd6cba-ae69-4561-9fcc-a8fbc26b78fc,4294976885,0.00,0.0000,,,0.0000,0,0,0.00,0,0.00,0,0.000000,0.000000
pod,2026-03-02 11:04:31.771,hostnode,hn,reservation-7b7956cd6b-w78wd,0bcb305f-c199-4f79-8255-5bfd30011440,4294976591,0.15,0.0051,,,0.0140,29,0,0.00,0,0.00,0,0.003175,0.000000
pod,2026-03-02 11:04:31.771,hostnode,sn,user-mongodb-dcb5fbc96-p8vbh,0f8edb85-6f09-4967-834b-c4e29026ce53,4294975247,1.29,0.0078,,,0.0350,164,0,0.00,0,0.09,2,0.056944,0.000000
pod,2026-03-02 11:04:31.771,hostnode,sa,feedback-inference-3-bbfcf6979-nc9n2,11c2484c-ee59-4cf1-b235-e5f0bea30e4b,4294975877,0.13,0.0092,,,0.0180,14,0,0.00,0,0.00,0,0.011674,0.000000
pod,2026-03-02 11:04:31.771,hostnode,default,consul-5f547dd555-5fphc,138143ae-daea-4128-92ae-7c247466d7d4,4294975961,3.13,0.0083,,,0.0400,379,0,0.00,0,0.00,0,0.084296,0.000000
pod,2026-03-02 11:04:31.771,hostnode,sn,social-graph-redis-545664784f-hj79p,13e148d0-b339-49ee-b0ce-b37559cd27c6,4294974447,0.10,0.0099,,,0.0140,10,0,0.00,0,0.00,0,0.007807,0.000000
pod,2026-03-02 11:04:31.771,hostnode,hn,mongodb-recommendation-98859d4d7-z5qfb,1514f4ec-f718-4bec-a3e8-bea39d0fedd1,4294976675,0.36,0.0092,,,0.0350,39,0,0.00,0,0.00,0,0.021364,0.000000
pod,2026-03-02 11:04:31.771,hostnode,ksense,ksense-5rfvq,1893397c-8b62-4aea-8a5e-d5c5032d91f8,4294989630,0.20,0.0073,,,0.0190,28,0,0.00,0,0.04,1,7.875207,0.000000
pod,2026-03-02 11:04:31.771,hostnode,sn,social-graph-mongodb-6bf674bf9-vq4jm,1c0ce9e4-e1fb-455a-976e-11005acce9d0,4294974953,1.30,0.0075,,,0.0250,173,0,0.00,0,0.09,2,0.058093,0.000000
pod,2026-03-02 11:04:31.771,hostnode,hn,jaeger-b49ccf55-rbg7n,1e3eeb12-a307-41de-92ee-7ec930767d58,4294976381,0.02,0.0057,,,0.0080,3,0,0.00,0,0.00,0,0.000617,0.000000
pod,2026-03-02 11:04:31.771,hostnode,kube-system,calico-kube-controllers-5b9b456c66-qz22s,247149cd-61e5-4048-a7ef-75de96589398,4294974080,0.05,0.0054,,,0.0070,10,0,0.00,0,0.00,0,0.001010,0.000000
pod,2026-03-02 11:04:31.771,hostnode,hn,mongodb-user-86f7788f59-vwx8w,24987f22-ac3e-4037-b7e4-674696f71bfe,4294976843,0.26,0.0070,,,0.0160,37,0,0.00,0,0.00,0,0.038143,0.000000
pod,2026-03-02 11:04:31.771,hostnode,sn,nginx-thrift-7f6f5d6b69-74vws,2d8ff9cc-73b2-47da-b0da-657ba9857d06,4294975289,0.00,0.0000,,,0.0000,0,0,0.00,0,0.00,0,0.000000,0.000000
pod,2026-03-02 11:04:31.771,hostnode,hn,memcached-reserve-66b4d9f986-twx7c,2e8cef70-b460-406c-822d-006e7c0c71a4,4294976171,0.32,0.0636,,,0.2600,5,0,0.00,0,0.00,0,0.001318,0.000000
pod,2026-03-02 11:04:31.771,hostnode,monitoring,monitoring-prometheus-node-exporter-679rr,309bc67f-0f97-4902-8e57-5f369481d878,4295080229,0.10,0.0110,,,0.0240,9,0,0.00,0,0.05,4,0.005706,0.000000
pod,2026-03-02 11:04:31.771,hostnode,hn,geo-75469c5bc9-b6l8f,4615d84f-8e28-403b-af02-b8c6c579361d,4294976003,0.17,0.0093,,,0.0440,18,0,0.00,0,0.00,0,0.003061,0.000000
pod,2026-03-02 11:04:31.771,hostnode,hn,mongodb-reservation-8566bbcb4f-rmkm5,5557386c-9898-4425-8979-6492e67868ee,4294976549,3.49,0.0944,,,3.1440,37,0,0.00,0,0.00,0,0.019155,0.000000
pod,2026-03-02 11:04:31.771,hostnode,sn,social-graph-service-6b48d496c6-flfvk,56f4636a-d485-4728-9bb6-0e7977b14a71,4294974995,0.05,0.0135,,,0.0230,4,0,0.00,0,0.07,3,0.004072,0.000000
pod,2026-03-02 11:04:31.771,hostnode,ksense,fuzzy-scheduler-55c7fbbd75-xnggn,58bdb2da-a465-4653-b30a-5f823bd79594,4295063948,0.74,0.0073,,,0.0270,102,0,0.00,0,0.00,0,0.018663,0.000000
pod,2026-03-02 11:04:31.771,hostnode,sn,user-mention-service-77b4dc8db6-qqb2p,5da702aa-5da1-48a1-a861-a28a962145a8,4294975121,0.00,0.0000,,,0.0000,0,0,0.00,0,0.00,0,0.000000,0.000000
pod,2026-03-02 11:04:31.771,hostnode,sa,feedback-inference-2-867b854976-qrcmg,63ea3062-c44d-4786-b84c-d210df45b2f8,4294975793,0.10,0.0071,,,0.0130,14,0,0.00,0,0.00,0,0.008793,0.000000
pod,2026-03-02 11:04:31.771,hostnode,hn,mongodb-rate-78677645d4-4v2h5,66c8e931-7fa3-448a-8822-0b2db155e788,4294976633,0.28,0.0084,,,0.0220,33,0,0.00,0,0.00,0,0.035589,0.000000
pod,2026-03-02 11:04:31.771,hostnode,sa,feedback-inference-1-6b858c77b9-99c4j,6a98d5b2-6ae0-4348-ba84-d32a8010d14b,4294975625,0.14,0.0096,,,0.0190,15,0,0.00,0,0.00,0,0.012041,0.000000
pod,2026-03-02 11:04:31.771,hostnode,sn,media-frontend-6bd9df9d6d-5vf4w,6be52f8a-5cf7-4c4d-a9cf-b851c52694e7,4294975077,0.00,0.0000,,,0.0000,0,0,0.00,0,0.00,0,0.000000,0.000000
pod,2026-03-02 11:04:31.771,hostnode,sn,media-memcached-657c8b4cdf-4cc9x,6d187294-14f3-4f11-b66b-6f178abedac4,4294974743,0.04,0.0067,,,0.0090,6,0,0.00,0,0.00,0,0.001173,0.000000
pod,2026-03-02 11:04:31.771,hostnode,monitoring,alertmanager-monitoring-kube-prometheus-alertmanager-0,70957292-81e5-4ffe-b8ad-b44e4de4b326,4295080817,0.00,0.0000,,,0.0000,0,0,0.00,0,0.00,0,0.000000,0.000000
pod,2026-03-02 11:04:31.771,hostnode,sn,media-service-68f5f7ccbf-ks945,76c3a8df-aede-4a5f-b8bd-e74ce509a7e6,4294975331,0.01,0.0060,,,0.0060,1,0,0.00,0,0.00,0,0.000231,0.000000
pod,2026-03-02 11:04:31.771,hostnode,sn,home-timeline-redis-698c8bc65d-4c45h,79688f0b-7ab6-4f35-8438-aec8c8300d03,4294974827,0.09,0.0089,,,0.0190,10,0,0.00,0,0.00,0,0.007229,0.000000
pod,2026-03-02 11:04:31.771,hostnode,sa,feedback-inference-7-8f6cf7999-f5qn4,7aa819af-f314-4532-a0f4-c5e2a11fc6ef,4294975835,0.12,0.0089,,,0.0330,14,0,0.00,0,0.00,0,0.010409,0.000000
pod,2026-03-02 11:04:31.771,hostnode,monitoring,monitoring-grafana-67776b6b66-sxl62,7bda2edc-62de-4b78-aa7c-8a99331d9370,4295080355,1.45,0.0077,,,0.0350,188,0,0.00,0,0.10,4,0.046776,0.000000
pod,2026-03-02 11:04:31.771,hostnode,default,feedback-inference-5c9b57cc5f-mpxx5,7d6b10a5-b07a-4b60-8c9d-7d0462b491f0,4294975709,0.09,0.0061,,,0.0090,14,0,0.00,0,0.00,0,0.008944,0.000000
pod,2026-03-02 11:04:31.771,hostnode,kube-system,selling-resource-scheduler-7cc89db49c-ns9jm,894845d8-cc58-483b-bbf2-260807dd8e81,4294974127,0.00,0.0000,,,0.0000,0,0,0.00,0,0.00,0,0.000000,0.000000
pod,2026-03-02 11:04:31.771,hostnode,sa,feedback-inference-5-596d5b64b9-sw9t7,898a0bea-057b-41e9-bedf-78eae2237e12,4294975667,0.13,0.0091,,,0.0210,14,0,0.00,0,0.00,0,0.011314,0.000000
pod,2026-03-02 11:04:31.771,hostnode,default,fuzzy-proof-1,8adacebd-6468-43f9-bad1-e7258d23d25b,4294977053,0.00,0.0000,,,0.0000,0,0,0.00,0,0.00,0,0.000000,0.000000
pod,2026-03-02 11:04:31.771,hostnode,hn,mongodb-profile-57b898f69-869rl,8c3bade4-b9e1-44f3-bdaa-e8f9a77e60b6,4294976339,0.31,0.0087,,,0.0270,35,0,0.00,0,0.00,0,0.036199,0.000000
pod,2026-03-02 11:04:31.771,hostnode,hn,mongodb-geo-5cf4479bd9-4tflp,8c63a64e-3582-4fa5-a1a2-9d52222005c7,4294976213,0.30,0.0077,,,0.0240,39,0,0.00,0,0.00,0,0.035962,0.000000
pod,2026-03-02 11:04:31.771,hostnode,kube-system,metrics-server-7fbfbcc44c-57twc,8e0cbdb2-8b37-43d7-bd2e-e7bc88f71486,4294974340,1.77,0.0394,,,0.8070,45,0,0.00,0,0.00,0,0.011332,0.000000
pod,2026-03-02 11:04:31.771,hostnode,default,fuzzy-proof-5,95708664-be88-4490-ba1e-7092ec6ba570,4294977011,0.00,0.0000,,,0.0000,0,0,0.00,0,0.00,0,0.000000,0.000000
pod,2026-03-02 11:04:31.771,hostnode,kube-system,coredns-5ddd84546d-cscpm,957aa029-5b70-4fcf-bf3e-194e127920be,4294974221,0.27,0.0079,,,0.0330,34,0,0.00,0,0.09,6,0.010824,0.000000
pod,2026-03-02 11:04:31.771,hostnode,sn,url-shorten-service-5576f95bc-dlkwp,970ae5df-45da-47b3-9c77-f2aaf6297dd0,4294975415,0.07,0.0165,,,0.0290,4,0,0.00,0,0.06,2,0.002795,0.000000
pod,2026-03-02 11:04:31.771,hostnode,default,fuzzy-proof-3,9bb793d0-cf0f-4e92-ab39-a1f6b2a25f81,4294976927,0.00,0.0000,,,0.0000,0,0,0.00,0,0.00,0,0.000000,0.000000
pod,2026-03-02 11:04:31.771,hostnode,ksense,collector-name-sample,9f3d30b5-8cbf-41cc-bc8d-b5d893e029dc,4295117360,0.01,0.0100,,,0.0100,1,0,0.00,0,0.00,0,0.083366,0.000000
pod,2026-03-02 11:04:31.771,hostnode,sn,user-timeline-mongodb-76c59d86fb-f292x,a152d98d-6f60-4ea7-a931-fad144116366,4294975373,1.22,0.0075,,,0.0230,164,0,0.00,0,0.10,2,0.055000,0.000000
pod,2026-03-02 11:04:31.771,hostnode,hn,search-6dfc557989-qjbl9,a1b75670-727f-4e89-92df-b40d967893d6,4294976423,0.03,0.0068,,,0.0070,5,0,0.00,0,0.00,0,0.001027,0.000000
pod,2026-03-02 11:04:31.771,hostnode,local-path-storage,local-path-provisioner-7dd969c95d-74d4t,a6ae812c-2f36-4242-951e-7c510528abdf,4294974169,0.07,0.0052,,,0.0140,14,0,0.00,0,0.00,0,0.002162,0.000000
pod,2026-03-02 11:04:31.771,hostnode,sn,url-shorten-mongodb-5b844598c6-fp9c7,a8cd873b-f644-410c-84de-9107a29e8a95,4294975163,2.56,0.0157,,,1.2700,163,0,0.00,0,0.11,2,0.053946,0.000000
pod,2026-03-02 11:04:31.771,hostnode,default,fuzzy-proof-2,aaae8af9-ce6d-4315-8571-0b20fd1508a3,4294976969,0.00,0.0000,,,0.0000,0,0,0.00,0,0.00,0,0.000000,0.000000
pod,2026-03-02 11:04:31.771,hostnode,monitoring,monitoring-kube-state-metrics-76b67dc76d-8q9gk,ad30444e-ccf1-472e-bbdf-808e7e5136d7,4295080271,0.37,0.0108,,,0.0250,34,0,0.00,0,0.13,6,0.022113,0.000000
pod,2026-03-02 11:04:31.771,hostnode,hn,rate-846d5c7957-7h6m6,ba1cc2cd-8a02-4c6c-bbdb-e783523c7a7d,4294976717,0.22,0.0078,,,0.0220,28,0,0.00,0,0.00,0,0.004194,0.000000
pod,2026-03-02 11:04:31.771,hostnode,sn,jaeger-5b7d8bb6fb-z8cnp,bb2cfec0-cd8a-4f5f-ad4d-eeeba610930f,4294974617,0.04,0.0082,,,0.0120,5,0,0.00,0,0.00,0,0.001120,0.000000
pod,2026-03-02 11:04:31.771,hostnode,sn,user-service-76d887dc94-bgj68,bf074cdf-70ff-4a02-abb0-d6d0be29abe2,4294974869,0.05,0.0115,,,0.0150,4,0,0.00,0,0.06,2,0.003075,0.000000
pod,2026-03-02 11:04:31.771,hostnode,hn,user-6c488f4d-hjphk,bf3df9a5-b422-4af5-864a-d651de48d26f,4294976801,0.11,0.0089,,,0.0240,12,0,0.00,0,0.00,0,0.001993,0.000000
pod,2026-03-02 11:04:31.771,hostnode,hn,frontend-74b855d7b8-7fbgr,c30245d8-5651-4f6b-a7d9-1712bf6e4e88,4294976045,0.05,0.0104,,,0.0130,5,0,0.00,0,0.00,0,0.001190,0.000000
pod,2026-03-02 11:04:31.771,hostnode,sn,text-service-66d6fd5c8b-v9k4t,c310a012-592c-495e-90f2-168aa1cee704,4294975205,0.00,0.0000,,,0.0000,0,0,0.00,0,0.00,0,0.000000,0.000000
pod,2026-03-02 11:04:31.771,hostnode,hn,profile-54f6c7d985-v5ghx,c57a536e-ce39-4941-aff4-622d8fe82651,4294976297,0.20,0.0079,,,0.0430,26,0,0.00,0,0.00,0,0.003933,0.000000
pod,2026-03-02 11:04:31.771,hostnode,sn,url-shorten-memcached-844b6d854f-f5m7l,d48a2e27-ce92-48da-9b79-fed0072b5dbf,4294974533,0.04,0.0072,,,0.0100,6,0,0.00,0,0.00,0,0.001105,0.000000
pod,2026-03-02 11:04:31.771,hostnode,monitoring,prometheus-monitoring-kube-prometheus-prometheus-0,d5eed4b3-8e52-4dc1-9c6e-da95a7b40277,4295080859,0.50,0.0087,,,0.0150,58,0,0.00,0,0.05,1,0.057626,0.000000
pod,2026-03-02 11:04:31.771,hostnode,sn,compose-post-service-5b5b7d59cc-4zs9g,d712ed1f-7a93-410f-82a6-ef80735a231c,4294974491,0.00,0.0000,,,0.0000,0,0,0.00,0,0.00,0,0.000000,0.000000
pod,2026-03-02 11:04:31.771,hostnode,sn,home-timeline-service-ff4b9db4f-vdjm5,da072777-52fd-4834-9c10-0ee0f82da1c9,4294974701,0.00,0.0000,,,0.0000,0,0,0.00,0,0.00,0,0.000000,0.000000
pod,2026-03-02 11:04:31.771,hostnode,sn,user-timeline-service-5454759db5-vnwvl,dc0f2321-e793-49e9-9ee1-937c87155298,4294974659,0.05,0.0123,,,0.0130,4,0,0.00,0,0.07,2,0.004073,0.000000
pod,2026-03-02 11:04:31.771,hostnode,kube-system,kube-proxy-49fw8,dc101e1d-3f1f-410b-b83e-ee7fac561bac,4294973996,0.00,0.0000,,,0.0000,0,0,0.00,0,0.00,0,0.000000,0.000000
pod,2026-03-02 11:04:31.771,hostnode,kube-system,calico-node-87zh8,dcafcb5d-4d9d-4a0a-a50e-9b777755abe1,4294974038,4.55,0.0087,,,0.0580,526,0,0.00,0,0.00,0,0.108335,0.000000
pod,2026-03-02 11:04:31.771,hostnode,sn,post-storage-service-588b9754bb-cr94b,df7754d7-8bc5-4bec-8298-6777d24ad6ed,4294974911,0.06,0.0155,,,0.0270,4,0,0.00,0,0.07,2,0.003254,0.000000
pod,2026-03-02 11:04:31.771,hostnode,sn,media-mongodb-d697b6485-hzsvf,e142aae7-6ba9-48d3-b5bf-9d819ce77fac,4294974575,1.26,0.0079,,,0.0460,160,0,0.00,0,0.00,0,0.055901,0.000000
pod,2026-03-02 11:04:31.771,hostnode,sa,feedback-inference-6-6649d68c48-8w8x2,e2decc3f-3382-4912-8838-e68559a26a98,4294975751,0.14,0.0096,,,0.0520,14,0,0.00,0,0.00,0,0.009015,0.000000
pod,2026-03-02 11:04:31.771,hostnode,monitoring,prometheus-monitoring-kube-prometheus-prometheus-1,e702e69f-594f-4926-a262-6e6c1f000dcd,4295081642,1.04,0.0076,,,0.0320,137,0,0.00,0,0.24,10,0.126113,0.000000
pod,2026-03-02 11:04:31.771,hostnode,hn,consul-5f547dd555-vbfn4,ed5acd96-1b5b-4f18-8762-f8b4a711aa55,4294976255,3.06,0.0081,,,0.0340,376,0,0.00,0,0.00,0,0.073505,0.000000
pod,2026-03-02 11:04:31.771,hostnode,sn,post-storage-mongodb-5bb6bd964c-qrnwb,ed9d9c33-6043-4865-9dbb-2ba38d33338a,4294975457,2.69,0.0164,,,1.3620,164,0,0.00,0,0.07,2,0.057828,0.000000
pod,2026-03-02 11:04:31.771,hostnode,hn,memcached-rate-6b6b8fc64b-j4mtd,f33aa9b9-0098-4bab-af1f-d9f4580bdcca,4294976087,1.47,0.2936,,,1.4260,5,0,0.00,0,0.00,0,0.001415,0.000000
pod,2026-03-02 11:04:31.771,hostnode,sn,unique-id-service-c5567d7f5-98pmc,f5e5cd76-4c56-44db-b87d-8c5f1188c68e,4294974785,0.00,0.0000,,,0.0000,0,0,0.00,0,0.00,0,0.000000,0.000000
pod,2026-03-02 11:04:31.771,hostnode,sn,post-storage-memcached-58c9f787f-454vt,f76ac518-c32c-48c1-a2c6-1dcb17dbcbef,4294975583,0.04,0.0072,,,0.0090,5,0,0.00,0,0.00,0,0.000982,0.000000
pod,2026-03-02 11:04:31.771,hostnode,monitoring,monitoring-kube-prometheus-operator-fbbbd799-pcnxn,f8959bf3-7786-4a44-945d-eff1c489992a,4295080313,0.67,0.0089,,,0.0380,75,0,0.00,0,0.11,8,0.028885,0.000000
pod,2026-03-02 11:04:31.771,hostnode,kube-system,coredns-5ddd84546d-vpwgd,fa8a2c26-1ab8-41c4-8317-ac2e6d17ed89,4294974278,0.18,0.0084,,,0.0220,22,0,0.01,1,0.07,6,0.008979,0.000000
pod,2026-03-02 11:04:31.771,hostnode,sn,user-memcached-8cc658895-bj2wf,fc7fd578-af0d-4bb8-9e88-5d60e166f1d4,4294975541,0.05,0.0080,,,0.0160,6,0,0.00,0,0.00,0,0.001122,0.000000
node,2026-03-02 11:04:32.771,hostnode,,,,,563.10,0.0182,0.0150,0.0150,12.8300,30934,3,277.36,147,7.09,457,23.857475,1.642840
pod,2026-03-02 11:04:32.771,hostnode,sa,feedback-inference-4-bcdcc4954-nscth,0150e3da-bbb2-44fc-98a6-deb41f36babb,4294975919,0.14,0.0109,,,0.0200,13,0,0.00,0,0.00,0,0.011880,0.000000
pod,2026-03-02 11:04:32.771,hostnode,sn,user-timeline-redis-666c98cb6-2pp72,02f33c1a-7b7d-4b1d-affc-3d48159aa4e1,4294975499,0.09,0.0090,,,0.0170,10,0,0.00,0,0.00,0,0.007539,0.000000
pod,2026-03-02 11:04:32.771,hostnode,hn,recommendation-6fd4576595-qzp7p,03b217b1-3eb0-43df-82d5-903db410307f,4294976759,0.24,0.0057,,,0.0160,43,0,0.00,0,0.00,0,0.006197,0.000000
pod,2026-03-02 11:04:32.771,hostnode,hn,memcached-profile-66685f65f-6q9lm,05600750-6235-4cea-a85f-768f670b18ee,4294976129,0.04,0.0082,,,0.0130,5,0,0.00,0,0.00,0,0.001112,0.000000
pod,2026-03-02 11:04:32.771,hostnode,default,fuzzy-proof-4,09dd6cba-ae69-4561-9fcc-a8fbc26b78fc,4294976885,0.00,0.0000,,,0.0000,0,0,0.00,0,0.00,0,0.000000,0.000000
pod,2026-03-02 11:04:32.771,hostnode,hn,reservation-7b7956cd6b-w78wd,0bcb305f-c199-4f79-8255-5bfd30011440,4294976591,0.10,0.0087,,,0.0140,12,0,0.00,0,0.00,0,0.002170,0.000000
pod,2026-03-02 11:04:32.771,hostnode,sn,user-mongodb-dcb5fbc96-p8vbh,0f8edb85-6f09-4967-834b-c4e29026ce53,4294975247,5.68,0.0344,,,2.5200,165,0,0.00,0,0.10,2,0.063879,0.000000
pod,2026-03-02 11:04:32.771,hostnode,sa,feedback-inference-3-bbfcf6979-nc9n2,11c2484c-ee59-4cf1-b235-e5f0bea30e4b,4294975877,0.16,0.0104,,,0.0380,15,0,0.00,0,0.00,0,0.011627,0.000000
pod,2026-03-02 11:04:32.771,hostnode,default,consul-5f547dd555-5fphc,138143ae-daea-4128-92ae-7c247466d7d4,4294975961,8.09,0.0204,,,2.8450,397,0,0.00,0,0.03,5,0.083502,0.000000
pod,2026-03-02 11:04:32.771,hostnode,sn,social-graph-redis-545664784f-hj79p,13e148d0-b339-49ee-b0ce-b37559cd27c6,4294974447,0.07,0.0073,,,0.0120,10,0,0.00,0,0.00,0,0.007821,0.000000
pod,2026-03-02 11:04:32.771,hostnode,hn,mongodb-recommendation-98859d4d7-z5qfb,1514f4ec-f718-4bec-a3e8-bea39d0fedd1,4294976675,0.43,0.0094,,,0.0530,46,0,0.00,0,0.04,1,0.022874,0.000000
pod,2026-03-02 11:04:32.771,hostnode,ksense,ksense-5rfvq,1893397c-8b62-4aea-8a5e-d5c5032d91f8,4294989630,0.33,0.0099,,,0.0490,33,0,0.00,0,0.03,1,7.866558,0.000000
pod,2026-03-02 11:04:32.771,hostnode,sn,social-graph-mongodb-6bf674bf9-vq4jm,1c0ce9e4-e1fb-455a-976e-11005acce9d0,4294974953,1.53,0.0091,,,0.2200,167,0,0.00,0,0.09,2,0.058046,0.000000
pod,2026-03-02 11:04:32.771,hostnode,hn,jaeger-b49ccf55-rbg7n,1e3eeb12-a307-41de-92ee-7ec930767d58,4294976381,0.07,0.0066,,,0.0120,10,0,0.00,0,0.00,0,0.002055,0.000000
pod,2026-03-02 11:04:32.771,hostnode,kube-system,calico-kube-controllers-5b9b456c66-qz22s,247149cd-61e5-4048-a7ef-75de96589398,4294974080,3.39,0.0222,,,0.4500,153,0,0.60,9,0.00,0,0.097012,0.000299
pod,2026-03-02 11:04:32.771,hostnode,hn,mongodb-user-86f7788f59-vwx8w,24987f22-ac3e-4037-b7e4-674696f71bfe,4294976843,1.52,0.0476,,,1.2970,32,0,0.00,0,0.00,0,0.020434,0.000000
pod,2026-03-02 11:04:32.771,hostnode,sn,nginx-thrift-7f6f5d6b69-74vws,2d8ff9cc-73b2-47da-b0da-657ba9857d06,4294975289,0.00,0.0000,,,0.0000,0,0,0.00,0,0.00,0,0.000000,0.000000
pod,2026-03-02 11:04:32.771,hostnode,hn,memcached-reserve-66b4d9f986-twx7c,2e8cef70-b460-406c-822d-006e7c0c71a4,4294976171,0.03,0.0097,,,0.0130,3,0,0.00,0,0.00,0,0.001073,0.000000
pod,2026-03-02 11:04:32.771,hostnode,monitoring,monitoring-prometheus-node-exporter-679rr,309bc67f-0f97-4902-8e57-5f369481d878,4295080229,0.00,0.0000,,,0.0000,0,0,0.00,0,0.00,0,0.000000,0.000000
pod,2026-03-02 11:04:32.771,hostnode,hn,geo-75469c5bc9-b6l8f,4615d84f-8e28-403b-af02-b8c6c579361d,4294976003,0.09,0.0072,,,0.0110,12,0,0.00,0,0.00,0,0.002706,0.000000
pod,2026-03-02 11:04:32.771,hostnode,hn,mongodb-reservation-8566bbcb4f-rmkm5,5557386c-9898-4425-8979-6492e67868ee,4294976549,2.48,0.0730,,,1.3020,34,0,0.00,0,0.00,0,0.019839,0.000000
pod,2026-03-02 11:04:32.771,hostnode,sn,social-graph-service-6b48d496c6-flfvk,56f4636a-d485-4728-9bb6-0e7977b14a71,4294974995,0.04,0.0112,,,0.0180,4,0,0.00,0,0.08,2,0.003542,0.000000
pod,2026-03-02 11:04:32.771,hostnode,ksense,fuzzy-scheduler-55c7fbbd75-xnggn,58bdb2da-a465-4653-b30a-5f823bd79594,4295063948,0.45,0.0092,,,0.0990,49,0,0.00,0,0.00,0,0.010303,0.000000
pod,2026-03-02 11:04:32.771,hostnode,sn,user-mention-service-77b4dc8db6-qqb2p,5da702aa-5da1-48a1-a861-a28a962145a8,4294975121,0.00,0.0000,,,0.0000,0,0,0.00,0,0.00,0,0.000000,0.000000
pod,2026-03-02 11:04:32.771,hostnode,sa,feedback-inference-2-867b854976-qrcmg,63ea3062-c44d-4786-b84c-d210df45b2f8,4294975793,4.10,0.2733,,,3.9900,15,0,0.00,0,0.00,0,0.010203,0.000000
pod,2026-03-02 11:04:32.771,hostnode,hn,mongodb-rate-78677645d4-4v2h5,66c8e931-7fa3-448a-8822-0b2db155e788,4294976633,1.41,0.0380,,,1.0480,37,0,0.00,0,0.00,0,0.019739,0.000000
pod,2026-03-02 11:04:32.771,hostnode,sa,feedback-inference-1-6b858c77b9-99c4j,6a98d5b2-6ae0-4348-ba84-d32a8010d14b,4294975625,0.13,0.0090,,,0.0160,14,0,0.00,0,0.00,0,0.010969,0.000000
pod,2026-03-02 11:04:32.771,hostnode,sn,media-frontend-6bd9df9d6d-5vf4w,6be52f8a-5cf7-4c4d-a9cf-b851c52694e7,4294975077,0.00,0.0000,,,0.0000,0,0,0.00,0,0.00,0,0.000000,0.000000
pod,2026-03-02 11:04:32.771,hostnode,sn,media-memcached-657c8b4cdf-4cc9x,6d187294-14f3-4f11-b66b-6f178abedac4,4294974743,0.04,0.0088,,,0.0140,5,0,0.00,0,0.00,0,0.001288,0.000000
pod,2026-03-02 11:04:32.771,hostnode,monitoring,alertmanager-monitoring-kube-prometheus-alertmanager-0,70957292-81e5-4ffe-b8ad-b44e4de4b326,4295080817,0.10,0.0088,,,0.0160,11,0,0.00,0,0.04,2,0.006017,0.000000
pod,2026-03-02 11:04:32.771,hostnode,sn,media-service-68f5f7ccbf-ks945,76c3a8df-aede-4a5f-b8bd-e74ce509a7e6,4294975331,0.00,0.0000,,,0.0000,0,0,0.00,0,0.00,0,0.000000,0.000000
pod,2026-03-02 11:04:32.771,hostnode,sn,home-timeline-redis-698c8bc65d-4c45h,79688f0b-7ab6-4f35-8438-aec8c8300d03,4294974827,0.10,0.0101,,,0.0190,10,0,0.00,0,0.00,0,0.008462,0.000000
pod,2026-03-02 11:04:32.771,hostnode,sa,feedback-inference-7-8f6cf7999-f5qn4,7aa819af-f314-4532-a0f4-c5e2a11fc6ef,4294975835,0.12,0.0085,,,0.0180,14,0,0.00,0,0.00,0,0.012831,0.000000
pod,2026-03-02 11:04:32.771,hostnode,monitoring,monitoring-grafana-67776b6b66-sxl62,7bda2edc-62de-4b78-aa7c-8a99331d9370,4295080355,5.49,0.0454,,,3.7380,121,0,0.00,0,0.00,0,0.029042,0.007573
pod,2026-03-02 11:04:32.771,hostnode,default,feedback-inference-5c9b57cc5f-mpxx5,7d6b10a5-b07a-4b60-8c9d-7d0462b491f0,4294975709,0.11,0.0076,,,0.0160,15,0,0.00,0,0.00,0,0.011236,0.000000
pod,2026-03-02 11:04:32.771,hostnode,kube-system,selling-resource-scheduler-7cc89db49c-ns9jm,894845d8-cc58-483b-bbf2-260807dd8e81,4294974127,0.00,0.0000,,,0.0000,0,0,0.00,0,0.00,0,0.000000,0.000000
pod,2026-03-02 11:04:32.771,hostnode,sa,feedback-inference-5-596d5b64b9-sw9t7,898a0bea-057b-41e9-bedf-78eae2237e12,4294975667,0.11,0.0085,,,0.0230,13,0,0.00,0,0.00,0,0.011612,0.000000
pod,2026-03-02 11:04:32.771,hostnode,default,fuzzy-proof-1,8adacebd-6468-43f9-bad1-e7258d23d25b,4294977053,0.00,0.0000,,,0.0000,0,0,0.00,0,0.00,0,0.000000,0.000000
pod,2026-03-02 11:04:32.771,hostnode,hn,mongodb-profile-57b898f69-869rl,8c3bade4-b9e1-44f3-bdaa-e8f9a77e60b6,4294976339,3.37,0.0887,,,3.1310,38,0,0.00,0,0.00,0,0.018839,0.000000
pod,2026-03-02 11:04:32.771,hostnode,hn,mongodb-geo-5cf4479bd9-4tflp,8c63a64e-3582-4fa5-a1a2-9d52222005c7,4294976213,0.30,0.0080,,,0.0240,38,0,0.00,0,0.00,0,0.021353,0.000000
pod,2026-03-02 11:04:32.771,hostnode,kube-system,metrics-server-7fbfbcc44c-57twc,8e0cbdb2-8b37-43d7-bd2e-e7bc88f71486,4294974340,2.55,0.0121,,,0.6730,211,0,0.01,1,0.27,20,0.089617,0.020226
pod,2026-03-02 11:04:32.771,hostnode,default,fuzzy-proof-5,95708664-be88-4490-ba1e-7092ec6ba570,4294977011,0.00,0.0000,,,0.0000,0,0,0.00,0,0.00,0,0.000000,0.000000
pod,2026-03-02 11:04:32.771,hostnode,kube-system,coredns-5ddd84546d-cscpm,957aa029-5b70-4fcf-bf3e-194e127920be,4294974221,0.28,0.0077,,,0.0150,36,0,0.00,0,0.09,6,0.011580,0.000000
pod,2026-03-02 11:04:32.771,hostnode,sn,url-shorten-service-5576f95bc-dlkwp,970ae5df-45da-47b3-9c77-f2aaf6297dd0,4294975415,0.05,0.0130,,,0.0180,4,0,0.00,0,0.08,2,0.003763,0.000000
pod,2026-03-02 11:04:32.771,hostnode,default,fuzzy-proof-3,9bb793d0-cf0f-4e92-ab39-a1f6b2a25f81,4294976927,0.00,0.0000,,,0.0000,0,0,0.00,0,0.00,0,0.000000,0.000000
pod,2026-03-02 11:04:32.771,hostnode,ksense,collector-name-sample,9f3d30b5-8cbf-41cc-bc8d-b5d893e029dc,4295117360,0.01,0.0110,,,0.0110,1,0,0.00,0,0.00,0,0.111975,0.000000
pod,2026-03-02 11:04:32.771,hostnode,sn,user-timeline-mongodb-76c59d86fb-f292x,a152d98d-6f60-4ea7-a931-fad144116366,4294975373,3.00,0.0181,,,1.2770,166,0,0.00,0,0.10,2,0.059982,0.000000
pod,2026-03-02 11:04:32.771,hostnode,hn,search-6dfc557989-qjbl9,a1b75670-727f-4e89-92df-b40d967893d6,4294976423,0.03,0.0070,,,0.0120,4,0,0.00,0,0.00,0,0.000797,0.000000
pod,2026-03-02 11:04:32.771,hostnode,local-path-storage,local-path-provisioner-7dd969c95d-74d4t,a6ae812c-2f36-4242-951e-7c510528abdf,4294974169,0.00,0.0000,,,0.0000,0,0,0.00,0,0.00,0,0.000000,0.000000
pod,2026-03-02 11:04:32.771,hostnode,sn,url-shorten-mongodb-5b844598c6-fp9c7,a8cd873b-f644-410c-84de-9107a29e8a95,4294975163,3.29,0.0203,,,1.3300,162,0,0.00,0,0.10,2,0.059088,0.000000
pod,2026-03-02 11:04:32.771,hostnode,default,fuzzy-proof-2,aaae8af9-ce6d-4315-8571-0b20fd1508a3,4294976969,0.00,0.0000,,,0.0000,0,0,0.00,0,0.00,0,0.000000,0.000000
pod,2026-03-02 11:04:32.771,hostnode,monitoring,monitoring-kube-state-metrics-76b67dc76d-8q9gk,ad30444e-ccf1-472e-bbdf-808e7e5136d7,4295080271,0.14,0.0118,,,0.0230,12,0,0.00,0,0.00,0,0.005043,0.000000
pod,2026-03-02 11:04:32.771,hostnode,hn,rate-846d5c7957-7h6m6,ba1cc2cd-8a02-4c6c-bbdb-e783523c7a7d,4294976717,0.14,0.0069,,,0.0120,20,0,0.00,0,0.00,0,0.002996,0.000000
pod,2026-03-02 11:04:32.771,hostnode,sn,jaeger-5b7d8bb6fb-z8cnp,bb2cfec0-cd8a-4f5f-ad4d-eeeba610930f,4294974617,0.03,0.0070,,,0.0100,4,0,0.00,0,0.00,0,0.000950,0.000000
pod,2026-03-02 11:04:32.771,hostnode,sn,user-service-76d887dc94-bgj68,bf074cdf-70ff-4a02-abb0-d6d0be29abe2,4294974869,0.04,0.0097,,,0.0110,4,0,0.00,0,0.06,2,0.003901,0.000000
pod,2026-03-02 11:04:32.771,hostnode,hn,user-6c488f4d-hjphk,bf3df9a5-b422-4af5-864a-d651de48d26f,4294976801,0.09,0.0066,,,0.0130,14,0,0.00,0,0.00,0,0.002414,0.000000
pod,2026-03-02 11:04:32.771,hostnode,hn,frontend-74b855d7b8-7fbgr,c30245d8-5651-4f6b-a7d9-1712bf6e4e88,4294976045,0.04,0.0082,,,0.0120,5,0,0.00,0,0.00,0,0.001157,0.000000
pod,2026-03-02 11:04:32.771,hostnode,sn,text-service-66d6fd5c8b-v9k4t,c310a012-592c-495e-90f2-168aa1cee704,4294975205,0.00,0.0000,,,0.0000,0,0,0.00,0,0.00,0,0.000000,0.000000
pod,2026-03-02 11:04:32.771,hostnode,hn,profile-54f6c7d985-v5ghx,c57a536e-ce39-4941-aff4-622d8fe82651,4294976297,0.10,0.0075,,,0.0150,14,0,0.00,0,0.00,0,0.002713,0.000000
pod,2026-03-02 11:04:32.771,hostnode,sn,url-shorten-memcached-844b6d854f-f5m7l,d48a2e27-ce92-48da-9b79-fed0072b5dbf,4294974533,0.04,0.0068,,,0.0160,6,0,0.00,0,0.00,0,0.001065,0.000000
pod,2026-03-02 11:04:32.771,hostnode,monitoring,prometheus-monitoring-kube-prometheus-prometheus-0,d5eed4b3-8e52-4dc1-9c6e-da95a7b40277,4295080859,0.61,0.0087,,,0.0360,70,0,0.00,0,0.22,7,0.082511,0.000000
pod,2026-03-02 11:04:32.771,hostnode,sn,compose-post-service-5b5b7d59cc-4zs9g,d712ed1f-7a93-410f-82a6-ef80735a231c,4294974491,0.00,0.0000,,,0.0000,0,0,0.00,0,0.00,0,0.000000,0.000000
pod,2026-03-02 11:04:32.771,hostnode,sn,home-timeline-service-ff4b9db4f-vdjm5,da072777-52fd-4834-9c10-0ee0f82da1c9,4294974701,0.00,0.0000,,,0.0000,0,0,0.00,0,0.00,0,0.000000,0.000000
pod,2026-03-02 11:04:32.771,hostnode,sn,user-timeline-service-5454759db5-vnwvl,dc0f2321-e793-49e9-9ee1-937c87155298,4294974659,0.08,0.0208,,,0.0480,4,0,0.00,0,0.07,2,0.003402,0.000000
pod,2026-03-02 11:04:32.771,hostnode,kube-system,kube-proxy-49fw8,dc101e1d-3f1f-410b-b83e-ee7fac561bac,4294973996,0.09,0.0098,,,0.0150,9,0,0.00,0,0.00,0,0.002828,0.000000
pod,2026-03-02 11:04:32.771,hostnode,kube-system,calico-node-87zh8,dcafcb5d-4d9d-4a0a-a50e-9b777755abe1,4294974038,33.88,0.0211,,,4.2360,1602,0,0.42,12,0.12,6,1.002111,0.067740
pod,2026-03-02 11:04:32.771,hostnode,sn,post-storage-service-588b9754bb-cr94b,df7754d7-8bc5-4bec-8298-6777d24ad6ed,4294974911,0.04,0.0112,,,0.0180,4,0,0.00,0,0.07,2,0.003540,0.000000
pod,2026-03-02 11:04:32.771,hostnode,sn,media-mongodb-d697b6485-hzsvf,e142aae7-6ba9-48d3-b5bf-9d819ce77fac,4294974575,3.42,0.0210,,,1.2770,163,0,0.00,0,0.00,0,0.055647,0.000000
pod,2026-03-02 11:04:32.771,hostnode,sa,feedback-inference-6-6649d68c48-8w8x2,e2decc3f-3382-4912-8838-e68559a26a98,4294975751,0.12,0.0085,,,0.0200,14,0,0.00,0,0.00,0,0.011172,0.000000
pod,2026-03-02 11:04:32.771,hostnode,monitoring,prometheus-monitoring-kube-prometheus-prometheus-1,e702e69f-594f-4926-a262-6e6c1f000dcd,4295081642,2.84,0.0079,,,0.3440,360,0,0.12,9,1.09,95,0.671198,0.000000
pod,2026-03-02 11:04:32.771,hostnode,hn,consul-5f547dd555-vbfn4,ed5acd96-1b5b-4f18-8762-f8b4a711aa55,4294976255,3.80,0.0099,,,0.4100,382,0,0.00,0,0.04,5,0.083425,0.000000
pod,2026-03-02 11:04:32.771,hostnode,sn,post-storage-mongodb-5bb6bd964c-qrnwb,ed9d9c33-6043-4865-9dbb-2ba38d33338a,4294975457,6.30,0.0379,,,4.9050,166,0,0.00,0,0.08,2,0.059425,0.000000
pod,2026-03-02 11:04:32.771,hostnode,hn,memcached-rate-6b6b8fc64b-j4mtd,f33aa9b9-0098-4bab-af1f-d9f4580bdcca,4294976087,0.02,0.0063,,,0.0070,3,0,0.00,0,0.00,0,0.000874,0.000000
pod,2026-03-02 11:04:32.771,hostnode,sn,unique-id-service-c5567d7f5-98pmc,f5e5cd76-4c56-44db-b87d-8c5f1188c68e,4294974785,0.00,0.0000,,,0.0000,0,0,0.00,0,0.00,0,0.000000,0.000000
pod,2026-03-02 11:04:32.771,hostnode,sn,post-storage-memcached-58c9f787f-454vt,f76ac518-c32c-48c1-a2c6-1dcb17dbcbef,4294975583,0.06,0.0098,,,0.0260,6,0,0.00,0,0.00,0,0.001249,0.000000
pod,2026-03-02 11:04:32.771,hostnode,monitoring,monitoring-kube-prometheus-operator-fbbbd799-pcnxn,f8959bf3-7786-4a44-945d-eff1c489992a,4295080313,0.54,0.0075,,,0.0840,72,0,0.00,0,0.00,0,0.009915,0.000000
pod,2026-03-02 11:04:32.771,hostnode,kube-system,coredns-5ddd84546d-vpwgd,fa8a2c26-1ab8-41c4-8317-ac2e6d17ed89,4294974278,0.26,0.0087,,,0.0180,30,0,0.00,0,0.08,6,0.011287,0.000000
pod,2026-03-02 11:04:32.771,hostnode,sn,user-memcached-8cc658895-bj2wf,fc7fd578-af0d-4bb8-9e88-5d60e166f1d4,4294975541,0.03,0.0068,,,0.0110,5,0,0.00,0,0.00,0,0.000965,0.000000
node,2026-03-02 11:04:33.772,hostnode,,,,,293.43,0.0111,0.0150,0.0150,7.7220,26439,2,8.23,18,4.19,209,18.788344,0.336989
pod,2026-03-02 11:04:33.772,hostnode,sa,feedback-inference-4-bcdcc4954-nscth,0150e3da-bbb2-44fc-98a6-deb41f36babb,4294975919,0.12,0.0082,,,0.0140,14,0,0.00,0,0.00,0,0.009677,0.000000
pod,2026-03-02 11:04:33.772,hostnode,sn,user-timeline-redis-666c98cb6-2pp72,02f33c1a-7b7d-4b1d-affc-3d48159aa4e1,4294975499,0.08,0.0078,,,0.0150,10,0,0.00,0,0.00,0,0.007394,0.000000
pod,2026-03-02 11:04:33.772,hostnode,hn,recommendation-6fd4576595-qzp7p,03b217b1-3eb0-43df-82d5-903db410307f,4294976759,0.25,0.0068,,,0.0250,37,0,0.00,0,0.00,0,0.004310,0.000000
pod,2026-03-02 11:04:33.772,hostnode,hn,memcached-profile-66685f65f-6q9lm,05600750-6235-4cea-a85f-768f670b18ee,4294976129,0.02,0.0070,,,0.0100,3,0,0.00,0,0.00,0,0.000848,0.000000
pod,2026-03-02 11:04:33.772,hostnode,default,fuzzy-proof-4,09dd6cba-ae69-4561-9fcc-a8fbc26b78fc,4294976885,0.00,0.0000,,,0.0000,0,0,0.00,0,0.00,0,0.000000,0.000000
pod,2026-03-02 11:04:33.772,hostnode,hn,reservation-7b7956cd6b-w78wd,0bcb305f-c199-4f79-8255-5bfd30011440,4294976591,0.17,0.0057,,,0.0130,29,0,0.00,0,0.00,0,0.003747,0.000000
pod,2026-03-02 11:04:33.772,hostnode,sn,user-mongodb-dcb5fbc96-p8vbh,0f8edb85-6f09-4967-834b-c4e29026ce53,4294975247,1.28,0.0078,,,0.0400,163,0,0.00,0,0.07,2,0.055012,0.000000
pod,2026-03-02 11:04:33.772,hostnode,sa,feedback-inference-3-bbfcf6979-nc9n2,11c2484c-ee59-4cf1-b235-e5f0bea30e4b,4294975877,0.11,0.0082,,,0.0140,13,0,0.00,0,0.00,0,0.009692,0.000000
pod,2026-03-02 11:04:33.772,hostnode,default,consul-5f547dd555-5fphc,138143ae-daea-4128-92ae-7c247466d7d4,4294975961,2.80,0.0075,,,0.0290,374,0,0.00,0,0.00,0,0.067760,0.000000
pod,2026-03-02 11:04:33.772,hostnode,sn,social-graph-redis-545664784f-hj79p,13e148d0-b339-49ee-b0ce-b37559cd27c6,4294974447,0.09,0.0093,,,0.0140,10,0,0.00,0,0.00,0,0.007071,0.000000
pod,2026-03-02 11:04:33.772,hostnode,hn,mongodb-recommendation-98859d4d7-z5qfb,1514f4ec-f718-4bec-a3e8-bea39d0fedd1,4294976675,0.37,0.0095,,,0.0300,39,0,0.00,0,0.00,0,0.020497,0.000000
pod,2026-03-02 11:04:33.772,hostnode,ksense,ksense-5rfvq,1893397c-8b62-4aea-8a5e-d5c5032d91f8,4294989630,0.29,0.0083,,,0.0140,35,0,0.00,0,0.00,0,7.851090,0.000000
pod,2026-03-02 11:04:33.772,hostnode,sn,social-graph-mongodb-6bf674bf9-vq4jm,1c0ce9e4-e1fb-455a-976e-11005acce9d0,4294974953,1.19,0.0074,,,0.0450,160,0,0.00,0,0.10,2,0.051882,0.000000
pod,2026-03-02 11:04:33.772,hostnode,hn,jaeger-b49ccf55-rbg7n,1e3eeb12-a307-41de-92ee-7ec930767d58,4294976381,0.03,0.0067,,,0.0100,4,0,0.00,0,0.00,0,0.000756,0.000000
pod,2026-03-02 11:04:33.772,hostnode,kube-system,calico-kube-controllers-5b9b456c66-qz22s,247149cd-61e5-4048-a7ef-75de96589398,4294974080,0.00,0.0000,,,0.0000,0,0,0.00,0,0.00,0,0.000000,0.000000
pod,2026-03-02 11:04:33.772,hostnode,hn,mongodb-user-86f7788f59-vwx8w,24987f22-ac3e-4037-b7e4-674696f71bfe,4294976843,0.33,0.0092,,,0.0310,36,0,0.00,0,0.00,0,0.021153,0.000000
pod,2026-03-02 11:04:33.772,hostnode,sn,nginx-thrift-7f6f5d6b69-74vws,2d8ff9cc-73b2-47da-b0da-657ba9857d06,4294975289,0.00,0.0000,,,0.0000,0,0,0.00,0,0.00,0,0.000000,0.000000
pod,2026-03-02 11:04:33.772,hostnode,hn,memcached-reserve-66b4d9f986-twx7c,2e8cef70-b460-406c-822d-006e7c0c71a4,4294976171,0.04,0.0074,,,0.0130,5,0,0.00,0,0.00,0,0.001203,0.000000
pod,2026-03-02 11:04:33.772,hostnode,monitoring,monitoring-prometheus-node-exporter-679rr,309bc67f-0f97-4902-8e57-5f369481d878,4295080229,0.00,0.0000,,,0.0000,0,0,0.00,0,0.00,0,0.000000,0.000000
pod,2026-03-02 11:04:33.772,hostnode,hn,geo-75469c5bc9-b6l8f,4615d84f-8e28-403b-af02-b8c6c579361d,4294976003,0.17,0.0140,,,0.0530,12,0,0.00,0,0.00,0,0.001874,0.000000
pod,2026-03-02 11:04:33.772,hostnode,hn,mongodb-reservation-8566bbcb4f-rmkm5,5557386c-9898-4425-8979-6492e67868ee,4294976549,0.26,0.0078,,,0.0250,33,0,0.00,0,0.00,0,0.020132,0.000000
pod,2026-03-02 11:04:33.772,hostnode,sn,social-graph-service-6b48d496c6-flfvk,56f4636a-d485-4728-9bb6-0e7977b14a71,4294974995,0.04,0.0090,,,0.0120,4,0,0.00,0,0.07,2,0.003494,0.000000
pod,2026-03-02 11:04:33.772,hostnode,ksense,fuzzy-scheduler-55c7fbbd75-xnggn,58bdb2da-a465-4653-b30a-5f823bd79594,4295063948,0.37,0.0085,,,0.0300,43,0,0.00,0,0.00,0,0.010020,0.000000
pod,2026-03-02 11:04:33.772,hostnode,sn,user-mention-service-77b4dc8db6-qqb2p,5da702aa-5da1-48a1-a861-a28a962145a8,4294975121,0.00,0.0000,,,0.0000,0,0,0.00,0,0.00,0,0.000000,0.000000
pod,2026-03-02 11:04:33.772,hostnode,sa,feedback-inference-2-867b854976-qrcmg,63ea3062-c44d-4786-b84c-d210df45b2f8,4294975793,0.12,0.0095,,,0.0250,13,0,0.00,0,0.00,0,0.010528,0.000000
pod,2026-03-02 11:04:33.772,hostnode,hn,mongodb-rate-78677645d4-4v2h5,66c8e931-7fa3-448a-8822-0b2db155e788,4294976633,1.58,0.0465,,,1.2620,34,0,0.00,0,0.00,0,0.018519,0.000000
pod,2026-03-02 11:04:33.772,hostnode,sa,feedback-inference-1-6b858c77b9-99c4j,6a98d5b2-6ae0-4348-ba84-d32a8010d14b,4294975625,0.09,0.0067,,,0.0090,14,0,0.00,0,0.00,0,0.010258,0.000000
pod,2026-03-02 11:04:33.772,hostnode,sn,media-frontend-6bd9df9d6d-5vf4w,6be52f8a-5cf7-4c4d-a9cf-b851c52694e7,4294975077,0.00,0.0000,,,0.0000,0,0,0.00,0,0.00,0,0.000000,0.000000
pod,2026-03-02 11:04:33.772,hostnode,sn,media-memcached-657c8b4cdf-4cc9x,6d187294-14f3-4f11-b66b-6f178abedac4,4294974743,0.03,0.0087,,,0.0140,3,0,0.00,0,0.00,0,0.000864,0.000000
pod,2026-03-02 11:04:33.772,hostnode,monitoring,alertmanager-monitoring-kube-prometheus-alertmanager-0,70957292-81e5-4ffe-b8ad-b44e4de4b326,4295080817,0.00,0.0000,,,0.0000,0,0,0.00,0,0.00,0,0.000000,0.000000
pod,2026-03-02 11:04:33.772,hostnode,sn,media-service-68f5f7ccbf-ks945,76c3a8df-aede-4a5f-b8bd-e74ce509a7e6,4294975331,0.00,0.0000,,,0.0000,0,0,0.00,0,0.00,0,0.000000,0.000000
pod,2026-03-02 11:04:33.772,hostnode,sn,home-timeline-redis-698c8bc65d-4c45h,79688f0b-7ab6-4f35-8438-aec8c8300d03,4294974827,0.08,0.0082,,,0.0110,10,0,0.00,0,0.00,0,0.007891,0.000000
pod,2026-03-02 11:04:33.772,hostnode,sa,feedback-inference-7-8f6cf7999-f5qn4,7aa819af-f314-4532-a0f4-c5e2a11fc6ef,4294975835,0.10,0.0065,,,0.0110,15,0,0.00,0,0.00,0,0.012280,0.000000
pod,2026-03-02 11:04:33.772,hostnode,monitoring,monitoring-grafana-67776b6b66-sxl62,7bda2edc-62de-4b78-aa7c-8a99331d9370,4295080355,2.19,0.0070,,,0.0350,314,0,0.00,0,0.30,16,0.234249,0.000000
pod,2026-03-02 11:04:33.772,hostnode,default,feedback-inference-5c9b57cc5f-mpxx5,7d6b10a5-b07a-4b60-8c9d-7d0462b491f0,4294975709,0.11,0.0080,,,0.0180,14,0,0.00,0,0.00,0,0.012025,0.000000
pod,2026-03-02 11:04:33.772,hostnode,kube-system,selling-resource-scheduler-7cc89db49c-ns9jm,894845d8-cc58-483b-bbf2-260807dd8e81,4294974127,0.00,0.0000,,,0.0000,0,0,0.00,0,0.00,0,0.000000,0.000000
pod,2026-03-02 11:04:33.772,hostnode,sa,feedback-inference-5-596d5b64b9-sw9t7,898a0bea-057b-41e9-bedf-78eae2237e12,4294975667,0.11,0.0081,,,0.0160,14,0,0.00,0,0.00,0,0.010804,0.000000
pod,2026-03-02 11:04:33.772,hostnode,default,fuzzy-proof-1,8adacebd-6468-43f9-bad1-e7258d23d25b,4294977053,0.00,0.0000,,,0.0000,0,0,0.00,0,0.00,0,0.000000,0.000000
pod,2026-03-02 11:04:33.772,hostnode,hn,mongodb-profile-57b898f69-869rl,8c3bade4-b9e1-44f3-bdaa-e8f9a77e60b6,4294976339,0.40,0.0096,,,0.0240,41,0,0.00,0,0.00,0,0.020406,0.000000
pod,2026-03-02 11:04:33.772,hostnode,hn,mongodb-geo-5cf4479bd9-4tflp,8c63a64e-3582-4fa5-a1a2-9d52222005c7,4294976213,0.30,0.0080,,,0.0380,37,0,0.00,0,0.00,0,0.018339,0.000000
pod,2026-03-02 11:04:33.772,hostnode,kube-system,metrics-server-7fbfbcc44c-57twc,8e0cbdb2-8b37-43d7-bd2e-e7bc88f71486,4294974340,0.73,0.0086,,,0.0500,84,0,0.00,0,0.00,0,0.015115,0.000000
pod,2026-03-02 11:04:33.772,hostnode,default,fuzzy-proof-5,95708664-be88-4490-ba1e-7092ec6ba570,4294977011,0.00,0.0000,,,0.0000,0,0,0.00,0,0.00,0,0.000000,0.000000
pod,2026-03-02 11:04:33.772,hostnode,kube-system,coredns-5ddd84546d-cscpm,957aa029-5b70-4fcf-bf3e-194e127920be,4294974221,0.19,0.0071,,,0.0190,27,0,0.00,0,0.09,6,0.008899,0.000000
pod,2026-03-02 11:04:33.772,hostnode,sn,url-shorten-service-5576f95bc-dlkwp,970ae5df-45da-47b3-9c77-f2aaf6297dd0,4294975415,0.04,0.0105,,,0.0130,4,0,0.00,0,0.06,2,0.003038,0.000000
pod,2026-03-02 11:04:33.772,hostnode,default,fuzzy-proof-3,9bb793d0-cf0f-4e92-ab39-a1f6b2a25f81,4294976927,0.00,0.0000,,,0.0000,0,0,0.00,0,0.00,0,0.000000,0.000000
pod,2026-03-02 11:04:33.772,hostnode,ksense,collector-name-sample,9f3d30b5-8cbf-41cc-bc8d-b5d893e029dc,4295117360,0.14,0.0348,,,0.0620,4,0,0.00,0,0.00,0,0.088250,0.000000
pod,2026-03-02 11:04:33.772,hostnode,sn,user-timeline-mongodb-76c59d86fb-f292x,a152d98d-6f60-4ea7-a931-fad144116366,4294975373,1.24,0.0076,,,0.0550,164,0,0.00,0,0.12,2,0.053379,0.000000
pod,2026-03-02 11:04:33.772,hostnode,hn,search-6dfc557989-qjbl9,a1b75670-727f-4e89-92df-b40d967893d6,4294976423,0.05,0.0108,,,0.0170,5,0,0.00,0,0.00,0,0.001164,0.000000
pod,2026-03-02 11:04:33.772,hostnode,local-path-storage,local-path-provisioner-7dd969c95d-74d4t,a6ae812c-2f36-4242-951e-7c510528abdf,4294974169,0.00,0.0000,,,0.0000,0,0,0.00,0,0.00,0,0.000000,0.000000
pod,2026-03-02 11:04:33.772,hostnode,sn,url-shorten-mongodb-5b844598c6-fp9c7,a8cd873b-f644-410c-84de-9107a29e8a95,4294975163,2.60,0.0159,,,1.0550,163,0,0.00,0,0.07,2,0.051198,0.000000
pod,2026-03-02 11:04:33.772,hostnode,default,fuzzy-proof-2,aaae8af9-ce6d-4315-8571-0b20fd1508a3,4294976969,0.00,0.0000,,,0.0000,0,0,0.00,0,0.00,0,0.000000,0.000000
pod,2026-03-02 11:04:33.772,hostnode,monitoring,monitoring-kube-state-metrics-76b67dc76d-8q9gk,ad30444e-ccf1-472e-bbdf-808e7e5136d7,4295080271,0.05,0.0090,,,0.0130,6,0,0.00,0,0.00,0,0.002221,0.000000
pod,2026-03-02 11:04:33.772,hostnode,hn,rate-846d5c7957-7h6m6,ba1cc2cd-8a02-4c6c-bbdb-e783523c7a7d,4294976717,0.11,0.0085,,,0.0160,13,0,0.00,0,0.00,0,0.002522,0.000000
pod,2026-03-02 11:04:33.772,hostnode,sn,jaeger-5b7d8bb6fb-z8cnp,bb2cfec0-cd8a-4f5f-ad4d-eeeba610930f,4294974617,0.07,0.0073,,,0.0150,9,0,0.00,0,0.00,0,0.002105,0.000000
pod,2026-03-02 11:04:33.772,hostnode,sn,user-service-76d887dc94-bgj68,bf074cdf-70ff-4a02-abb0-d6d0be29abe2,4294974869,0.03,0.0077,,,0.0080,4,0,0.00,0,0.06,2,0.003185,0.000000
pod,2026-03-02 11:04:33.772,hostnode,hn,user-6c488f4d-hjphk,bf3df9a5-b422-4af5-864a-d651de48d26f,4294976801,0.12,0.0089,,,0.0320,14,0,0.00,0,0.00,0,0.002761,0.000000
pod,2026-03-02 11:04:33.772,hostnode,hn,frontend-74b855d7b8-7fbgr,c30245d8-5651-4f6b-a7d9-1712bf6e4e88,4294976045,0.09,0.0073,,,0.0200,12,0,0.00,0,0.00,0,0.002267,0.000000
pod,2026-03-02 11:04:33.772,hostnode,sn,text-service-66d6fd5c8b-v9k4t,c310a012-592c-495e-90f2-168aa1cee704,4294975205,0.00,0.0000,,,0.0000,0,0,0.00,0,0.00,0,0.000000,0.000000
pod,2026-03-02 11:04:33.772,hostnode,hn,profile-54f6c7d985-v5ghx,c57a536e-ce39-4941-aff4-622d8fe82651,4294976297,0.10,0.0094,,,0.0160,11,0,0.00,0,0.00,0,0.002414,0.000000
pod,2026-03-02 11:04:33.772,hostnode,sn,url-shorten-memcached-844b6d854f-f5m7l,d48a2e27-ce92-48da-9b79-fed0072b5dbf,4294974533,0.03,0.0093,,,0.0170,3,0,0.00,0,0.00,0,0.000887,0.000000
pod,2026-03-02 11:04:33.772,hostnode,monitoring,prometheus-monitoring-kube-prometheus-prometheus-0,d5eed4b3-8e52-4dc1-9c6e-da95a7b40277,4295080859,1.66,0.0068,,,0.2170,244,0,0.06,2,0.33,15,0.120970,0.000000
pod,2026-03-02 11:04:33.772,hostnode,sn,compose-post-service-5b5b7d59cc-4zs9g,d712ed1f-7a93-410f-82a6-ef80735a231c,4294974491,0.00,0.0000,,,0.0000,0,0,0.00,0,0.00,0,0.000000,0.000000
pod,2026-03-02 11:04:33.772,hostnode,sn,home-timeline-service-ff4b9db4f-vdjm5,da072777-52fd-4834-9c10-0ee0f82da1c9,4294974701,0.00,0.0000,,,0.0000,0,0,0.00,0,0.00,0,0.000000,0.000000
pod,2026-03-02 11:04:33.772,hostnode,sn,user-timeline-service-5454759db5-vnwvl,dc0f2321-e793-49e9-9ee1-937c87155298,4294974659,0.04,0.0100,,,0.0110,4,0,0.00,0,0.09,2,0.003817,0.000000
pod,2026-03-02 11:04:33.772,hostnode,kube-system,kube-proxy-49fw8,dc101e1d-3f1f-410b-b83e-ee7fac561bac,4294973996,0.00,0.0000,,,0.0000,0,0,0.00,0,0.00,0,0.000000,0.000000
pod,2026-03-02 11:04:33.772,hostnode,kube-system,calico-node-87zh8,dcafcb5d-4d9d-4a0a-a50e-9b777755abe1,4294974038,5.61,0.0092,,,0.8700,611,0,0.26,2,0.00,0,0.308025,0.025862
pod,2026-03-02 11:04:33.772,hostnode,sn,post-storage-service-588b9754bb-cr94b,df7754d7-8bc5-4bec-8298-6777d24ad6ed,4294974911,0.04,0.0103,,,0.0120,4,0,0.00,0,0.09,2,0.003508,0.000000
pod,2026-03-02 11:04:33.772,hostnode,sn,media-mongodb-d697b6485-hzsvf,e142aae7-6ba9-48d3-b5bf-9d819ce77fac,4294974575,2.15,0.0137,,,0.9930,157,0,0.00,0,0.00,0,0.050143,0.000000
pod,2026-03-02 11:04:33.772,hostnode,sa,feedback-inference-6-6649d68c48-8w8x2,e2decc3f-3382-4912-8838-e68559a26a98,4294975751,0.12,0.0081,,,0.0170,15,0,0.00,0,0.00,0,0.009731,0.000000
pod,2026-03-02 11:04:33.772,hostnode,monitoring,prometheus-monitoring-kube-prometheus-prometheus-1,e702e69f-594f-4926-a262-6e6c1f000dcd,4295081642,0.63,0.0056,,,0.0200,112,0,0.00,0,0.03,1,0.054313,0.000000
pod,2026-03-02 11:04:33.772,hostnode,hn,consul-5f547dd555-vbfn4,ed5acd96-1b5b-4f18-8762-f8b4a711aa55,4294976255,3.06,0.0080,,,0.0420,384,0,0.00,0,0.00,0,0.078655,0.000000
pod,2026-03-02 11:04:33.772,hostnode,sn,post-storage-mongodb-5bb6bd964c-qrnwb,ed9d9c33-6043-4865-9dbb-2ba38d33338a,4294975457,1.35,0.0081,,,0.0800,166,0,0.00,0,0.10,2,0.056194,0.000000
pod,2026-03-02 11:04:33.772,hostnode,hn,memcached-rate-6b6b8fc64b-j4mtd,f33aa9b9-0098-4bab-af1f-d9f4580bdcca,4294976087,0.04,0.0070,,,0.0120,5,0,0.00,0,0.00,0,0.001087,0.000000
pod,2026-03-02 11:04:33.772,hostnode,sn,unique-id-service-c5567d7f5-98pmc,f5e5cd76-4c56-44db-b87d-8c5f1188c68e,4294974785,0.00,0.0000,,,0.0000,0,0,0.00,0,0.00,0,0.000000,0.000000
pod,2026-03-02 11:04:33.772,hostnode,sn,post-storage-memcached-58c9f787f-454vt,f76ac518-c32c-48c1-a2c6-1dcb17dbcbef,4294975583,0.04,0.0080,,,0.0150,5,0,0.00,0,0.00,0,0.001002,0.000000
pod,2026-03-02 11:04:33.772,hostnode,monitoring,monitoring-kube-prometheus-operator-fbbbd799-pcnxn,f8959bf3-7786-4a44-945d-eff1c489992a,4295080313,0.35,0.0086,,,0.0240,41,0,0.00,0,0.00,0,0.011072,0.000000
pod,2026-03-02 11:04:33.772,hostnode,kube-system,coredns-5ddd84546d-vpwgd,fa8a2c26-1ab8-41c4-8317-ac2e6d17ed89,4294974278,0.26,0.0080,,,0.0190,32,0,0.00,0,0.08,6,0.011010,0.000000
pod,2026-03-02 11:04:33.772,hostnode,sn,user-memcached-8cc658895-bj2wf,fc7fd578-af0d-4bb8-9e88-5d60e166f1d4,4294975541,0.04,0.0065,,,0.0090,6,0,0.00,0,0.00,0,0.001041,0.000000
node,2026-03-02 11:04:34.771,hostnode,,,,,256.04,0.0090,0.0150,0.0150,2.2620,28438,2,3.11,59,15.89,1445,15.007776,0.087713
pod,2026-03-02 11:04:34.771,hostnode,sa,feedback-inference-4-bcdcc4954-nscth,0150e3da-bbb2-44fc-98a6-deb41f36babb,4294975919,0.80,0.0572,,,0.7010,14,0,0.00,0,0.00,0,0.010340,0.000000
pod,2026-03-02 11:04:34.771,hostnode,sn,user-timeline-redis-666c98cb6-2pp72,02f33c1a-7b7d-4b1d-affc-3d48159aa4e1,4294975499,0.07,0.0065,,,0.0100,10,0,0.00,0,0.00,0,0.005801,0.000000
pod,2026-03-02 11:04:34.771,hostnode,hn,recommendation-6fd4576595-qzp7p,03b217b1-3eb0-43df-82d5-903db410307f,4294976759,0.08,0.0067,,,0.0170,12,0,0.00,0,0.00,0,0.001923,0.000000
pod,2026-03-02 11:04:34.771,hostnode,hn,memcached-profile-66685f65f-6q9lm,05600750-6235-4cea-a85f-768f670b18ee,4294976129,0.05,0.0100,,,0.0150,5,0,0.00,0,0.00,0,0.001285,0.000000
pod,2026-03-02 11:04:34.771,hostnode,default,fuzzy-proof-4,09dd6cba-ae69-4561-9fcc-a8fbc26b78fc,4294976885,0.00,0.0000,,,0.0000,0,0,0.00,0,0.00,0,0.000000,0.000000
pod,2026-03-02 11:04:34.771,hostnode,hn,reservation-7b7956cd6b-w78wd,0bcb305f-c199-4f79-8255-5bfd30011440,4294976591,0.14,0.0068,,,0.0110,20,0,0.00,0,0.00,0,0.002739,0.000000
pod,2026-03-02 11:04:34.771,hostnode,sn,user-mongodb-dcb5fbc96-p8vbh,0f8edb85-6f09-4967-834b-c4e29026ce53,4294975247,2.46,0.0153,,,1.3570,161,0,0.00,0,0.09,2,0.051466,0.000000
pod,2026-03-02 11:04:34.771,hostnode,sa,feedback-inference-3-bbfcf6979-nc9n2,11c2484c-ee59-4cf1-b235-e5f0bea30e4b,4294975877,0.13,0.0103,,,0.0280,13,0,0.00,0,0.00,0,0.009518,0.000000
pod,2026-03-02 11:04:34.771,hostnode,default,consul-5f547dd555-5fphc,138143ae-daea-4128-92ae-7c247466d7d4,4294975961,3.02,0.0078,,,0.0280,388,0,0.00,0,0.03,5,0.081668,0.000000
pod,2026-03-02 11:04:34.771,hostnode,sn,social-graph-redis-545664784f-hj79p,13e148d0-b339-49ee-b0ce-b37559cd27c6,4294974447,0.07,0.0074,,,0.0140,10,0,0.00,0,0.00,0,0.006371,0.000000
pod,2026-03-02 11:04:34.771,hostnode,hn,mongodb-recommendation-98859d4d7-z5qfb,1514f4ec-f718-4bec-a3e8-bea39d0fedd1,4294976675,0.30,0.0090,,,0.0260,33,0,0.00,0,0.00,0,0.018882,0.000000
pod,2026-03-02 11:04:34.771,hostnode,ksense,ksense-5rfvq,1893397c-8b62-4aea-8a5e-d5c5032d91f8,4294989630,0.25,0.0087,,,0.0350,29,0,0.00,0,0.03,1,7.865070,0.000000
pod,2026-03-02 11:04:34.771,hostnode,sn,social-graph-mongodb-6bf674bf9-vq4jm,1c0ce9e4-e1fb-455a-976e-11005acce9d0,4294974953,2.23,0.0139,,,1.0620,160,0,0.00,0,0.13,2,0.051086,0.000000
pod,2026-03-02 11:04:34.771,hostnode,hn,jaeger-b49ccf55-rbg7n,1e3eeb12-a307-41de-92ee-7ec930767d58,4294976381,0.02,0.0060,,,0.0070,3,0,0.00,0,0.00,0,0.000623,0.000000
pod,2026-03-02 11:04:34.771,hostnode,kube-system,calico-kube-controllers-5b9b456c66-qz22s,247149cd-61e5-4048-a7ef-75de96589398,4294974080,0.13,0.0051,,,0.0120,25,0,0.00,0,0.00,0,0.002316,0.000000
pod,2026-03-02 11:04:34.771,hostnode,hn,mongodb-user-86f7788f59-vwx8w,24987f22-ac3e-4037-b7e4-674696f71bfe,4294976843,0.31,0.0091,,,0.0260,34,0,0.00,0,0.00,0,0.018936,0.000000
pod,2026-03-02 11:04:34.771,hostnode,sn,nginx-thrift-7f6f5d6b69-74vws,2d8ff9cc-73b2-47da-b0da-657ba9857d06,4294975289,0.00,0.0000,,,0.0000,0,0,0.00,0,0.00,0,0.000000,0.000000
pod,2026-03-02 11:04:34.771,hostnode,hn,memcached-reserve-66b4d9f986-twx7c,2e8cef70-b460-406c-822d-006e7c0c71a4,4294976171,0.03,0.0048,,,0.0070,6,0,0.00,0,0.00,0,0.001008,0.000000
pod,2026-03-02 11:04:34.771,hostnode,monitoring,monitoring-prometheus-node-exporter-679rr,309bc67f-0f97-4902-8e57-5f369481d878,4295080229,0.66,0.0052,,,0.0190,127,0,0.00,0,0.12,8,0.499220,0.000000
pod,2026-03-02 11:04:34.771,hostnode,hn,geo-75469c5bc9-b6l8f,4615d84f-8e28-403b-af02-b8c6c579361d,4294976003,0.12,0.0101,,,0.0190,12,0,0.00,0,0.00,0,0.002547,0.000000
pod,2026-03-02 11:04:34.771,hostnode,hn,mongodb-reservation-8566bbcb4f-rmkm5,5557386c-9898-4425-8979-6492e67868ee,4294976549,1.25,0.0379,,,0.9940,33,0,0.00,0,0.00,0,0.019898,0.000000
pod,2026-03-02 11:04:34.771,hostnode,sn,social-graph-service-6b48d496c6-flfvk,56f4636a-d485-4728-9bb6-0e7977b14a71,4294974995,0.05,0.0132,,,0.0230,4,0,0.00,0,0.07,2,0.003509,0.000000
pod,2026-03-02 11:04:34.771,hostnode,ksense,fuzzy-scheduler-55c7fbbd75-xnggn,58bdb2da-a465-4653-b30a-5f823bd79594,4295063948,0.49,0.0078,,,0.0330,63,0,0.00,0,0.00,0,0.013627,0.000000
pod,2026-03-02 11:04:34.771,hostnode,sn,user-mention-service-77b4dc8db6-qqb2p,5da702aa-5da1-48a1-a861-a28a962145a8,4294975121,0.00,0.0000,,,0.0000,0,0,0.00,0,0.00,0,0.000000,0.000000
pod,2026-03-02 11:04:34.771,hostnode,sa,feedback-inference-2-867b854976-qrcmg,63ea3062-c44d-4786-b84c-d210df45b2f8,4294975793,0.11,0.0084,,,0.0190,13,0,0.00,0,0.00,0,0.009912,0.000000
pod,2026-03-02 11:04:34.771,hostnode,hn,mongodb-rate-78677645d4-4v2h5,66c8e931-7fa3-448a-8822-0b2db155e788,4294976633,1.32,0.0400,,,0.9390,33,0,0.00,0,0.00,0,0.019369,0.000000
pod,2026-03-02 11:04:34.771,hostnode,sa,feedback-inference-1-6b858c77b9-99c4j,6a98d5b2-6ae0-4348-ba84-d32a8010d14b,4294975625,0.10,0.0075,,,0.0110,14,0,0.00,0,0.00,0,0.010312,0.000000
pod,2026-03-02 11:04:34.771,hostnode,sn,media-frontend-6bd9df9d6d-5vf4w,6be52f8a-5cf7-4c4d-a9cf-b851c52694e7,4294975077,0.00,0.0000,,,0.0000,0,0,0.00,0,0.00,0,0.000000,0.000000
pod,2026-03-02 11:04:34.771,hostnode,sn,media-memcached-657c8b4cdf-4cc9x,6d187294-14f3-4f11-b66b-6f178abedac4,4294974743,0.04,0.0078,,,0.0130,5,0,0.00,0,0.00,0,0.001100,0.000000
pod,2026-03-02 11:04:34.771,hostnode,monitoring,alertmanager-monitoring-kube-prometheus-alertmanager-0,70957292-81e5-4ffe-b8ad-b44e4de4b326,4295080817,0.00,0.0000,,,0.0000,0,0,0.00,0,0.00,0,0.000000,0.000000
pod,2026-03-02 11:04:34.771,hostnode,sn,media-service-68f5f7ccbf-ks945,76c3a8df-aede-4a5f-b8bd-e74ce509a7e6,4294975331,0.00,0.0000,,,0.0000,0,0,0.00,0,0.00,0,0.000000,0.000000
pod,2026-03-02 11:04:34.771,hostnode,sn,home-timeline-redis-698c8bc65d-4c45h,79688f0b-7ab6-4f35-8438-aec8c8300d03,4294974827,0.11,0.0112,,,0.0490,10,0,0.00,0,0.00,0,0.007734,0.000000
pod,2026-03-02 11:04:34.771,hostnode,sa,feedback-inference-7-8f6cf7999-f5qn4,7aa819af-f314-4532-a0f4-c5e2a11fc6ef,4294975835,0.11,0.0080,,,0.0240,14,0,0.00,0,0.00,0,0.013114,0.000000
pod,2026-03-02 11:04:34.771,hostnode,monitoring,monitoring-grafana-67776b6b66-sxl62,7bda2edc-62de-4b78-aa7c-8a99331d9370,4295080355,0.87,0.0076,,,0.0220,115,0,0.00,0,0.00,0,0.026828,0.000000
pod,2026-03-02 11:04:34.771,hostnode,default,feedback-inference-5c9b57cc5f-mpxx5,7d6b10a5-b07a-4b60-8c9d-7d0462b491f0,4294975709,0.11,0.0073,,,0.0200,15,0,0.00,0,0.00,0,0.011606,0.000000
pod,2026-03-02 11:04:34.771,hostnode,kube-system,selling-resource-scheduler-7cc89db49c-ns9jm,894845d8-cc58-483b-bbf2-260807dd8e81,4294974127,0.00,0.0000,,,0.0000,0,0,0.00,0,0.00,0,0.000000,0.000000
pod,2026-03-02 11:04:34.771,hostnode,sa,feedback-inference-5-596d5b64b9-sw9t7,898a0bea-057b-41e9-bedf-78eae2237e12,4294975667,0.10,0.0075,,,0.0120,14,0,0.00,0,0.00,0,0.009560,0.000000
pod,2026-03-02 11:04:34.771,hostnode,default,fuzzy-proof-1,8adacebd-6468-43f9-bad1-e7258d23d25b,4294977053,0.00,0.0000,,,0.0000,0,0,0.00,0,0.00,0,0.000000,0.000000
pod,2026-03-02 11:04:34.771,hostnode,hn,mongodb-profile-57b898f69-869rl,8c3bade4-b9e1-44f3-bdaa-e8f9a77e60b6,4294976339,0.27,0.0083,,,0.0260,33,0,0.00,0,0.00,0,0.018721,0.000000
pod,2026-03-02 11:04:34.771,hostnode,hn,mongodb-geo-5cf4479bd9-4tflp,8c63a64e-3582-4fa5-a1a2-9d52222005c7,4294976213,1.26,0.0381,,,0.9870,33,0,0.00,0,0.00,0,0.019105,0.000000
pod,2026-03-02 11:04:34.771,hostnode,kube-system,metrics-server-7fbfbcc44c-57twc,8e0cbdb2-8b37-43d7-bd2e-e7bc88f71486,4294974340,0.56,0.0123,,,0.1990,46,0,0.00,0,0.00,0,0.010592,0.000000
pod,2026-03-02 11:04:34.771,hostnode,default,fuzzy-proof-5,95708664-be88-4490-ba1e-7092ec6ba570,4294977011,0.00,0.0000,,,0.0000,0,0,0.00,0,0.00,0,0.000000,0.000000
pod,2026-03-02 11:04:34.771,hostnode,kube-system,coredns-5ddd84546d-cscpm,957aa029-5b70-4fcf-bf3e-194e127920be,4294974221,0.37,0.0090,,,0.0730,41,0,0.00,0,0.09,6,0.011647,0.000000
pod,2026-03-02 11:04:34.771,hostnode,sn,url-shorten-service-5576f95bc-dlkwp,970ae5df-45da-47b3-9c77-f2aaf6297dd0,4294975415,0.04,0.0097,,,0.0130,4,0,0.00,0,0.07,2,0.003249,0.000000
pod,2026-03-02 11:04:34.771,hostnode,default,fuzzy-proof-3,9bb793d0-cf0f-4e92-ab39-a1f6b2a25f81,4294976927,0.00,0.0000,,,0.0000,0,0,0.00,0,0.00,0,0.000000,0.000000
pod,2026-03-02 11:04:34.771,hostnode,ksense,collector-name-sample,9f3d30b5-8cbf-41cc-bc8d-b5d893e029dc,4295117360,0.02,0.0095,,,0.0110,2,0,0.00,0,0.00,0,0.081639,0.000000
pod,2026-03-02 11:04:34.771,hostnode,sn,user-timeline-mongodb-76c59d86fb-f292x,a152d98d-6f60-4ea7-a931-fad144116366,4294975373,3.56,0.0220,,,2.2620,162,0,0.00,0,0.09,2,0.053765,0.000000
pod,2026-03-02 11:04:34.771,hostnode,hn,search-6dfc557989-qjbl9,a1b75670-727f-4e89-92df-b40d967893d6,4294976423,0.04,0.0100,,,0.0120,4,0,0.00,0,0.00,0,0.002463,0.000000
pod,2026-03-02 11:04:34.771,hostnode,local-path-storage,local-path-provisioner-7dd969c95d-74d4t,a6ae812c-2f36-4242-951e-7c510528abdf,4294974169,0.00,0.0000,,,0.0000,0,0,0.00,0,0.00,0,0.000000,0.000000
pod,2026-03-02 11:04:34.771,hostnode,sn,url-shorten-mongodb-5b844598c6-fp9c7,a8cd873b-f644-410c-84de-9107a29e8a95,4294975163,1.25,0.0077,,,0.0380,163,0,0.00,0,0.06,2,0.055508,0.000000
pod,2026-03-02 11:04:34.771,hostnode,default,fuzzy-proof-2,aaae8af9-ce6d-4315-8571-0b20fd1508a3,4294976969,0.00,0.0000,,,0.0000,0,0,0.00,0,0.00,0,0.000000,0.000000
pod,2026-03-02 11:04:34.771,hostnode,monitoring,monitoring-kube-state-metrics-76b67dc76d-8q9gk,ad30444e-ccf1-472e-bbdf-808e7e5136d7,4295080271,0.21,0.0125,,,0.0290,17,0,0.00,0,0.00,0,0.006960,0.000000
pod,2026-03-02 11:04:34.771,hostnode,hn,rate-846d5c7957-7h6m6,ba1cc2cd-8a02-4c6c-bbdb-e783523c7a7d,4294976717,0.11,0.0082,,,0.0120,13,0,0.00,0,0.00,0,0.002695,0.000000
pod,2026-03-02 11:04:34.771,hostnode,sn,jaeger-5b7d8bb6fb-z8cnp,bb2cfec0-cd8a-4f5f-ad4d-eeeba610930f,4294974617,0.04,0.0090,,,0.0110,5,0,0.00,0,0.00,0,0.001247,0.000000
pod,2026-03-02 11:04:34.771,hostnode,sn,user-service-76d887dc94-bgj68,bf074cdf-70ff-4a02-abb0-d6d0be29abe2,4294974869,0.03,0.0065,,,0.0120,4,0,0.00,0,0.06,2,0.003526,0.000000
pod,2026-03-02 11:04:34.771,hostnode,hn,user-6c488f4d-hjphk,bf3df9a5-b422-4af5-864a-d651de48d26f,4294976801,0.09,0.0072,,,0.0140,13,0,0.00,0,0.00,0,0.002448,0.000000
pod,2026-03-02 11:04:34.771,hostnode,hn,frontend-74b855d7b8-7fbgr,c30245d8-5651-4f6b-a7d9-1712bf6e4e88,4294976045,0.05,0.0092,,,0.0150,5,0,0.00,0,0.00,0,0.001170,0.000000
pod,2026-03-02 11:04:34.771,hostnode,sn,text-service-66d6fd5c8b-v9k4t,c310a012-592c-495e-90f2-168aa1cee704,4294975205,0.00,0.0000,,,0.0000,0,0,0.00,0,0.00,0,0.000000,0.000000
pod,2026-03-02 11:04:34.771,hostnode,hn,profile-54f6c7d985-v5ghx,c57a536e-ce39-4941-aff4-622d8fe82651,4294976297,0.13,0.0099,,,0.0160,13,0,0.00,0,0.00,0,0.002895,0.000000
pod,2026-03-02 11:04:34.771,hostnode,sn,url-shorten-memcached-844b6d854f-f5m7l,d48a2e27-ce92-48da-9b79-fed0072b5dbf,4294974533,0.03,0.0062,,,0.0090,5,0,0.00,0,0.00,0,0.000916,0.000000
pod,2026-03-02 11:04:34.771,hostnode,monitoring,prometheus-monitoring-kube-prometheus-prometheus-0,d5eed4b3-8e52-4dc1-9c6e-da95a7b40277,4295080859,0.52,0.0068,,,0.0250,76,0,0.00,0,0.06,1,0.017740,0.000000
pod,2026-03-02 11:04:34.771,hostnode,sn,compose-post-service-5b5b7d59cc-4zs9g,d712ed1f-7a93-410f-82a6-ef80735a231c,4294974491,0.00,0.0000,,,0.0000,0,0,0.00,0,0.00,0,0.000000,0.000000
pod,2026-03-02 11:04:34.771,hostnode,sn,home-timeline-service-ff4b9db4f-vdjm5,da072777-52fd-4834-9c10-0ee0f82da1c9,4294974701,0.00,0.0000,,,0.0000,0,0,0.00,0,0.00,0,0.000000,0.000000
pod,2026-03-02 11:04:34.771,hostnode,sn,user-timeline-service-5454759db5-vnwvl,dc0f2321-e793-49e9-9ee1-937c87155298,4294974659,0.08,0.0195,,,0.0410,4,0,0.00,0,0.07,2,0.003758,0.000000
pod,2026-03-02 11:04:34.771,hostnode,kube-system,kube-proxy-49fw8,dc101e1d-3f1f-410b-b83e-ee7fac561bac,4294973996,0.00,0.0000,,,0.0000,0,0,0.00,0,0.00,0,0.000000,0.000000
pod,2026-03-02 11:04:34.771,hostnode,kube-system,calico-node-87zh8,dcafcb5d-4d9d-4a0a-a50e-9b777755abe1,4294974038,4.24,0.0082,,,0.0380,518,0,0.00,0,0.00,0,0.101280,0.000000
pod,2026-03-02 11:04:34.771,hostnode,sn,post-storage-service-588b9754bb-cr94b,df7754d7-8bc5-4bec-8298-6777d24ad6ed,4294974911,0.04,0.0110,,,0.0150,4,0,0.00,0,0.07,2,0.003196,0.000000
pod,2026-03-02 11:04:34.771,hostnode,sn,media-mongodb-d697b6485-hzsvf,e142aae7-6ba9-48d3-b5bf-9d819ce77fac,4294974575,1.17,0.0073,,,0.0220,160,0,0.00,0,0.00,0,0.048904,0.000000
pod,2026-03-02 11:04:34.771,hostnode,sa,feedback-inference-6-6649d68c48-8w8x2,e2decc3f-3382-4912-8838-e68559a26a98,4294975751,0.10,0.0074,,,0.0130,14,0,0.00,0,0.00,0,0.009910,0.000000
pod,2026-03-02 11:04:34.771,hostnode,monitoring,prometheus-monitoring-kube-prometheus-prometheus-1,e702e69f-594f-4926-a262-6e6c1f000dcd,4295081642,0.85,0.0060,,,0.0220,142,0,0.00,0,0.10,5,0.083380,0.000000
pod,2026-03-02 11:04:34.771,hostnode,hn,consul-5f547dd555-vbfn4,ed5acd96-1b5b-4f18-8762-f8b4a711aa55,4294976255,3.31,0.0083,,,0.0350,398,0,0.00,0,0.04,5,0.084638,0.000000
pod,2026-03-02 11:04:34.771,hostnode,sn,post-storage-mongodb-5bb6bd964c-qrnwb,ed9d9c33-6043-4865-9dbb-2ba38d33338a,4294975457,1.30,0.0078,,,0.0770,166,0,0.00,0,0.09,2,0.054975,0.000000
pod,2026-03-02 11:04:34.771,hostnode,hn,memcached-rate-6b6b8fc64b-j4mtd,f33aa9b9-0098-4bab-af1f-d9f4580bdcca,4294976087,0.03,0.0057,,,0.0100,6,0,0.00,0,0.00,0,0.001124,0.000000
pod,2026-03-02 11:04:34.771,hostnode,sn,unique-id-service-c5567d7f5-98pmc,f5e5cd76-4c56-44db-b87d-8c5f1188c68e,4294974785,0.00,0.0000,,,0.0000,0,0,0.00,0,0.00,0,0.000000,0.000000
pod,2026-03-02 11:04:34.771,hostnode,sn,post-storage-memcached-58c9f787f-454vt,f76ac518-c32c-48c1-a2c6-1dcb17dbcbef,4294975583,0.04,0.0058,,,0.0070,6,0,0.00,0,0.00,0,0.000963,0.000000
pod,2026-03-02 11:04:34.771,hostnode,monitoring,monitoring-kube-prometheus-operator-fbbbd799-pcnxn,f8959bf3-7786-4a44-945d-eff1c489992a,4295080313,0.51,0.0059,,,0.0160,87,0,0.00,0,0.00,0,0.010497,0.000000
pod,2026-03-02 11:04:34.771,hostnode,kube-system,coredns-5ddd84546d-vpwgd,fa8a2c26-1ab8-41c4-8317-ac2e6d17ed89,4294974278,0.61,0.0131,,,0.2380,47,0,0.00,0,0.06,6,0.011791,0.000000
pod,2026-03-02 11:04:34.771,hostnode,sn,user-memcached-8cc658895-bj2wf,fc7fd578-af0d-4bb8-9e88-5d60e166f1d4,4294975541,0.04,0.0062,,,0.0130,6,0,0.00,0,0.00,0,0.000978,0.000000
node,2026-03-02 11:04:35.772,hostnode,,,,,242.72,0.0139,0.0150,0.0150,4.4200,17488,0,0.52,9,3.36,147,13.996890,0.253666
pod,2026-03-02 11:04:35.772,hostnode,sa,feedback-inference-4-bcdcc4954-nscth,0150e3da-bbb2-44fc-98a6-deb41f36babb,4294975919,0.11,0.0081,,,0.0130,14,0,0.00,0,0.00,0,0.009938,0.000000
pod,2026-03-02 11:04:35.772,hostnode,sn,user-timeline-redis-666c98cb6-2pp72,02f33c1a-7b7d-4b1d-affc-3d48159aa4e1,4294975499,0.07,0.0074,,,0.0140,10,0,0.00,0,0.00,0,0.006069,0.000000
pod,2026-03-02 11:04:35.772,hostnode,hn,recommendation-6fd4576595-qzp7p,03b217b1-3eb0-43df-82d5-903db410307f,4294976759,0.10,0.0080,,,0.0150,12,0,0.00,0,0.00,0,0.002415,0.000000
pod,2026-03-02 11:04:35.772,hostnode,hn,memcached-profile-66685f65f-6q9lm,05600750-6235-4cea-a85f-768f670b18ee,4294976129,0.05,0.0090,,,0.0170,6,0,0.00,0,0.00,0,0.001292,0.000000
pod,2026-03-02 11:04:35.772,hostnode,default,fuzzy-proof-4,09dd6cba-ae69-4561-9fcc-a8fbc26b78fc,4294976885,0.00,0.0000,,,0.0000,0,0,0.00,0,0.00,0,0.000000,0.000000
pod,2026-03-02 11:04:35.772,hostnode,hn,reservation-7b7956cd6b-w78wd,0bcb305f-c199-4f79-8255-5bfd30011440,4294976591,0.08,0.0060,,,0.0120,13,0,0.00,0,0.00,0,0.002208,0.000000
pod,2026-03-02 11:04:35.772,hostnode,sn,user-mongodb-dcb5fbc96-p8vbh,0f8edb85-6f09-4967-834b-c4e29026ce53,4294975247,4.71,0.0292,,,3.4880,161,0,0.00,0,0.10,2,0.070611,0.000000
pod,2026-03-02 11:04:35.772,hostnode,sa,feedback-inference-3-bbfcf6979-nc9n2,11c2484c-ee59-4cf1-b235-e5f0bea30e4b,4294975877,0.11,0.0081,,,0.0110,14,0,0.00,0,0.00,0,0.008892,0.000000
pod,2026-03-02 11:04:35.772,hostnode,default,consul-5f547dd555-5fphc,138143ae-daea-4128-92ae-7c247466d7d4,4294975961,5.11,0.0134,,,2.1440,380,0,0.00,0,0.00,0,0.075218,0.000000
pod,2026-03-02 11:04:35.772,hostnode,sn,social-graph-redis-545664784f-hj79p,13e148d0-b339-49ee-b0ce-b37559cd27c6,4294974447,0.06,0.0064,,,0.0090,10,0,0.00,0,0.00,0,0.006246,0.000000
pod,2026-03-02 11:04:35.772,hostnode,hn,mongodb-recommendation-98859d4d7-z5qfb,1514f4ec-f718-4bec-a3e8-bea39d0fedd1,4294976675,0.29,0.0075,,,0.0160,39,0,0.00,0,0.00,0,0.036390,0.000000
pod,2026-03-02 11:04:35.772,hostnode,ksense,ksense-5rfvq,1893397c-8b62-4aea-8a5e-d5c5032d91f8,4294989630,0.42,0.0102,,,0.0470,41,0,0.17,1,0.00,0,7.862708,0.000000
pod,2026-03-02 11:04:35.772,hostnode,sn,social-graph-mongodb-6bf674bf9-vq4jm,1c0ce9e4-e1fb-455a-976e-11005acce9d0,4294974953,5.74,0.0359,,,3.7260,160,0,0.00,0,0.09,2,0.072018,0.000000
pod,2026-03-02 11:04:35.772,hostnode,hn,jaeger-b49ccf55-rbg7n,1e3eeb12-a307-41de-92ee-7ec930767d58,4294976381,0.02,0.0073,,,0.0080,3,0,0.00,0,0.00,0,0.000731,0.000000
pod,2026-03-02 11:04:35.772,hostnode,kube-system,calico-kube-controllers-5b9b456c66-qz22s,247149cd-61e5-4048-a7ef-75de96589398,4294974080,0.00,0.0000,,,0.0000,0,0,0.00,0,0.00,0,0.000000,0.000000
pod,2026-03-02 11:04:35.772,hostnode,hn,mongodb-user-86f7788f59-vwx8w,24987f22-ac3e-4037-b7e4-674696f71bfe,4294976843,0.31,0.0089,,,0.0310,35,0,0.00,0,0.00,0,0.020991,0.000000
pod,2026-03-02 11:04:35.772,hostnode,sn,nginx-thrift-7f6f5d6b69-74vws,2d8ff9cc-73b2-47da-b0da-657ba9857d06,4294975289,0.00,0.0000,,,0.0000,0,0,0.00,0,0.00,0,0.000000,0.000000
pod,2026-03-02 11:04:35.772,hostnode,hn,memcached-reserve-66b4d9f986-twx7c,2e8cef70-b460-406c-822d-006e7c0c71a4,4294976171,0.03,0.0066,,,0.0140,5,0,0.00,0,0.00,0,0.001015,0.000000
pod,2026-03-02 11:04:35.772,hostnode,monitoring,monitoring-prometheus-node-exporter-679rr,309bc67f-0f97-4902-8e57-5f369481d878,4295080229,0.00,0.0000,,,0.0000,0,0,0.00,0,0.00,0,0.000000,0.000000
pod,2026-03-02 11:04:35.772,hostnode,hn,geo-75469c5bc9-b6l8f,4615d84f-8e28-403b-af02-b8c6c579361d,4294976003,0.33,0.0092,,,0.0170,36,0,0.00,0,0.18,3,0.013553,0.000000
pod,2026-03-02 11:04:35.772,hostnode,hn,mongodb-reservation-8566bbcb4f-rmkm5,5557386c-9898-4425-8979-6492e67868ee,4294976549,1.50,0.0441,,,1.2040,34,0,0.00,0,0.00,0,0.038659,0.000000
pod,2026-03-02 11:04:35.772,hostnode,sn,social-graph-service-6b48d496c6-flfvk,56f4636a-d485-4728-9bb6-0e7977b14a71,4294974995,0.10,0.0240,,,0.0650,4,0,0.00,0,0.06,2,0.003415,0.000000
pod,2026-03-02 11:04:35.772,hostnode,ksense,fuzzy-scheduler-55c7fbbd75-xnggn,58bdb2da-a465-4653-b30a-5f823bd79594,4295063948,0.50,0.0066,,,0.0280,76,0,0.00,0,0.00,0,0.012622,0.000000
pod,2026-03-02 11:04:35.772,hostnode,sn,user-mention-service-77b4dc8db6-qqb2p,5da702aa-5da1-48a1-a861-a28a962145a8,4294975121,0.00,0.0000,,,0.0000,0,0,0.00,0,0.00,0,0.000000,0.000000
pod,2026-03-02 11:04:35.772,hostnode,sa,feedback-inference-2-867b854976-qrcmg,63ea3062-c44d-4786-b84c-d210df45b2f8,4294975793,0.10,0.0073,,,0.0120,14,0,0.00,0,0.00,0,0.008269,0.000000
pod,2026-03-02 11:04:35.772,hostnode,hn,mongodb-rate-78677645d4-4v2h5,66c8e931-7fa3-448a-8822-0b2db155e788,4294976633,3.65,0.1105,,,3.3930,33,0,0.00,0,0.00,0,0.018068,0.000000
pod,2026-03-02 11:04:35.772,hostnode,sa,feedback-inference-1-6b858c77b9-99c4j,6a98d5b2-6ae0-4348-ba84-d32a8010d14b,4294975625,0.09,0.0067,,,0.0110,14,0,0.00,0,0.00,0,0.011507,0.000000
pod,2026-03-02 11:04:35.772,hostnode,sn,media-frontend-6bd9df9d6d-5vf4w,6be52f8a-5cf7-4c4d-a9cf-b851c52694e7,4294975077,0.00,0.0000,,,0.0000,0,0,0.00,0,0.00,0,0.000000,0.000000
pod,2026-03-02 11:04:35.772,hostnode,sn,media-memcached-657c8b4cdf-4cc9x,6d187294-14f3-4f11-b66b-6f178abedac4,4294974743,0.04,0.0070,,,0.0150,6,0,0.00,0,0.00,0,0.001123,0.000000
pod,2026-03-02 11:04:35.772,hostnode,monitoring,alertmanager-monitoring-kube-prometheus-alertmanager-0,70957292-81e5-4ffe-b8ad-b44e4de4b326,4295080817,0.00,0.0000,,,0.0000,0,0,0.00,0,0.00,0,0.000000,0.000000
pod,2026-03-02 11:04:35.772,hostnode,sn,media-service-68f5f7ccbf-ks945,76c3a8df-aede-4a5f-b8bd-e74ce509a7e6,4294975331,0.00,0.0000,,,0.0000,0,0,0.00,0,0.00,0,0.000000,0.000000
pod,2026-03-02 11:04:35.772,hostnode,sn,home-timeline-redis-698c8bc65d-4c45h,79688f0b-7ab6-4f35-8438-aec8c8300d03,4294974827,0.09,0.0088,,,0.0130,10,0,0.00,0,0.00,0,0.007700,0.000000
pod,2026-03-02 11:04:35.772,hostnode,sa,feedback-inference-7-8f6cf7999-f5qn4,7aa819af-f314-4532-a0f4-c5e2a11fc6ef,4294975835,2.24,0.1601,,,2.1640,14,0,0.00,0,0.00,0,0.011830,0.000000
pod,2026-03-02 11:04:35.772,hostnode,monitoring,monitoring-grafana-67776b6b66-sxl62,7bda2edc-62de-4b78-aa7c-8a99331d9370,4295080355,0.92,0.0079,,,0.0410,116,0,0.00,0,0.00,0,0.026337,0.000000
pod,2026-03-02 11:04:35.772,hostnode,default,feedback-inference-5c9b57cc5f-mpxx5,7d6b10a5-b07a-4b60-8c9d-7d0462b491f0,4294975709,2.20,0.1574,,,2.1100,14,0,0.00,0,0.00,0,0.010338,0.000000
pod,2026-03-02 11:04:35.772,hostnode,kube-system,selling-resource-scheduler-7cc89db49c-ns9jm,894845d8-cc58-483b-bbf2-260807dd8e81,4294974127,0.00,0.0000,,,0.0000,0,0,0.00,0,0.00,0,0.000000,0.000000
pod,2026-03-02 11:04:35.772,hostnode,sa,feedback-inference-5-596d5b64b9-sw9t7,898a0bea-057b-41e9-bedf-78eae2237e12,4294975667,0.09,0.0064,,,0.0100,14,0,0.00,0,0.00,0,0.008807,0.000000
pod,2026-03-02 11:04:35.772,hostnode,default,fuzzy-proof-1,8adacebd-6468-43f9-bad1-e7258d23d25b,4294977053,0.00,0.0000,,,0.0000,0,0,0.00,0,0.00,0,0.000000,0.000000
pod,2026-03-02 11:04:35.772,hostnode,hn,mongodb-profile-57b898f69-869rl,8c3bade4-b9e1-44f3-bdaa-e8f9a77e60b6,4294976339,3.80,0.1118,,,3.5710,34,0,0.00,0,0.00,0,0.018053,0.000000
pod,2026-03-02 11:04:35.772,hostnode,hn,mongodb-geo-5cf4479bd9-4tflp,8c63a64e-3582-4fa5-a1a2-9d52222005c7,4294976213,4.75,0.1250,,,4.4200,38,0,0.00,0,0.04,1,0.019830,0.000000
pod,2026-03-02 11:04:35.772,hostnode,kube-system,metrics-server-7fbfbcc44c-57twc,8e0cbdb2-8b37-43d7-bd2e-e7bc88f71486,4294974340,0.42,0.0088,,,0.0200,48,0,0.00,0,0.00,0,0.011891,0.000000
pod,2026-03-02 11:04:35.772,hostnode,default,fuzzy-proof-5,95708664-be88-4490-ba1e-7092ec6ba570,4294977011,0.00,0.0000,,,0.0000,0,0,0.00,0,0.00,0,0.000000,0.000000
pod,2026-03-02 11:04:35.772,hostnode,kube-system,coredns-5ddd84546d-cscpm,957aa029-5b70-4fcf-bf3e-194e127920be,4294974221,0.39,0.0131,,,0.0530,30,0,0.02,1,0.16,7,0.014591,0.000000
pod,2026-03-02 11:04:35.772,hostnode,sn,url-shorten-service-5576f95bc-dlkwp,970ae5df-45da-47b3-9c77-f2aaf6297dd0,4294975415,0.07,0.0173,,,0.0320,4,0,0.00,0,0.07,2,0.003231,0.000000
pod,2026-03-02 11:04:35.772,hostnode,default,fuzzy-proof-3,9bb793d0-cf0f-4e92-ab39-a1f6b2a25f81,4294976927,0.00,0.0000,,,0.0000,0,0,0.00,0,0.00,0,0.000000,0.000000
pod,2026-03-02 11:04:35.772,hostnode,ksense,collector-name-sample,9f3d30b5-8cbf-41cc-bc8d-b5d893e029dc,4295117360,0.01,0.0080,,,0.0080,1,0,0.00,0,0.00,0,0.070057,0.000000
pod,2026-03-02 11:04:35.772,hostnode,sn,user-timeline-mongodb-76c59d86fb-f292x,a152d98d-6f60-4ea7-a931-fad144116366,4294975373,1.81,0.0112,,,0.6550,161,0,0.00,0,0.09,2,0.072802,0.000000
pod,2026-03-02 11:04:35.772,hostnode,hn,search-6dfc557989-qjbl9,a1b75670-727f-4e89-92df-b40d967893d6,4294976423,0.05,0.0108,,,0.0260,5,0,0.00,0,0.00,0,0.001461,0.000000
pod,2026-03-02 11:04:35.772,hostnode,local-path-storage,local-path-provisioner-7dd969c95d-74d4t,a6ae812c-2f36-4242-951e-7c510528abdf,4294974169,0.00,0.0000,,,0.0000,0,0,0.00,0,0.00,0,0.000000,0.000000
pod,2026-03-02 11:04:35.772,hostnode,sn,url-shorten-mongodb-5b844598c6-fp9c7,a8cd873b-f644-410c-84de-9107a29e8a95,4294975163,7.77,0.0465,,,3.7240,167,0,0.00,0,0.07,2,0.096540,0.000000
pod,2026-03-02 11:04:35.772,hostnode,default,fuzzy-proof-2,aaae8af9-ce6d-4315-8571-0b20fd1508a3,4294976969,0.00,0.0000,,,0.0000,0,0,0.00,0,0.00,0,0.000000,0.000000
pod,2026-03-02 11:04:35.772,hostnode,monitoring,monitoring-kube-state-metrics-76b67dc76d-8q9gk,ad30444e-ccf1-472e-bbdf-808e7e5136d7,4295080271,0.16,0.0137,,,0.0400,12,0,0.00,0,0.00,0,0.004845,0.000000
pod,2026-03-02 11:04:35.772,hostnode,hn,rate-846d5c7957-7h6m6,ba1cc2cd-8a02-4c6c-bbdb-e783523c7a7d,4294976717,0.09,0.0074,,,0.0210,12,0,0.00,0,0.00,0,0.002361,0.000000
pod,2026-03-02 11:04:35.772,hostnode,sn,jaeger-5b7d8bb6fb-z8cnp,bb2cfec0-cd8a-4f5f-ad4d-eeeba610930f,4294974617,0.06,0.0069,,,0.0100,8,0,0.00,0,0.00,0,0.001476,0.000000
pod,2026-03-02 11:04:35.772,hostnode,sn,user-service-76d887dc94-bgj68,bf074cdf-70ff-4a02-abb0-d6d0be29abe2,4294974869,0.04,0.0090,,,0.0120,4,0,0.00,0,0.06,2,0.003314,0.000000
pod,2026-03-02 11:04:35.772,hostnode,hn,user-6c488f4d-hjphk,bf3df9a5-b422-4af5-864a-d651de48d26f,4294976801,0.08,0.0068,,,0.0140,12,0,0.00,0,0.00,0,0.002222,0.000000
pod,2026-03-02 11:04:35.772,hostnode,hn,frontend-74b855d7b8-7fbgr,c30245d8-5651-4f6b-a7d9-1712bf6e4e88,4294976045,0.05,0.0092,,,0.0180,5,0,0.00,0,0.00,0,0.001346,0.000000
pod,2026-03-02 11:04:35.772,hostnode,sn,text-service-66d6fd5c8b-v9k4t,c310a012-592c-495e-90f2-168aa1cee704,4294975205,0.00,0.0000,,,0.0000,0,0,0.00,0,0.00,0,0.000000,0.000000
pod,2026-03-02 11:04:35.772,hostnode,hn,profile-54f6c7d985-v5ghx,c57a536e-ce39-4941-aff4-622d8fe82651,4294976297,0.10,0.0091,,,0.0250,11,0,0.00,0,0.00,0,0.002230,0.000000
pod,2026-03-02 11:04:35.772,hostnode,sn,url-shorten-memcached-844b6d854f-f5m7l,d48a2e27-ce92-48da-9b79-fed0072b5dbf,4294974533,0.04,0.0070,,,0.0160,6,0,0.00,0,0.00,0,0.001030,0.000000
pod,2026-03-02 11:04:35.772,hostnode,monitoring,prometheus-monitoring-kube-prometheus-prometheus-0,d5eed4b3-8e52-4dc1-9c6e-da95a7b40277,4295080859,0.29,0.0087,,,0.0220,33,0,0.00,0,0.00,0,0.038581,0.000000
pod,2026-03-02 11:04:35.772,hostnode,sn,compose-post-service-5b5b7d59cc-4zs9g,d712ed1f-7a93-410f-82a6-ef80735a231c,4294974491,0.00,0.0000,,,0.0000,0,0,0.00,0,0.00,0,0.000000,0.000000
pod,2026-03-02 11:04:35.772,hostnode,sn,home-timeline-service-ff4b9db4f-vdjm5,da072777-52fd-4834-9c10-0ee0f82da1c9,4294974701,0.00,0.0000,,,0.0000,0,0,0.00,0,0.00,0,0.000000,0.000000
pod,2026-03-02 11:04:35.772,hostnode,sn,user-timeline-service-5454759db5-vnwvl,dc0f2321-e793-49e9-9ee1-937c87155298,4294974659,0.04,0.0103,,,0.0160,4,0,0.00,0,0.09,2,0.003668,0.000000
pod,2026-03-02 11:04:35.772,hostnode,kube-system,kube-proxy-49fw8,dc101e1d-3f1f-410b-b83e-ee7fac561bac,4294973996,0.17,0.0060,,,0.0150,29,0,0.00,0,0.00,0,0.003261,0.000000
pod,2026-03-02 11:04:35.772,hostnode,kube-system,calico-node-87zh8,dcafcb5d-4d9d-4a0a-a50e-9b777755abe1,4294974038,7.50,0.0143,,,3.5310,525,0,0.00,0,0.00,0,0.096457,0.001000
pod,2026-03-02 11:04:35.772,hostnode,sn,post-storage-service-588b9754bb-cr94b,df7754d7-8bc5-4bec-8298-6777d24ad6ed,4294974911,0.08,0.0205,,,0.0540,4,0,0.00,0,0.07,2,0.003068,0.000000
pod,2026-03-02 11:04:35.772,hostnode,sn,media-mongodb-d697b6485-hzsvf,e142aae7-6ba9-48d3-b5bf-9d819ce77fac,4294974575,1.07,0.0068,,,0.0210,158,0,0.00,0,0.00,0,0.066158,0.000000
pod,2026-03-02 11:04:35.772,hostnode,sa,feedback-inference-6-6649d68c48-8w8x2,e2decc3f-3382-4912-8838-e68559a26a98,4294975751,0.12,0.0086,,,0.0140,14,0,0.00,0,0.00,0,0.009459,0.000000
pod,2026-03-02 11:04:35.772,hostnode,monitoring,prometheus-monitoring-kube-prometheus-prometheus-1,e702e69f-594f-4926-a262-6e6c1f000dcd,4295081642,0.25,0.0092,,,0.0220,27,0,0.00,0,0.06,1,0.039497,0.000000
pod,2026-03-02 11:04:35.772,hostnode,hn,consul-5f547dd555-vbfn4,ed5acd96-1b5b-4f18-8762-f8b4a711aa55,4294976255,6.93,0.0179,,,3.8940,387,0,0.00,0,0.00,0,0.071557,0.000000
pod,2026-03-02 11:04:35.772,hostnode,sn,post-storage-mongodb-5bb6bd964c-qrnwb,ed9d9c33-6043-4865-9dbb-2ba38d33338a,4294975457,12.29,0.0736,,,4.2150,167,0,0.00,0,0.10,2,0.071049,0.000000
pod,2026-03-02 11:04:35.772,hostnode,hn,memcached-rate-6b6b8fc64b-j4mtd,f33aa9b9-0098-4bab-af1f-d9f4580bdcca,4294976087,0.04,0.0067,,,0.0150,6,0,0.00,0,0.00,0,0.001184,0.000000
pod,2026-03-02 11:04:35.772,hostnode,sn,unique-id-service-c5567d7f5-98pmc,f5e5cd76-4c56-44db-b87d-8c5f1188c68e,4294974785,0.00,0.0000,,,0.0000,0,0,0.00,0,0.00,0,0.000000,0.000000
pod,2026-03-02 11:04:35.772,hostnode,sn,post-storage-memcached-58c9f787f-454vt,f76ac518-c32c-48c1-a2c6-1dcb17dbcbef,4294975583,0.03,0.0093,,,0.0110,3,0,0.00,0,0.00,0,0.000846,0.000000
pod,2026-03-02 11:04:35.772,hostnode,monitoring,monitoring-kube-prometheus-operator-fbbbd799-pcnxn,f8959bf3-7786-4a44-945d-eff1c489992a,4295080313,0.33,0.0100,,,0.0410,33,0,0.00,0,0.00,0,0.007690,0.000000
pod,2026-03-02 11:04:35.772,hostnode,kube-system,coredns-5ddd84546d-vpwgd,fa8a2c26-1ab8-41c4-8317-ac2e6d17ed89,4294974278,0.25,0.0073,,,0.0160,34,0,0.00,0,0.15,7,0.012973,0.000000
pod,2026-03-02 11:04:35.772,hostnode,sn,user-memcached-8cc658895-bj2wf,fc7fd578-af0d-4bb8-9e88-5d60e166f1d4,4294975541,0.03,0.0087,,,0.0110,3,0,0.00,0,0.00,0,0.000846,0.000000
node,2026-03-02 11:04:36.771,hostnode,,,,,270.38,0.0123,0.0150,0.0150,11.6860,22000,2,5.46,65,7.15,572,16.551193,0.296605
pod,2026-03-02 11:04:36.771,hostnode,sa,feedback-inference-4-bcdcc4954-nscth,0150e3da-bbb2-44fc-98a6-deb41f36babb,4294975919,0.10,0.0071,,,0.0130,14,0,0.00,0,0.00,0,0.022494,0.000000
pod,2026-03-02 11:04:36.771,hostnode,sn,user-timeline-redis-666c98cb6-2pp72,02f33c1a-7b7d-4b1d-affc-3d48159aa4e1,4294975499,0.07,0.0068,,,0.0120,10,0,0.00,0,0.00,0,0.005572,0.000000
pod,2026-03-02 11:04:36.771,hostnode,hn,recommendation-6fd4576595-qzp7p,03b217b1-3eb0-43df-82d5-903db410307f,4294976759,0.07,0.0073,,,0.0130,10,0,0.00,0,0.00,0,0.001924,0.000000
pod,2026-03-02 11:04:36.771,hostnode,hn,memcached-profile-66685f65f-6q9lm,05600750-6235-4cea-a85f-768f670b18ee,4294976129,0.07,0.0110,,,0.0340,6,0,0.00,0,0.00,0,0.001108,0.000000
pod,2026-03-02 11:04:36.771,hostnode,default,fuzzy-proof-4,09dd6cba-ae69-4561-9fcc-a8fbc26b78fc,4294976885,0.00,0.0000,,,0.0000,0,0,0.00,0,0.00,0,0.000000,0.000000
pod,2026-03-02 11:04:36.771,hostnode,hn,reservation-7b7956cd6b-w78wd,0bcb305f-c199-4f79-8255-5bfd30011440,4294976591,0.07,0.0075,,,0.0130,10,0,0.00,0,0.00,0,0.002124,0.000000
pod,2026-03-02 11:04:36.771,hostnode,sn,user-mongodb-dcb5fbc96-p8vbh,0f8edb85-6f09-4967-834b-c4e29026ce53,4294975247,1.26,0.0077,,,0.0580,164,0,0.00,0,0.12,2,0.053586,0.000000
pod,2026-03-02 11:04:36.771,hostnode,sa,feedback-inference-3-bbfcf6979-nc9n2,11c2484c-ee59-4cf1-b235-e5f0bea30e4b,4294975877,0.15,0.0104,,,0.0190,14,0,0.00,0,0.00,0,0.010282,0.000000
pod,2026-03-02 11:04:36.771,hostnode,default,consul-5f547dd555-5fphc,138143ae-daea-4128-92ae-7c247466d7d4,4294975961,3.17,0.0080,,,0.0590,398,0,0.00,0,0.03,5,0.095643,0.000000
pod,2026-03-02 11:04:36.771,hostnode,sn,social-graph-redis-545664784f-hj79p,13e148d0-b339-49ee-b0ce-b37559cd27c6,4294974447,0.05,0.0053,,,0.0080,10,0,0.00,0,0.00,0,0.005202,0.000000
pod,2026-03-02 11:04:36.771,hostnode,hn,mongodb-recommendation-98859d4d7-z5qfb,1514f4ec-f718-4bec-a3e8-bea39d0fedd1,4294976675,0.34,0.0102,,,0.0510,33,0,0.00,0,0.00,0,0.019655,0.000000
pod,2026-03-02 11:04:36.771,hostnode,ksense,ksense-5rfvq,1893397c-8b62-4aea-8a5e-d5c5032d91f8,4294989630,3.46,0.1082,,,3.2160,32,0,0.00,0,0.00,0,7.868869,0.000000
pod,2026-03-02 11:04:36.771,hostnode,sn,social-graph-mongodb-6bf674bf9-vq4jm,1c0ce9e4-e1fb-455a-976e-11005acce9d0,4294974953,1.19,0.0072,,,0.0690,165,0,0.00,0,0.08,2,0.053733,0.000000
pod,2026-03-02 11:04:36.771,hostnode,hn,jaeger-b49ccf55-rbg7n,1e3eeb12-a307-41de-92ee-7ec930767d58,4294976381,0.02,0.0060,,,0.0070,3,0,0.00,0,0.00,0,0.000677,0.000000
pod,2026-03-02 11:04:36.771,hostnode,kube-system,calico-kube-controllers-5b9b456c66-qz22s,247149cd-61e5-4048-a7ef-75de96589398,4294974080,0.00,0.0000,,,0.0000,0,0,0.00,0,0.00,0,0.000000,0.000000
pod,2026-03-02 11:04:36.771,hostnode,hn,mongodb-user-86f7788f59-vwx8w,24987f22-ac3e-4037-b7e4-674696f71bfe,4294976843,1.64,0.0495,,,1.3680,33,0,0.00,0,0.00,0,0.018524,0.000000
pod,2026-03-02 11:04:36.771,hostnode,sn,nginx-thrift-7f6f5d6b69-74vws,2d8ff9cc-73b2-47da-b0da-657ba9857d06,4294975289,0.00,0.0000,,,0.0000,0,0,0.00,0,0.00,0,0.000000,0.000000
pod,2026-03-02 11:04:36.771,hostnode,hn,memcached-reserve-66b4d9f986-twx7c,2e8cef70-b460-406c-822d-006e7c0c71a4,4294976171,0.05,0.0080,,,0.0140,6,0,0.00,0,0.00,0,0.001424,0.000000
pod,2026-03-02 11:04:36.771,hostnode,monitoring,monitoring-prometheus-node-exporter-679rr,309bc67f-0f97-4902-8e57-5f369481d878,4295080229,0.00,0.0000,,,0.0000,0,0,0.00,0,0.00,0,0.000000,0.000000
pod,2026-03-02 11:04:36.771,hostnode,hn,geo-75469c5bc9-b6l8f,4615d84f-8e28-403b-af02-b8c6c579361d,4294976003,0.09,0.0082,,,0.0220,11,0,0.00,0,0.00,0,0.002370,0.000000
pod,2026-03-02 11:04:36.771,hostnode,hn,mongodb-reservation-8566bbcb4f-rmkm5,5557386c-9898-4425-8979-6492e67868ee,4294976549,0.38,0.0086,,,0.0250,44,0,0.00,0,0.00,0,0.025474,0.000000
pod,2026-03-02 11:04:36.771,hostnode,sn,social-graph-service-6b48d496c6-flfvk,56f4636a-d485-4728-9bb6-0e7977b14a71,4294974995,0.04,0.0103,,,0.0140,4,0,0.00,0,0.06,2,0.003579,0.000000
pod,2026-03-02 11:04:36.771,hostnode,ksense,fuzzy-scheduler-55c7fbbd75-xnggn,58bdb2da-a465-4653-b30a-5f823bd79594,4295063948,0.49,0.0076,,,0.0220,65,0,0.00,0,0.00,0,0.151106,0.000000
pod,2026-03-02 11:04:36.771,hostnode,sn,user-mention-service-77b4dc8db6-qqb2p,5da702aa-5da1-48a1-a861-a28a962145a8,4294975121,0.00,0.0000,,,0.0000,0,0,0.00,0,0.00,0,0.000000,0.000000
pod,2026-03-02 11:04:36.771,hostnode,sa,feedback-inference-2-867b854976-qrcmg,63ea3062-c44d-4786-b84c-d210df45b2f8,4294975793,0.12,0.0084,,,0.0170,14,0,0.00,0,0.00,0,0.009428,0.000000
pod,2026-03-02 11:04:36.771,hostnode,hn,mongodb-rate-78677645d4-4v2h5,66c8e931-7fa3-448a-8822-0b2db155e788,4294976633,1.89,0.0557,,,1.6030,34,0,0.00,0,0.00,0,0.018148,0.000000
pod,2026-03-02 11:04:36.771,hostnode,sa,feedback-inference-1-6b858c77b9-99c4j,6a98d5b2-6ae0-4348-ba84-d32a8010d14b,4294975625,0.11,0.0080,,,0.0140,14,0,0.00,0,0.00,0,0.010883,0.000000
pod,2026-03-02 11:04:36.771,hostnode,sn,media-frontend-6bd9df9d6d-5vf4w,6be52f8a-5cf7-4c4d-a9cf-b851c52694e7,4294975077,0.00,0.0000,,,0.0000,0,0,0.00,0,0.00,0,0.000000,0.000000
pod,2026-03-02 11:04:36.771,hostnode,sn,media-memcached-657c8b4cdf-4cc9x,6d187294-14f3-4f11-b66b-6f178abedac4,4294974743,0.05,0.0077,,,0.0140,6,0,0.00,0,0.00,0,0.001262,0.000000
pod,2026-03-02 11:04:36.771,hostnode,monitoring,alertmanager-monitoring-kube-prometheus-alertmanager-0,70957292-81e5-4ffe-b8ad-b44e4de4b326,4295080817,0.00,0.0000,,,0.0000,0,0,0.00,0,0.00,0,0.000000,0.000000
pod,2026-03-02 11:04:36.771,hostnode,sn,media-service-68f5f7ccbf-ks945,76c3a8df-aede-4a5f-b8bd-e74ce509a7e6,4294975331,0.00,0.0000,,,0.0000,0,0,0.00,0,0.00,0,0.000000,0.000000
pod,2026-03-02 11:04:36.771,hostnode,sn,home-timeline-redis-698c8bc65d-4c45h,79688f0b-7ab6-4f35-8438-aec8c8300d03,4294974827,0.07,0.0075,,,0.0110,10,0,0.00,0,0.00,0,0.006826,0.000000
pod,2026-03-02 11:04:36.771,hostnode,sa,feedback-inference-7-8f6cf7999-f5qn4,7aa819af-f314-4532-a0f4-c5e2a11fc6ef,4294975835,0.13,0.0095,,,0.0230,14,0,0.00,0,0.00,0,0.014469,0.000000
pod,2026-03-02 11:04:36.771,hostnode,monitoring,monitoring-grafana-67776b6b66-sxl62,7bda2edc-62de-4b78-aa7c-8a99331d9370,4295080355,6.19,0.0442,,,4.7850,140,0,0.00,0,0.00,0,0.031261,0.000000
pod,2026-03-02 11:04:36.771,hostnode,default,feedback-inference-5c9b57cc5f-mpxx5,7d6b10a5-b07a-4b60-8c9d-7d0462b491f0,4294975709,0.32,0.0226,,,0.2240,14,0,0.00,0,0.00,0,0.010782,0.000000
pod,2026-03-02 11:04:36.771,hostnode,kube-system,selling-resource-scheduler-7cc89db49c-ns9jm,894845d8-cc58-483b-bbf2-260807dd8e81,4294974127,0.00,0.0000,,,0.0000,0,0,0.00,0,0.00,0,0.000000,0.000000
pod,2026-03-02 11:04:36.771,hostnode,sa,feedback-inference-5-596d5b64b9-sw9t7,898a0bea-057b-41e9-bedf-78eae2237e12,4294975667,0.09,0.0066,,,0.0110,14,0,0.00,0,0.00,0,0.010405,0.000000
pod,2026-03-02 11:04:36.771,hostnode,default,fuzzy-proof-1,8adacebd-6468-43f9-bad1-e7258d23d25b,4294977053,0.00,0.0000,,,0.0000,0,0,0.00,0,0.00,0,0.000000,0.000000
pod,2026-03-02 11:04:36.771,hostnode,hn,mongodb-profile-57b898f69-869rl,8c3bade4-b9e1-44f3-bdaa-e8f9a77e60b6,4294976339,0.39,0.0099,,,0.0390,39,0,0.00,0,0.06,1,0.022749,0.000000
pod,2026-03-02 11:04:36.771,hostnode,hn,mongodb-geo-5cf4479bd9-4tflp,8c63a64e-3582-4fa5-a1a2-9d52222005c7,4294976213,0.36,0.0110,,,0.0590,33,0,0.00,0,0.00,0,0.019640,0.000000
pod,2026-03-02 11:04:36.771,hostnode,kube-system,metrics-server-7fbfbcc44c-57twc,8e0cbdb2-8b37-43d7-bd2e-e7bc88f71486,4294974340,1.45,0.0130,,,0.6440,111,0,0.00,0,0.14,8,0.032363,0.000000
pod,2026-03-02 11:04:36.771,hostnode,default,fuzzy-proof-5,95708664-be88-4490-ba1e-7092ec6ba570,4294977011,0.00,0.0000,,,0.0000,0,0,0.00,0,0.00,0,0.000000,0.000000
pod,2026-03-02 11:04:36.771,hostnode,kube-system,coredns-5ddd84546d-cscpm,957aa029-5b70-4fcf-bf3e-194e127920be,4294974221,0.25,0.0068,,,0.0190,37,0,0.00,0,0.09,6,0.011468,0.000000
pod,2026-03-02 11:04:36.771,hostnode,sn,url-shorten-service-5576f95bc-dlkwp,970ae5df-45da-47b3-9c77-f2aaf6297dd0,4294975415,0.09,0.0222,,,0.0370,4,0,0.00,0,0.10,2,0.003394,0.000000
pod,2026-03-02 11:04:36.771,hostnode,default,fuzzy-proof-3,9bb793d0-cf0f-4e92-ab39-a1f6b2a25f81,4294976927,0.00,0.0000,,,0.0000,0,0,0.00,0,0.00,0,0.000000,0.000000
pod,2026-03-02 11:04:36.771,hostnode,ksense,collector-name-sample,9f3d30b5-8cbf-41cc-bc8d-b5d893e029dc,4295117360,0.01,0.0080,,,0.0080,1,0,0.00,0,0.00,0,0.043930,0.000000
pod,2026-03-02 11:04:36.771,hostnode,sn,user-timeline-mongodb-76c59d86fb-f292x,a152d98d-6f60-4ea7-a931-fad144116366,4294975373,3.63,0.0225,,,2.1970,161,0,0.00,0,0.07,2,0.048615,0.000000
pod,2026-03-02 11:04:36.771,hostnode,hn,search-6dfc557989-qjbl9,a1b75670-727f-4e89-92df-b40d967893d6,4294976423,0.03,0.0065,,,0.0100,4,0,0.00,0,0.00,0,0.000900,0.000000
pod,2026-03-02 11:04:36.771,hostnode,local-path-storage,local-path-provisioner-7dd969c95d-74d4t,a6ae812c-2f36-4242-951e-7c510528abdf,4294974169,0.00,0.0000,,,0.0000,0,0,0.00,0,0.00,0,0.000000,0.000000
pod,2026-03-02 11:04:36.771,hostnode,sn,url-shorten-mongodb-5b844598c6-fp9c7,a8cd873b-f644-410c-84de-9107a29e8a95,4294975163,4.21,0.0260,,,1.8750,162,0,0.00,0,0.08,2,0.055524,0.000000
pod,2026-03-02 11:04:36.771,hostnode,default,fuzzy-proof-2,aaae8af9-ce6d-4315-8571-0b20fd1508a3,4294976969,0.00,0.0000,,,0.0000,0,0,0.00,0,0.00,0,0.000000,0.000000
pod,2026-03-02 11:04:36.771,hostnode,monitoring,monitoring-kube-state-metrics-76b67dc76d-8q9gk,ad30444e-ccf1-472e-bbdf-808e7e5136d7,4295080271,0.47,0.0147,,,0.1390,32,0,0.00,0,0.04,2,0.014156,0.000000
pod,2026-03-02 11:04:36.771,hostnode,hn,rate-846d5c7957-7h6m6,ba1cc2cd-8a02-4c6c-bbdb-e783523c7a7d,4294976717,0.12,0.0084,,,0.0160,14,0,0.00,0,0.00,0,0.002848,0.000000
pod,2026-03-02 11:04:36.771,hostnode,sn,jaeger-5b7d8bb6fb-z8cnp,bb2cfec0-cd8a-4f5f-ad4d-eeeba610930f,4294974617,0.05,0.0094,,,0.0180,5,0,0.00,0,0.00,0,0.001362,0.000000
pod,2026-03-02 11:04:36.771,hostnode,sn,user-service-76d887dc94-bgj68,bf074cdf-70ff-4a02-abb0-d6d0be29abe2,4294974869,0.05,0.0115,,,0.0170,4,0,0.00,0,0.08,2,0.003680,0.000000
pod,2026-03-02 11:04:36.771,hostnode,hn,user-6c488f4d-hjphk,bf3df9a5-b422-4af5-864a-d651de48d26f,4294976801,0.10,0.0071,,,0.0150,14,0,0.00,0,0.00,0,0.002463,0.000000
pod,2026-03-02 11:04:36.771,hostnode,hn,frontend-74b855d7b8-7fbgr,c30245d8-5651-4f6b-a7d9-1712bf6e4e88,4294976045,0.06,0.0126,,,0.0230,5,0,0.00,0,0.00,0,0.001678,0.000000
pod,2026-03-02 11:04:36.771,hostnode,sn,text-service-66d6fd5c8b-v9k4t,c310a012-592c-495e-90f2-168aa1cee704,4294975205,0.00,0.0000,,,0.0000,0,0,0.00,0,0.00,0,0.000000,0.000000
pod,2026-03-02 11:04:36.771,hostnode,hn,profile-54f6c7d985-v5ghx,c57a536e-ce39-4941-aff4-622d8fe82651,4294976297,0.24,0.0086,,,0.0270,28,0,0.00,0,0.04,1,0.006427,0.000000
pod,2026-03-02 11:04:36.771,hostnode,sn,url-shorten-memcached-844b6d854f-f5m7l,d48a2e27-ce92-48da-9b79-fed0072b5dbf,4294974533,0.04,0.0072,,,0.0110,5,0,0.00,0,0.00,0,0.001016,0.000000
pod,2026-03-02 11:04:36.771,hostnode,monitoring,prometheus-monitoring-kube-prometheus-prometheus-0,d5eed4b3-8e52-4dc1-9c6e-da95a7b40277,4295080859,3.55,0.0076,,,0.0390,467,0,0.12,13,1.65,198,0.256017,0.000000
pod,2026-03-02 11:04:36.771,hostnode,sn,compose-post-service-5b5b7d59cc-4zs9g,d712ed1f-7a93-410f-82a6-ef80735a231c,4294974491,0.00,0.0000,,,0.0000,0,0,0.00,0,0.00,0,0.000000,0.000000
pod,2026-03-02 11:04:36.771,hostnode,sn,home-timeline-service-ff4b9db4f-vdjm5,da072777-52fd-4834-9c10-0ee0f82da1c9,4294974701,0.00,0.0000,,,0.0000,0,0,0.00,0,0.00,0,0.000000,0.000000
pod,2026-03-02 11:04:36.771,hostnode,sn,user-timeline-service-5454759db5-vnwvl,dc0f2321-e793-49e9-9ee1-937c87155298,4294974659,0.06,0.0138,,,0.0240,4,0,0.00,0,0.08,2,0.004049,0.000000
pod,2026-03-02 11:04:36.771,hostnode,kube-system,kube-proxy-49fw8,dc101e1d-3f1f-410b-b83e-ee7fac561bac,4294973996,0.37,0.0070,,,0.0190,53,0,0.21,2,0.00,0,0.023578,0.000000
pod,2026-03-02 11:04:36.771,hostnode,kube-system,calico-node-87zh8,dcafcb5d-4d9d-4a0a-a50e-9b777755abe1,4294974038,4.30,0.0080,,,0.2050,535,0,0.13,1,0.00,0,0.124084,0.000000
pod,2026-03-02 11:04:36.771,hostnode,sn,post-storage-service-588b9754bb-cr94b,df7754d7-8bc5-4bec-8298-6777d24ad6ed,4294974911,0.08,0.0190,,,0.0570,4,0,0.00,0,0.06,2,0.003233,0.000000
pod,2026-03-02 11:04:36.771,hostnode,sn,media-mongodb-d697b6485-hzsvf,e142aae7-6ba9-48d3-b5bf-9d819ce77fac,4294974575,3.19,0.0203,,,1.3030,157,0,0.00,0,0.00,0,0.048433,0.000000
pod,2026-03-02 11:04:36.771,hostnode,sa,feedback-inference-6-6649d68c48-8w8x2,e2decc3f-3382-4912-8838-e68559a26a98,4294975751,0.09,0.0066,,,0.0140,14,0,0.00,0,0.00,0,0.009260,0.000000
pod,2026-03-02 11:04:36.771,hostnode,monitoring,prometheus-monitoring-kube-prometheus-prometheus-1,e702e69f-594f-4926-a262-6e6c1f000dcd,4295081642,1.19,0.0069,,,0.0250,173,0,0.00,0,0.17,6,0.098504,0.000000
pod,2026-03-02 11:04:36.771,hostnode,hn,consul-5f547dd555-vbfn4,ed5acd96-1b5b-4f18-8762-f8b4a711aa55,4294976255,3.18,0.0082,,,0.0610,387,0,0.00,0,0.04,5,0.080139,0.000000
pod,2026-03-02 11:04:36.771,hostnode,sn,post-storage-mongodb-5bb6bd964c-qrnwb,ed9d9c33-6043-4865-9dbb-2ba38d33338a,4294975457,1.24,0.0076,,,0.0470,163,0,0.00,0,0.11,2,0.055915,0.000000
pod,2026-03-02 11:04:36.771,hostnode,hn,memcached-rate-6b6b8fc64b-j4mtd,f33aa9b9-0098-4bab-af1f-d9f4580bdcca,4294976087,0.04,0.0064,,,0.0120,7,0,0.00,0,0.00,0,0.001301,0.000000
pod,2026-03-02 11:04:36.771,hostnode,sn,unique-id-service-c5567d7f5-98pmc,f5e5cd76-4c56-44db-b87d-8c5f1188c68e,4294974785,0.00,0.0000,,,0.0000,0,0,0.00,0,0.00,0,0.000000,0.000000
pod,2026-03-02 11:04:36.771,hostnode,sn,post-storage-memcached-58c9f787f-454vt,f76ac518-c32c-48c1-a2c6-1dcb17dbcbef,4294975583,0.04,0.0072,,,0.0100,5,0,0.00,0,0.00,0,0.001070,0.000000
pod,2026-03-02 11:04:36.771,hostnode,monitoring,monitoring-kube-prometheus-operator-fbbbd799-pcnxn,f8959bf3-7786-4a44-945d-eff1c489992a,4295080313,0.40,0.0078,,,0.0290,51,0,0.00,0,0.00,0,0.010600,0.000000
pod,2026-03-02 11:04:36.771,hostnode,kube-system,coredns-5ddd84546d-vpwgd,fa8a2c26-1ab8-41c4-8317-ac2e6d17ed89,4294974278,0.20,0.0085,,,0.0210,23,0,0.00,0,0.07,6,0.009053,0.000000
pod,2026-03-02 11:04:36.771,hostnode,sn,user-memcached-8cc658895-bj2wf,fc7fd578-af0d-4bb8-9e88-5d60e166f1d4,4294975541,0.04,0.0080,,,0.0150,5,0,0.00,0,0.00,0,0.001178,0.000000
node,2026-03-02 11:04:37.772,hostnode,,,,,320.28,0.0118,0.0150,0.0150,6.1940,27182,4,19.53,166,16.08,1382,18.287938,0.379770
pod,2026-03-02 11:04:37.772,hostnode,sa,feedback-inference-4-bcdcc4954-nscth,0150e3da-bbb2-44fc-98a6-deb41f36babb,4294975919,0.12,0.0086,,,0.0210,14,0,0.00,0,0.00,0,0.011019,0.000000
pod,2026-03-02 11:04:37.772,hostnode,sn,user-timeline-redis-666c98cb6-2pp72,02f33c1a-7b7d-4b1d-affc-3d48159aa4e1,4294975499,0.08,0.0084,,,0.0160,10,0,0.00,0,0.00,0,0.006275,0.000000
pod,2026-03-02 11:04:37.772,hostnode,hn,recommendation-6fd4576595-qzp7p,03b217b1-3eb0-43df-82d5-903db410307f,4294976759,0.09,0.0081,,,0.0110,11,0,0.00,0,0.00,0,0.002530,0.000000
pod,2026-03-02 11:04:37.772,hostnode,hn,memcached-profile-66685f65f-6q9lm,05600750-6235-4cea-a85f-768f670b18ee,4294976129,0.04,0.0070,,,0.0110,6,0,0.00,0,0.00,0,0.001184,0.000000
pod,2026-03-02 11:04:37.772,hostnode,default,fuzzy-proof-4,09dd6cba-ae69-4561-9fcc-a8fbc26b78fc,4294976885,0.00,0.0000,,,0.0000,0,0,0.00,0,0.00,0,0.000000,0.000000
pod,2026-03-02 11:04:37.772,hostnode,hn,reservation-7b7956cd6b-w78wd,0bcb305f-c199-4f79-8255-5bfd30011440,4294976591,0.07,0.0066,,,0.0160,11,0,0.00,0,0.00,0,0.002215,0.000000
pod,2026-03-02 11:04:37.772,hostnode,sn,user-mongodb-dcb5fbc96-p8vbh,0f8edb85-6f09-4967-834b-c4e29026ce53,4294975247,1.68,0.0100,,,0.4240,169,0,0.00,0,0.07,2,0.056447,0.000000
pod,2026-03-02 11:04:37.772,hostnode,sa,feedback-inference-3-bbfcf6979-nc9n2,11c2484c-ee59-4cf1-b235-e5f0bea30e4b,4294975877,0.12,0.0080,,,0.0130,15,0,0.00,0,0.00,0,0.009704,0.000000
pod,2026-03-02 11:04:37.772,hostnode,default,consul-5f547dd555-5fphc,138143ae-daea-4128-92ae-7c247466d7d4,4294975961,5.33,0.0138,,,2.0960,387,0,0.00,0,0.00,0,0.080169,0.000000
pod,2026-03-02 11:04:37.772,hostnode,sn,social-graph-redis-545664784f-hj79p,13e148d0-b339-49ee-b0ce-b37559cd27c6,4294974447,0.07,0.0069,,,0.0130,10,0,0.00,0,0.00,0,0.007320,0.000000
pod,2026-03-02 11:04:37.772,hostnode,hn,mongodb-recommendation-98859d4d7-z5qfb,1514f4ec-f718-4bec-a3e8-bea39d0fedd1,4294976675,1.47,0.0445,,,1.2210,33,0,0.00,0,0.00,0,0.019692,0.000000
pod,2026-03-02 11:04:37.772,hostnode,ksense,ksense-5rfvq,1893397c-8b62-4aea-8a5e-d5c5032d91f8,4294989630,0.37,0.0108,,,0.0400,34,0,0.00,0,0.00,0,7.863465,0.000000
pod,2026-03-02 11:04:37.772,hostnode,sn,social-graph-mongodb-6bf674bf9-vq4jm,1c0ce9e4-e1fb-455a-976e-11005acce9d0,4294974953,5.17,0.0323,,,2.6300,160,0,0.00,0,0.06,2,0.056578,0.000000
pod,2026-03-02 11:04:37.772,hostnode,hn,jaeger-b49ccf55-rbg7n,1e3eeb12-a307-41de-92ee-7ec930767d58,4294976381,0.12,0.0094,,,0.0140,13,0,0.00,0,0.00,0,0.021953,0.000000
pod,2026-03-02 11:04:37.772,hostnode,kube-system,calico-kube-controllers-5b9b456c66-qz22s,247149cd-61e5-4048-a7ef-75de96589398,4294974080,0.00,0.0000,,,0.0000,0,0,0.00,0,0.00,0,0.000000,0.000000
pod,2026-03-02 11:04:37.772,hostnode,hn,mongodb-user-86f7788f59-vwx8w,24987f22-ac3e-4037-b7e4-674696f71bfe,4294976843,1.48,0.0449,,,1.2220,33,0,0.00,0,0.00,0,0.018362,0.000000
pod,2026-03-02 11:04:37.772,hostnode,sn,nginx-thrift-7f6f5d6b69-74vws,2d8ff9cc-73b2-47da-b0da-657ba9857d06,4294975289,0.00,0.0000,,,0.0000,0,0,0.00,0,0.00,0,0.000000,0.000000
pod,2026-03-02 11:04:37.772,hostnode,hn,memcached-reserve-66b4d9f986-twx7c,2e8cef70-b460-406c-822d-006e7c0c71a4,4294976171,0.01,0.0050,,,0.0050,3,0,0.00,0,0.00,0,0.000838,0.000000
pod,2026-03-02 11:04:37.772,hostnode,monitoring,monitoring-prometheus-node-exporter-679rr,309bc67f-0f97-4902-8e57-5f369481d878,4295080229,0.00,0.0000,,,0.0000,0,0,0.00,0,0.00,0,0.000000,0.000000
pod,2026-03-02 11:04:37.772,hostnode,hn,geo-75469c5bc9-b6l8f,4615d84f-8e28-403b-af02-b8c6c579361d,4294976003,0.12,0.0088,,,0.0160,13,0,0.00,0,0.00,0,0.002668,0.000000
pod,2026-03-02 11:04:37.772,hostnode,hn,mongodb-reservation-8566bbcb4f-rmkm5,5557386c-9898-4425-8979-6492e67868ee,4294976549,0.32,0.0084,,,0.0310,38,0,0.00,0,0.00,0,0.019115,0.000000
pod,2026-03-02 11:04:37.772,hostnode,sn,social-graph-service-6b48d496c6-flfvk,56f4636a-d485-4728-9bb6-0e7977b14a71,4294974995,0.02,0.0060,,,0.0070,4,0,0.00,0,0.06,2,0.003076,0.000000
pod,2026-03-02 11:04:37.772,hostnode,ksense,fuzzy-scheduler-55c7fbbd75-xnggn,58bdb2da-a465-4653-b30a-5f823bd79594,4295063948,0.38,0.0086,,,0.0320,44,0,0.00,0,0.00,0,0.010157,0.000000
pod,2026-03-02 11:04:37.772,hostnode,sn,user-mention-service-77b4dc8db6-qqb2p,5da702aa-5da1-48a1-a861-a28a962145a8,4294975121,0.00,0.0000,,,0.0000,0,0,0.00,0,0.00,0,0.000000,0.000000
pod,2026-03-02 11:04:37.772,hostnode,sa,feedback-inference-2-867b854976-qrcmg,63ea3062-c44d-4786-b84c-d210df45b2f8,4294975793,0.13,0.0084,,,0.0290,15,0,0.00,0,0.00,0,0.009488,0.000000
pod,2026-03-02 11:04:37.772,hostnode,hn,mongodb-rate-78677645d4-4v2h5,66c8e931-7fa3-448a-8822-0b2db155e788,4294976633,0.37,0.0076,,,0.0330,49,0,0.00,0,0.04,1,0.024336,0.000000
pod,2026-03-02 11:04:37.772,hostnode,sa,feedback-inference-1-6b858c77b9-99c4j,6a98d5b2-6ae0-4348-ba84-d32a8010d14b,4294975625,0.09,0.0066,,,0.0100,14,0,0.00,0,0.00,0,0.008450,0.000000
pod,2026-03-02 11:04:37.772,hostnode,sn,media-frontend-6bd9df9d6d-5vf4w,6be52f8a-5cf7-4c4d-a9cf-b851c52694e7,4294975077,0.00,0.0000,,,0.0000,0,0,0.00,0,0.00,0,0.000000,0.000000
pod,2026-03-02 11:04:37.772,hostnode,sn,media-memcached-657c8b4cdf-4cc9x,6d187294-14f3-4f11-b66b-6f178abedac4,4294974743,0.03,0.0057,,,0.0080,6,0,0.00,0,0.00,0,0.001084,0.000000
pod,2026-03-02 11:04:37.772,hostnode,monitoring,alertmanager-monitoring-kube-prometheus-alertmanager-0,70957292-81e5-4ffe-b8ad-b44e4de4b326,4295080817,0.11,0.0070,,,0.0150,16,0,0.00,0,0.12,5,0.010449,0.000000
pod,2026-03-02 11:04:37.772,hostnode,sn,media-service-68f5f7ccbf-ks945,76c3a8df-aede-4a5f-b8bd-e74ce509a7e6,4294975331,0.00,0.0000,,,0.0000,0,0,0.00,0,0.00,0,0.000000,0.000000
pod,2026-03-02 11:04:37.772,hostnode,sn,home-timeline-redis-698c8bc65d-4c45h,79688f0b-7ab6-4f35-8438-aec8c8300d03,4294974827,0.07,0.0075,,,0.0180,10,0,0.00,0,0.00,0,0.008912,0.000000
pod,2026-03-02 11:04:37.772,hostnode,sa,feedback-inference-7-8f6cf7999-f5qn4,7aa819af-f314-4532-a0f4-c5e2a11fc6ef,4294975835,0.08,0.0060,,,0.0080,13,0,0.00,0,0.00,0,0.010611,0.000000
pod,2026-03-02 11:04:37.772,hostnode,monitoring,monitoring-grafana-67776b6b66-sxl62,7bda2edc-62de-4b78-aa7c-8a99331d9370,4295080355,0.95,0.0085,,,0.0270,111,0,0.00,0,0.00,0,0.027474,0.000000
pod,2026-03-02 11:04:37.772,hostnode,default,feedback-inference-5c9b57cc5f-mpxx5,7d6b10a5-b07a-4b60-8c9d-7d0462b491f0,4294975709,0.10,0.0073,,,0.0120,13,0,0.00,0,0.00,0,0.011003,0.000000
pod,2026-03-02 11:04:37.772,hostnode,kube-system,selling-resource-scheduler-7cc89db49c-ns9jm,894845d8-cc58-483b-bbf2-260807dd8e81,4294974127,0.00,0.0000,,,0.0000,0,0,0.00,0,0.00,0,0.000000,0.000000
pod,2026-03-02 11:04:37.772,hostnode,sa,feedback-inference-5-596d5b64b9-sw9t7,898a0bea-057b-41e9-bedf-78eae2237e12,4294975667,0.14,0.0096,,,0.0170,14,0,0.00,0,0.00,0,0.010242,0.000000
pod,2026-03-02 11:04:37.772,hostnode,default,fuzzy-proof-1,8adacebd-6468-43f9-bad1-e7258d23d25b,4294977053,0.00,0.0000,,,0.0000,0,0,0.00,0,0.00,0,0.000000,0.000000
pod,2026-03-02 11:04:37.772,hostnode,hn,mongodb-profile-57b898f69-869rl,8c3bade4-b9e1-44f3-bdaa-e8f9a77e60b6,4294976339,1.35,0.0411,,,1.1020,33,0,0.00,0,0.00,0,0.017970,0.000000
pod,2026-03-02 11:04:37.772,hostnode,hn,mongodb-geo-5cf4479bd9-4tflp,8c63a64e-3582-4fa5-a1a2-9d52222005c7,4294976213,0.34,0.0094,,,0.0440,36,0,0.00,0,0.00,0,0.020353,0.000000
pod,2026-03-02 11:04:37.772,hostnode,kube-system,metrics-server-7fbfbcc44c-57twc,8e0cbdb2-8b37-43d7-bd2e-e7bc88f71486,4294974340,0.63,0.0079,,,0.0260,80,0,0.00,0,0.00,0,0.014755,0.000000
pod,2026-03-02 11:04:37.772,hostnode,default,fuzzy-proof-5,95708664-be88-4490-ba1e-7092ec6ba570,4294977011,0.00,0.0000,,,0.0000,0,0,0.00,0,0.00,0,0.000000,0.000000
pod,2026-03-02 11:04:37.772,hostnode,kube-system,coredns-5ddd84546d-cscpm,957aa029-5b70-4fcf-bf3e-194e127920be,4294974221,0.36,0.0071,,,0.0200,51,0,0.01,1,0.07,6,0.012594,0.000000
pod,2026-03-02 11:04:37.772,hostnode,sn,url-shorten-service-5576f95bc-dlkwp,970ae5df-45da-47b3-9c77-f2aaf6297dd0,4294975415,0.03,0.0077,,,0.0100,4,0,0.00,0,0.06,2,0.003122,0.000000
pod,2026-03-02 11:04:37.772,hostnode,default,fuzzy-proof-3,9bb793d0-cf0f-4e92-ab39-a1f6b2a25f81,4294976927,0.00,0.0000,,,0.0000,0,0,0.00,0,0.00,0,0.000000,0.000000
pod,2026-03-02 11:04:37.772,hostnode,ksense,collector-name-sample,9f3d30b5-8cbf-41cc-bc8d-b5d893e029dc,4295117360,0.01,0.0120,,,0.0120,1,0,0.00,0,0.00,0,0.097429,0.000000
pod,2026-03-02 11:04:37.772,hostnode,sn,user-timeline-mongodb-76c59d86fb-f292x,a152d98d-6f60-4ea7-a931-fad144116366,4294975373,1.25,0.0075,,,0.0210,166,0,0.00,0,0.08,2,0.055325,0.000000
pod,2026-03-02 11:04:37.772,hostnode,hn,search-6dfc557989-qjbl9,a1b75670-727f-4e89-92df-b40d967893d6,4294976423,0.05,0.0108,,,0.0150,5,0,0.00,0,0.00,0,0.001461,0.000000
pod,2026-03-02 11:04:37.772,hostnode,local-path-storage,local-path-provisioner-7dd969c95d-74d4t,a6ae812c-2f36-4242-951e-7c510528abdf,4294974169,0.00,0.0000,,,0.0000,0,0,0.00,0,0.00,0,0.000000,0.000000
pod,2026-03-02 11:04:37.772,hostnode,sn,url-shorten-mongodb-5b844598c6-fp9c7,a8cd873b-f644-410c-84de-9107a29e8a95,4294975163,2.56,0.0157,,,1.3090,163,0,0.00,0,0.06,2,0.055349,0.000000
pod,2026-03-02 11:04:37.772,hostnode,default,fuzzy-proof-2,aaae8af9-ce6d-4315-8571-0b20fd1508a3,4294976969,0.00,0.0000,,,0.0000,0,0,0.00,0,0.00,0,0.000000,0.000000
pod,2026-03-02 11:04:37.772,hostnode,monitoring,monitoring-kube-state-metrics-76b67dc76d-8q9gk,ad30444e-ccf1-472e-bbdf-808e7e5136d7,4295080271,1.29,0.0716,,,1.0840,18,0,0.00,0,0.02,1,0.008658,0.000000
pod,2026-03-02 11:04:37.772,hostnode,hn,rate-846d5c7957-7h6m6,ba1cc2cd-8a02-4c6c-bbdb-e783523c7a7d,4294976717,0.31,0.0092,,,0.0150,34,0,0.00,0,0.19,3,0.013649,0.000000
pod,2026-03-02 11:04:37.772,hostnode,sn,jaeger-5b7d8bb6fb-z8cnp,bb2cfec0-cd8a-4f5f-ad4d-eeeba610930f,4294974617,0.04,0.0103,,,0.0180,4,0,0.00,0,0.00,0,0.001123,0.000000
pod,2026-03-02 11:04:37.772,hostnode,sn,user-service-76d887dc94-bgj68,bf074cdf-70ff-4a02-abb0-d6d0be29abe2,4294974869,0.05,0.0135,,,0.0220,4,0,0.00,0,0.07,2,0.003875,0.000000
pod,2026-03-02 11:04:37.772,hostnode,hn,user-6c488f4d-hjphk,bf3df9a5-b422-4af5-864a-d651de48d26f,4294976801,0.11,0.0084,,,0.0180,13,0,0.00,0,0.00,0,0.002384,0.000000
pod,2026-03-02 11:04:37.772,hostnode,hn,frontend-74b855d7b8-7fbgr,c30245d8-5651-4f6b-a7d9-1712bf6e4e88,4294976045,0.07,0.0140,,,0.0290,5,0,0.00,0,0.00,0,0.001838,0.000000
pod,2026-03-02 11:04:37.772,hostnode,sn,text-service-66d6fd5c8b-v9k4t,c310a012-592c-495e-90f2-168aa1cee704,4294975205,0.00,0.0000,,,0.0000,0,0,0.00,0,0.00,0,0.000000,0.000000
pod,2026-03-02 11:04:37.772,hostnode,hn,profile-54f6c7d985-v5ghx,c57a536e-ce39-4941-aff4-622d8fe82651,4294976297,0.12,0.0088,,,0.0160,13,0,0.00,0,0.00,0,0.002784,0.000000
pod,2026-03-02 11:04:37.772,hostnode,sn,url-shorten-memcached-844b6d854f-f5m7l,d48a2e27-ce92-48da-9b79-fed0072b5dbf,4294974533,0.03,0.0110,,,0.0180,3,0,0.00,0,0.00,0,0.000869,0.000000
pod,2026-03-02 11:04:37.772,hostnode,monitoring,prometheus-monitoring-kube-prometheus-prometheus-0,d5eed4b3-8e52-4dc1-9c6e-da95a7b40277,4295080859,3.01,0.0081,,,0.0380,371,0,0.16,12,1.22,127,0.487144,0.000000
pod,2026-03-02 11:04:37.772,hostnode,sn,compose-post-service-5b5b7d59cc-4zs9g,d712ed1f-7a93-410f-82a6-ef80735a231c,4294974491,0.00,0.0000,,,0.0000,0,0,0.00,0,0.00,0,0.000000,0.000000
pod,2026-03-02 11:04:37.772,hostnode,sn,home-timeline-service-ff4b9db4f-vdjm5,da072777-52fd-4834-9c10-0ee0f82da1c9,4294974701,0.00,0.0000,,,0.0000,0,0,0.00,0,0.00,0,0.000000,0.000000
pod,2026-03-02 11:04:37.772,hostnode,sn,user-timeline-service-5454759db5-vnwvl,dc0f2321-e793-49e9-9ee1-937c87155298,4294974659,0.06,0.0143,,,0.0220,4,0,0.00,0,0.08,2,0.003914,0.000000
pod,2026-03-02 11:04:37.772,hostnode,kube-system,kube-proxy-49fw8,dc101e1d-3f1f-410b-b83e-ee7fac561bac,4294973996,0.00,0.0000,,,0.0000,0,0,0.00,0,0.00,0,0.000000,0.000000
pod,2026-03-02 11:04:37.772,hostnode,kube-system,calico-node-87zh8,dcafcb5d-4d9d-4a0a-a50e-9b777755abe1,4294974038,12.15,0.0217,,,2.6070,559,0,0.00,0,0.04,2,0.166621,0.000000
pod,2026-03-02 11:04:37.772,hostnode,sn,post-storage-service-588b9754bb-cr94b,df7754d7-8bc5-4bec-8298-6777d24ad6ed,4294974911,0.04,0.0107,,,0.0120,4,0,0.00,0,0.07,2,0.003814,0.000000
pod,2026-03-02 11:04:37.772,hostnode,sn,media-mongodb-d697b6485-hzsvf,e142aae7-6ba9-48d3-b5bf-9d819ce77fac,4294974575,2.26,0.0143,,,1.1260,158,0,0.00,0,0.00,0,0.048876,0.000000
pod,2026-03-02 11:04:37.772,hostnode,sa,feedback-inference-6-6649d68c48-8w8x2,e2decc3f-3382-4912-8838-e68559a26a98,4294975751,0.13,0.0103,,,0.0190,13,0,0.00,0,0.00,0,0.012273,0.000000
pod,2026-03-02 11:04:37.772,hostnode,monitoring,prometheus-monitoring-kube-prometheus-prometheus-1,e702e69f-594f-4926-a262-6e6c1f000dcd,4295081642,5.42,0.0084,,,0.4510,643,0,0.11,9,2.13,190,0.684915,0.000000
pod,2026-03-02 11:04:37.772,hostnode,hn,consul-5f547dd555-vbfn4,ed5acd96-1b5b-4f18-8762-f8b4a711aa55,4294976255,3.16,0.0086,,,0.3050,366,0,0.00,0,0.00,0,0.074761,0.000000
pod,2026-03-02 11:04:37.772,hostnode,sn,post-storage-mongodb-5bb6bd964c-qrnwb,ed9d9c33-6043-4865-9dbb-2ba38d33338a,4294975457,1.30,0.0077,,,0.0240,168,0,0.00,0,0.13,2,0.058805,0.000000
pod,2026-03-02 11:04:37.772,hostnode,hn,memcached-rate-6b6b8fc64b-j4mtd,f33aa9b9-0098-4bab-af1f-d9f4580bdcca,4294976087,0.04,0.0147,,,0.0230,3,0,0.00,0,0.00,0,0.001061,0.000000
pod,2026-03-02 11:04:37.772,hostnode,sn,unique-id-service-c5567d7f5-98pmc,f5e5cd76-4c56-44db-b87d-8c5f1188c68e,4294974785,0.00,0.0000,,,0.0000,0,0,0.00,0,0.00,0,0.000000,0.000000
pod,2026-03-02 11:04:37.772,hostnode,sn,post-storage-memcached-58c9f787f-454vt,f76ac518-c32c-48c1-a2c6-1dcb17dbcbef,4294975583,0.04,0.0068,,,0.0110,6,0,0.00,0,0.00,0,0.001115,0.000000
pod,2026-03-02 11:04:37.772,hostnode,monitoring,monitoring-kube-prometheus-operator-fbbbd799-pcnxn,f8959bf3-7786-4a44-945d-eff1c489992a,4295080313,0.76,0.0089,,,0.1730,85,0,0.00,0,0.00,0,0.013603,0.000000
pod,2026-03-02 11:04:37.772,hostnode,kube-system,coredns-5ddd84546d-vpwgd,fa8a2c26-1ab8-41c4-8317-ac2e6d17ed89,4294974278,0.82,0.0093,,,0.1640,88,0,0.02,1,0.13,8,0.063411,0.000000
pod,2026-03-02 11:04:37.772,hostnode,sn,user-memcached-8cc658895-bj2wf,fc7fd578-af0d-4bb8-9e88-5d60e166f1d4,4294975541,0.07,0.0112,,,0.0250,6,0,0.00,0,0.00,0,0.001277,0.000000
node,2026-03-02 11:04:38.772,hostnode,,,,,292.88,0.0138,0.0150,0.0150,12.2240,21194,1,92.60,58,5.32,322,21.174652,0.646293
pod,2026-03-02 11:04:38.772,hostnode,sa,feedback-inference-4-bcdcc4954-nscth,0150e3da-bbb2-44fc-98a6-deb41f36babb,4294975919,0.12,0.0073,,,0.0120,16,0,0.00,0,0.00,0,0.013532,0.000000
pod,2026-03-02 11:04:38.772,hostnode,sn,user-timeline-redis-666c98cb6-2pp72,02f33c1a-7b7d-4b1d-affc-3d48159aa4e1,4294975499,0.19,0.0191,,,0.1190,10,0,0.00,0,0.00,0,0.006700,0.000000
pod,2026-03-02 11:04:38.772,hostnode,hn,recommendation-6fd4576595-qzp7p,03b217b1-3eb0-43df-82d5-903db410307f,4294976759,0.10,0.0095,,,0.0230,10,0,0.00,0,0.00,0,0.002042,0.000000
pod,2026-03-02 11:04:38.772,hostnode,hn,memcached-profile-66685f65f-6q9lm,05600750-6235-4cea-a85f-768f670b18ee,4294976129,0.03,0.0107,,,0.0190,3,0,0.00,0,0.00,0,0.000892,0.000000
pod,2026-03-02 11:04:38.772,hostnode,default,fuzzy-proof-4,09dd6cba-ae69-4561-9fcc-a8fbc26b78fc,4294976885,0.00,0.0000,,,0.0000,0,0,0.00,0,0.00,0,0.000000,0.000000
pod,2026-03-02 11:04:38.772,hostnode,hn,reservation-7b7956cd6b-w78wd,0bcb305f-c199-4f79-8255-5bfd30011440,4294976591,0.08,0.0081,,,0.0130,10,0,0.00,0,0.00,0,0.001828,0.000000
pod,2026-03-02 11:04:38.772,hostnode,sn,user-mongodb-dcb5fbc96-p8vbh,0f8edb85-6f09-4967-834b-c4e29026ce53,4294975247,1.29,0.0081,,,0.0500,159,0,0.00,0,0.08,2,0.054779,0.000000
pod,2026-03-02 11:04:38.772,hostnode,sa,feedback-inference-3-bbfcf6979-nc9n2,11c2484c-ee59-4cf1-b235-e5f0bea30e4b,4294975877,0.11,0.0074,,,0.0140,15,0,0.00,0,0.00,0,0.011226,0.000000
pod,2026-03-02 11:04:38.772,hostnode,default,consul-5f547dd555-5fphc,138143ae-daea-4128-92ae-7c247466d7d4,4294975961,3.24,0.0081,,,0.0270,399,0,0.00,0,0.03,5,0.108363,0.000000
pod,2026-03-02 11:04:38.772,hostnode,sn,social-graph-redis-545664784f-hj79p,13e148d0-b339-49ee-b0ce-b37559cd27c6,4294974447,0.09,0.0086,,,0.0170,10,0,0.00,0,0.00,0,0.007459,0.000000
pod,2026-03-02 11:04:38.772,hostnode,hn,mongodb-recommendation-98859d4d7-z5qfb,1514f4ec-f718-4bec-a3e8-bea39d0fedd1,4294976675,1.51,0.0397,,,1.1630,38,0,0.00,0,0.00,0,0.023055,0.000000
pod,2026-03-02 11:04:38.772,hostnode,ksense,ksense-5rfvq,1893397c-8b62-4aea-8a5e-d5c5032d91f8,4294989630,0.41,0.0133,,,0.0970,31,0,0.00,0,0.08,1,7.864236,0.000000
pod,2026-03-02 11:04:38.772,hostnode,sn,social-graph-mongodb-6bf674bf9-vq4jm,1c0ce9e4-e1fb-455a-976e-11005acce9d0,4294974953,1.19,0.0075,,,0.0480,160,0,0.00,0,0.11,2,0.054263,0.000000
pod,2026-03-02 11:04:38.772,hostnode,hn,jaeger-b49ccf55-rbg7n,1e3eeb12-a307-41de-92ee-7ec930767d58,4294976381,0.03,0.0087,,,0.0150,3,0,0.00,0,0.00,0,0.000700,0.000000
pod,2026-03-02 11:04:38.772,hostnode,kube-system,calico-kube-controllers-5b9b456c66-qz22s,247149cd-61e5-4048-a7ef-75de96589398,4294974080,0.00,0.0000,,,0.0000,0,0,0.00,0,0.00,0,0.000000,0.000000
pod,2026-03-02 11:04:38.772,hostnode,hn,mongodb-user-86f7788f59-vwx8w,24987f22-ac3e-4037-b7e4-674696f71bfe,4294976843,0.34,0.0081,,,0.0200,42,0,0.00,0,0.06,1,0.026476,0.000000
pod,2026-03-02 11:04:38.772,hostnode,sn,nginx-thrift-7f6f5d6b69-74vws,2d8ff9cc-73b2-47da-b0da-657ba9857d06,4294975289,0.00,0.0000,,,0.0000,0,0,0.00,0,0.00,0,0.000000,0.000000
pod,2026-03-02 11:04:38.772,hostnode,hn,memcached-reserve-66b4d9f986-twx7c,2e8cef70-b460-406c-822d-006e7c0c71a4,4294976171,0.04,0.0074,,,0.0130,5,0,0.00,0,0.00,0,0.001135,0.000000
pod,2026-03-02 11:04:38.772,hostnode,monitoring,monitoring-prometheus-node-exporter-679rr,309bc67f-0f97-4902-8e57-5f369481d878,4295080229,0.00,0.0000,,,0.0000,0,0,0.00,0,0.00,0,0.000000,0.000000
pod,2026-03-02 11:04:38.772,hostnode,hn,geo-75469c5bc9-b6l8f,4615d84f-8e28-403b-af02-b8c6c579361d,4294976003,0.15,0.0079,,,0.0140,19,0,0.00,0,0.00,0,0.004975,0.000000
pod,2026-03-02 11:04:38.772,hostnode,hn,mongodb-reservation-8566bbcb4f-rmkm5,5557386c-9898-4425-8979-6492e67868ee,4294976549,2.82,0.0855,,,2.5460,33,0,0.00,0,0.00,0,0.021272,0.000000
pod,2026-03-02 11:04:38.772,hostnode,sn,social-graph-service-6b48d496c6-flfvk,56f4636a-d485-4728-9bb6-0e7977b14a71,4294974995,0.05,0.0115,,,0.0210,4,0,0.00,0,0.08,2,0.003479,0.000000
pod,2026-03-02 11:04:38.772,hostnode,ksense,fuzzy-scheduler-55c7fbbd75-xnggn,58bdb2da-a465-4653-b30a-5f823bd79594,4295063948,0.55,0.0114,,,0.1180,48,0,0.00,0,0.00,0,0.012729,0.000000
pod,2026-03-02 11:04:38.772,hostnode,sn,user-mention-service-77b4dc8db6-qqb2p,5da702aa-5da1-48a1-a861-a28a962145a8,4294975121,0.01,0.0130,,,0.0130,1,0,0.00,0,0.00,0,0.000383,0.000000
pod,2026-03-02 11:04:38.772,hostnode,sa,feedback-inference-2-867b854976-qrcmg,63ea3062-c44d-4786-b84c-d210df45b2f8,4294975793,0.12,0.0077,,,0.0150,15,0,0.00,0,0.00,0,0.010680,0.000000
pod,2026-03-02 11:04:38.772,hostnode,hn,mongodb-rate-78677645d4-4v2h5,66c8e931-7fa3-448a-8822-0b2db155e788,4294976633,1.72,0.0522,,,1.4440,33,0,0.00,0,0.00,0,0.019326,0.000000
pod,2026-03-02 11:04:38.772,hostnode,sa,feedback-inference-1-6b858c77b9-99c4j,6a98d5b2-6ae0-4348-ba84-d32a8010d14b,4294975625,0.12,0.0083,,,0.0240,15,0,0.00,0,0.00,0,0.010194,0.000000
pod,2026-03-02 11:04:38.772,hostnode,sn,media-frontend-6bd9df9d6d-5vf4w,6be52f8a-5cf7-4c4d-a9cf-b851c52694e7,4294975077,0.00,0.0000,,,0.0000,0,0,0.00,0,0.00,0,0.000000,0.000000
pod,2026-03-02 11:04:38.772,hostnode,sn,media-memcached-657c8b4cdf-4cc9x,6d187294-14f3-4f11-b66b-6f178abedac4,4294974743,0.02,0.0073,,,0.0090,3,0,0.00,0,0.00,0,0.000759,0.000000
pod,2026-03-02 11:04:38.772,hostnode,monitoring,alertmanager-monitoring-kube-prometheus-alertmanager-0,70957292-81e5-4ffe-b8ad-b44e4de4b326,4295080817,0.00,0.0000,,,0.0000,0,0,0.00,0,0.00,0,0.000000,0.000000
pod,2026-03-02 11:04:38.772,hostnode,sn,media-service-68f5f7ccbf-ks945,76c3a8df-aede-4a5f-b8bd-e74ce509a7e6,4294975331,0.00,0.0000,,,0.0000,0,0,0.00,0,0.00,0,0.000000,0.000000
pod,2026-03-02 11:04:38.772,hostnode,sn,home-timeline-redis-698c8bc65d-4c45h,79688f0b-7ab6-4f35-8438-aec8c8300d03,4294974827,0.07,0.0071,,,0.0110,10,0,0.00,0,0.00,0,0.007717,0.000000
pod,2026-03-02 11:04:38.772,hostnode,sa,feedback-inference-7-8f6cf7999-f5qn4,7aa819af-f314-4532-a0f4-c5e2a11fc6ef,4294975835,0.10,0.0064,,,0.0100,16,0,0.00,0,0.00,0,0.010326,0.000000
pod,2026-03-02 11:04:38.772,hostnode,monitoring,monitoring-grafana-67776b6b66-sxl62,7bda2edc-62de-4b78-aa7c-8a99331d9370,4295080355,1.00,0.0082,,,0.0350,122,0,0.00,0,0.00,0,0.029586,0.000000
pod,2026-03-02 11:04:38.772,hostnode,default,feedback-inference-5c9b57cc5f-mpxx5,7d6b10a5-b07a-4b60-8c9d-7d0462b491f0,4294975709,0.12,0.0094,,,0.0200,13,0,0.00,0,0.00,0,0.009715,0.000000
pod,2026-03-02 11:04:38.772,hostnode,kube-system,selling-resource-scheduler-7cc89db49c-ns9jm,894845d8-cc58-483b-bbf2-260807dd8e81,4294974127,0.00,0.0000,,,0.0000,0,0,0.00,0,0.00,0,0.000000,0.000000
pod,2026-03-02 11:04:38.772,hostnode,sa,feedback-inference-5-596d5b64b9-sw9t7,898a0bea-057b-41e9-bedf-78eae2237e12,4294975667,0.14,0.0085,,,0.0150,16,0,0.00,0,0.00,0,0.014122,0.000000
pod,2026-03-02 11:04:38.772,hostnode,default,fuzzy-proof-1,8adacebd-6468-43f9-bad1-e7258d23d25b,4294977053,0.00,0.0000,,,0.0000,0,0,0.00,0,0.00,0,0.000000,0.000000
pod,2026-03-02 11:04:38.772,hostnode,hn,mongodb-profile-57b898f69-869rl,8c3bade4-b9e1-44f3-bdaa-e8f9a77e60b6,4294976339,1.70,0.0378,,,1.3250,45,0,0.00,0,0.06,1,0.025761,0.000000
pod,2026-03-02 11:04:38.772,hostnode,hn,mongodb-geo-5cf4479bd9-4tflp,8c63a64e-3582-4fa5-a1a2-9d52222005c7,4294976213,1.66,0.0369,,,1.2540,45,0,0.00,0,0.05,1,0.024804,0.000000
pod,2026-03-02 11:04:38.772,hostnode,kube-system,metrics-server-7fbfbcc44c-57twc,8e0cbdb2-8b37-43d7-bd2e-e7bc88f71486,4294974340,0.46,0.0093,,,0.0220,50,0,0.00,0,0.00,0,0.012111,0.000000
pod,2026-03-02 11:04:38.772,hostnode,default,fuzzy-proof-5,95708664-be88-4490-ba1e-7092ec6ba570,4294977011,0.00,0.0000,,,0.0000,0,0,0.00,0,0.00,0,0.000000,0.000000
pod,2026-03-02 11:04:38.772,hostnode,kube-system,coredns-5ddd84546d-cscpm,957aa029-5b70-4fcf-bf3e-194e127920be,4294974221,0.31,0.0075,,,0.0180,41,0,0.00,0,0.08,6,0.012915,0.000000
pod,2026-03-02 11:04:38.772,hostnode,sn,url-shorten-service-5576f95bc-dlkwp,970ae5df-45da-47b3-9c77-f2aaf6297dd0,4294975415,0.05,0.0092,,,0.0120,5,0,0.00,0,0.07,2,0.004180,0.000000
pod,2026-03-02 11:04:38.772,hostnode,default,fuzzy-proof-3,9bb793d0-cf0f-4e92-ab39-a1f6b2a25f81,4294976927,0.00,0.0000,,,0.0000,0,0,0.00,0,0.00,0,0.000000,0.000000
pod,2026-03-02 11:04:38.772,hostnode,ksense,collector-name-sample,9f3d30b5-8cbf-41cc-bc8d-b5d893e029dc,4295117360,0.01,0.0050,,,0.0050,1,0,0.00,0,0.00,0,0.360706,0.000000
pod,2026-03-02 11:04:38.772,hostnode,sn,user-timeline-mongodb-76c59d86fb-f292x,a152d98d-6f60-4ea7-a931-fad144116366,4294975373,2.57,0.0160,,,1.2860,161,0,0.00,0,0.11,2,0.056094,0.000000
pod,2026-03-02 11:04:38.772,hostnode,hn,search-6dfc557989-qjbl9,a1b75670-727f-4e89-92df-b40d967893d6,4294976423,0.04,0.0090,,,0.0110,4,0,0.00,0,0.00,0,0.001010,0.000000
pod,2026-03-02 11:04:38.772,hostnode,local-path-storage,local-path-provisioner-7dd969c95d-74d4t,a6ae812c-2f36-4242-951e-7c510528abdf,4294974169,0.00,0.0000,,,0.0000,0,0,0.00,0,0.00,0,0.000000,0.000000
pod,2026-03-02 11:04:38.772,hostnode,sn,url-shorten-mongodb-5b844598c6-fp9c7,a8cd873b-f644-410c-84de-9107a29e8a95,4294975163,3.78,0.0232,,,2.5060,163,0,0.00,0,0.09,2,0.060014,0.000000
pod,2026-03-02 11:04:38.772,hostnode,default,fuzzy-proof-2,aaae8af9-ce6d-4315-8571-0b20fd1508a3,4294976969,0.00,0.0000,,,0.0000,0,0,0.00,0,0.00,0,0.000000,0.000000
pod,2026-03-02 11:04:38.772,hostnode,monitoring,monitoring-kube-state-metrics-76b67dc76d-8q9gk,ad30444e-ccf1-472e-bbdf-808e7e5136d7,4295080271,0.44,0.0247,,,0.1610,18,0,0.00,0,0.00,0,0.007290,0.000000
pod,2026-03-02 11:04:38.772,hostnode,hn,rate-846d5c7957-7h6m6,ba1cc2cd-8a02-4c6c-bbdb-e783523c7a7d,4294976717,0.10,0.0069,,,0.0140,14,0,0.00,0,0.00,0,0.002572,0.000000
pod,2026-03-02 11:04:38.772,hostnode,sn,jaeger-5b7d8bb6fb-z8cnp,bb2cfec0-cd8a-4f5f-ad4d-eeeba610930f,4294974617,0.08,0.0082,,,0.0200,10,0,0.00,0,0.00,0,0.002241,0.000000
pod,2026-03-02 11:04:38.772,hostnode,sn,user-service-76d887dc94-bgj68,bf074cdf-70ff-4a02-abb0-d6d0be29abe2,4294974869,0.06,0.0128,,,0.0340,5,0,0.00,0,0.07,2,0.003877,0.000000
pod,2026-03-02 11:04:38.772,hostnode,hn,user-6c488f4d-hjphk,bf3df9a5-b422-4af5-864a-d651de48d26f,4294976801,0.15,0.0081,,,0.0150,19,0,0.00,0,0.00,0,0.004238,0.000000
pod,2026-03-02 11:04:38.772,hostnode,hn,frontend-74b855d7b8-7fbgr,c30245d8-5651-4f6b-a7d9-1712bf6e4e88,4294976045,0.04,0.0082,,,0.0120,5,0,0.00,0,0.00,0,0.001260,0.000000
pod,2026-03-02 11:04:38.772,hostnode,sn,text-service-66d6fd5c8b-v9k4t,c310a012-592c-495e-90f2-168aa1cee704,4294975205,0.00,0.0000,,,0.0000,0,0,0.00,0,0.00,0,0.000000,0.000000
pod,2026-03-02 11:04:38.772,hostnode,hn,profile-54f6c7d985-v5ghx,c57a536e-ce39-4941-aff4-622d8fe82651,4294976297,0.19,0.0077,,,0.0260,25,0,0.00,0,0.00,0,0.005020,0.000000
pod,2026-03-02 11:04:38.772,hostnode,sn,url-shorten-memcached-844b6d854f-f5m7l,d48a2e27-ce92-48da-9b79-fed0072b5dbf,4294974533,0.03,0.0055,,,0.0090,6,0,0.00,0,0.00,0,0.000995,0.000000
pod,2026-03-02 11:04:38.772,hostnode,monitoring,prometheus-monitoring-kube-prometheus-prometheus-0,d5eed4b3-8e52-4dc1-9c6e-da95a7b40277,4295080859,0.45,0.0071,,,0.0420,63,0,0.00,0,0.00,0,0.071570,0.000000
pod,2026-03-02 11:04:38.772,hostnode,sn,compose-post-service-5b5b7d59cc-4zs9g,d712ed1f-7a93-410f-82a6-ef80735a231c,4294974491,0.00,0.0000,,,0.0000,0,0,0.00,0,0.00,0,0.000000,0.000000
pod,2026-03-02 11:04:38.772,hostnode,sn,home-timeline-service-ff4b9db4f-vdjm5,da072777-52fd-4834-9c10-0ee0f82da1c9,4294974701,0.00,0.0000,,,0.0000,0,0,0.00,0,0.00,0,0.000000,0.000000
pod,2026-03-02 11:04:38.772,hostnode,sn,user-timeline-service-5454759db5-vnwvl,dc0f2321-e793-49e9-9ee1-937c87155298,4294974659,0.07,0.0140,,,0.0160,5,0,0.00,0,0.08,2,0.003914,0.000000
pod,2026-03-02 11:04:38.772,hostnode,kube-system,kube-proxy-49fw8,dc101e1d-3f1f-410b-b83e-ee7fac561bac,4294973996,0.00,0.0000,,,0.0000,0,0,0.00,0,0.00,0,0.000000,0.000000
pod,2026-03-02 11:04:38.772,hostnode,kube-system,calico-node-87zh8,dcafcb5d-4d9d-4a0a-a50e-9b777755abe1,4294974038,8.86,0.0088,,,0.3340,1011,0,0.03,1,0.11,6,0.569015,0.004216
pod,2026-03-02 11:04:38.772,hostnode,sn,post-storage-service-588b9754bb-cr94b,df7754d7-8bc5-4bec-8298-6777d24ad6ed,4294974911,0.05,0.0120,,,0.0200,4,0,0.00,0,0.08,2,0.003995,0.000000
pod,2026-03-02 11:04:38.772,hostnode,sn,media-mongodb-d697b6485-hzsvf,e142aae7-6ba9-48d3-b5bf-9d819ce77fac,4294974575,1.21,0.0073,,,0.0790,164,0,0.00,0,0.00,0,0.050711,0.000000
pod,2026-03-02 11:04:38.772,hostnode,sa,feedback-inference-6-6649d68c48-8w8x2,e2decc3f-3382-4912-8838-e68559a26a98,4294975751,0.13,0.0087,,,0.0220,15,0,0.00,0,0.00,0,0.012154,0.000000
pod,2026-03-02 11:04:38.772,hostnode,monitoring,prometheus-monitoring-kube-prometheus-prometheus-1,e702e69f-594f-4926-a262-6e6c1f000dcd,4295081642,1.10,0.0062,,,0.0270,177,0,0.00,0,0.08,2,0.101398,0.000000
pod,2026-03-02 11:04:38.772,hostnode,hn,consul-5f547dd555-vbfn4,ed5acd96-1b5b-4f18-8762-f8b4a711aa55,4294976255,5.74,0.0148,,,1.3490,389,0,0.00,0,0.03,5,0.081652,0.000000
pod,2026-03-02 11:04:38.772,hostnode,sn,post-storage-mongodb-5bb6bd964c-qrnwb,ed9d9c33-6043-4865-9dbb-2ba38d33338a,4294975457,1.30,0.0080,,,0.0270,163,0,0.00,0,0.11,2,0.058840,0.000000
pod,2026-03-02 11:04:38.772,hostnode,hn,memcached-rate-6b6b8fc64b-j4mtd,f33aa9b9-0098-4bab-af1f-d9f4580bdcca,4294976087,0.03,0.0062,,,0.0100,5,0,0.00,0,0.00,0,0.001069,0.000000
pod,2026-03-02 11:04:38.772,hostnode,sn,unique-id-service-c5567d7f5-98pmc,f5e5cd76-4c56-44db-b87d-8c5f1188c68e,4294974785,0.01,0.0080,,,0.0080,1,0,0.00,0,0.00,0,0.000273,0.000000
pod,2026-03-02 11:04:38.772,hostnode,sn,post-storage-memcached-58c9f787f-454vt,f76ac518-c32c-48c1-a2c6-1dcb17dbcbef,4294975583,0.05,0.0080,,,0.0170,6,0,0.00,0,0.00,0,0.001076,0.000000
pod,2026-03-02 11:04:38.772,hostnode,monitoring,monitoring-kube-prometheus-operator-fbbbd799-pcnxn,f8959bf3-7786-4a44-945d-eff1c489992a,4295080313,0.57,0.0070,,,0.0200,82,0,0.00,0,0.00,0,0.014100,0.000000
pod,2026-03-02 11:04:38.772,hostnode,kube-system,coredns-5ddd84546d-vpwgd,fa8a2c26-1ab8-41c4-8317-ac2e6d17ed89,4294974278,0.20,0.0071,,,0.0200,28,0,0.00,0,0.09,6,0.009022,0.000000
pod,2026-03-02 11:04:38.772,hostnode,sn,user-memcached-8cc658895-bj2wf,fc7fd578-af0d-4bb8-9e88-5d60e166f1d4,4294975541,0.04,0.0082,,,0.0160,5,0,0.00,0,0.00,0,0.000884,0.000000
node,2026-03-02 11:04:39.772,hostnode,,,,,243.88,0.0105,0.0150,0.0150,1.9230,23235,4,6.90,27,5.13,202,16.253870,0.141794
pod,2026-03-02 11:04:39.772,hostnode,sa,feedback-inference-4-bcdcc4954-nscth,0150e3da-bbb2-44fc-98a6-deb41f36babb,4294975919,0.11,0.0080,,,0.0180,14,0,0.00,0,0.00,0,0.009942,0.000000
pod,2026-03-02 11:04:39.772,hostnode,sn,user-timeline-redis-666c98cb6-2pp72,02f33c1a-7b7d-4b1d-affc-3d48159aa4e1,4294975499,0.09,0.0094,,,0.0240,10,0,0.00,0,0.00,0,0.006626,0.000000
pod,2026-03-02 11:04:39.772,hostnode,hn,recommendation-6fd4576595-qzp7p,03b217b1-3eb0-43df-82d5-903db410307f,4294976759,0.11,0.0107,,,0.0160,10,0,0.00,0,0.00,0,0.002178,0.000000
pod,2026-03-02 11:04:39.772,hostnode,hn,memcached-profile-66685f65f-6q9lm,05600750-6235-4cea-a85f-768f670b18ee,4294976129,0.06,0.0122,,,0.0210,5,0,0.00,0,0.00,0,0.001495,0.000000
pod,2026-03-02 11:04:39.772,hostnode,default,fuzzy-proof-4,09dd6cba-ae69-4561-9fcc-a8fbc26b78fc,4294976885,0.00,0.0000,,,0.0000,0,0,0.00,0,0.00,0,0.000000,0.000000
pod,2026-03-02 11:04:39.772,hostnode,hn,reservation-7b7956cd6b-w78wd,0bcb305f-c199-4f79-8255-5bfd30011440,4294976591,0.29,0.0089,,,0.0190,32,0,0.00,0,0.18,3,0.009742,0.000000
pod,2026-03-02 11:04:39.772,hostnode,sn,user-mongodb-dcb5fbc96-p8vbh,0f8edb85-6f09-4967-834b-c4e29026ce53,4294975247,3.91,0.0245,,,1.6840,160,0,0.00,0,0.10,2,0.057325,0.000000
pod,2026-03-02 11:04:39.772,hostnode,sa,feedback-inference-3-bbfcf6979-nc9n2,11c2484c-ee59-4cf1-b235-e5f0bea30e4b,4294975877,0.10,0.0069,,,0.0190,14,0,0.00,0,0.00,0,0.008707,0.000000
pod,2026-03-02 11:04:39.772,hostnode,default,consul-5f547dd555-5fphc,138143ae-daea-4128-92ae-7c247466d7d4,4294975961,4.15,0.0109,,,0.4650,381,0,0.00,0,0.00,0,0.083863,0.000000
pod,2026-03-02 11:04:39.772,hostnode,sn,social-graph-redis-545664784f-hj79p,13e148d0-b339-49ee-b0ce-b37559cd27c6,4294974447,0.09,0.0085,,,0.0240,10,0,0.00,0,0.00,0,0.006051,0.000000
pod,2026-03-02 11:04:39.772,hostnode,hn,mongodb-recommendation-98859d4d7-z5qfb,1514f4ec-f718-4bec-a3e8-bea39d0fedd1,4294976675,0.34,0.0080,,,0.0270,43,0,0.00,0,0.00,0,0.025915,0.000000
pod,2026-03-02 11:04:39.772,hostnode,ksense,ksense-5rfvq,1893397c-8b62-4aea-8a5e-d5c5032d91f8,4294989630,0.33,0.0093,,,0.0430,36,0,0.00,0,0.00,0,7.951430,0.000000
pod,2026-03-02 11:04:39.772,hostnode,sn,social-graph-mongodb-6bf674bf9-vq4jm,1c0ce9e4-e1fb-455a-976e-11005acce9d0,4294974953,2.30,0.0144,,,1.1030,160,0,0.00,0,0.10,2,0.060990,0.000000
pod,2026-03-02 11:04:39.772,hostnode,hn,jaeger-b49ccf55-rbg7n,1e3eeb12-a307-41de-92ee-7ec930767d58,4294976381,0.03,0.0103,,,0.0150,3,0,0.00,0,0.00,0,0.000647,0.000000
pod,2026-03-02 11:04:39.772,hostnode,kube-system,calico-kube-controllers-5b9b456c66-qz22s,247149cd-61e5-4048-a7ef-75de96589398,4294974080,0.00,0.0000,,,0.0000,0,0,0.00,0,0.00,0,0.000000,0.000000
pod,2026-03-02 11:04:39.772,hostnode,hn,mongodb-user-86f7788f59-vwx8w,24987f22-ac3e-4037-b7e4-674696f71bfe,4294976843,0.41,0.0089,,,0.0240,46,0,0.00,0,0.05,1,0.027808,0.000000
pod,2026-03-02 11:04:39.772,hostnode,sn,nginx-thrift-7f6f5d6b69-74vws,2d8ff9cc-73b2-47da-b0da-657ba9857d06,4294975289,0.00,0.0000,,,0.0000,0,0,0.00,0,0.00,0,0.001349,0.000000
pod,2026-03-02 11:04:39.772,hostnode,hn,memcached-reserve-66b4d9f986-twx7c,2e8cef70-b460-406c-822d-006e7c0c71a4,4294976171,0.05,0.0085,,,0.0170,6,0,0.00,0,0.00,0,0.001803,0.000000
pod,2026-03-02 11:04:39.772,hostnode,monitoring,monitoring-prometheus-node-exporter-679rr,309bc67f-0f97-4902-8e57-5f369481d878,4295080229,0.00,0.0000,,,0.0000,0,0,0.00,0,0.00,0,0.000000,0.000000
pod,2026-03-02 11:04:39.772,hostnode,hn,geo-75469c5bc9-b6l8f,4615d84f-8e28-403b-af02-b8c6c579361d,4294976003,0.17,0.0048,,,0.0150,36,0,0.00,0,0.00,0,0.004417,0.000000
pod,2026-03-02 11:04:39.772,hostnode,hn,mongodb-reservation-8566bbcb4f-rmkm5,5557386c-9898-4425-8979-6492e67868ee,4294976549,1.48,0.0400,,,1.1180,37,0,0.00,0,0.03,1,0.029006,0.000000
pod,2026-03-02 11:04:39.772,hostnode,sn,social-graph-service-6b48d496c6-flfvk,56f4636a-d485-4728-9bb6-0e7977b14a71,4294974995,0.04,0.0105,,,0.0180,4,0,0.00,0,0.07,2,0.002511,0.000000
pod,2026-03-02 11:04:39.772,hostnode,ksense,fuzzy-scheduler-55c7fbbd75-xnggn,58bdb2da-a465-4653-b30a-5f823bd79594,4295063948,0.45,0.0102,,,0.0380,44,0,0.00,0,0.00,0,0.010963,0.000000
pod,2026-03-02 11:04:39.772,hostnode,sn,user-mention-service-77b4dc8db6-qqb2p,5da702aa-5da1-48a1-a861-a28a962145a8,4294975121,0.00,0.0000,,,0.0000,0,0,0.00,0,0.00,0,0.000000,0.000000
pod,2026-03-02 11:04:39.772,hostnode,sa,feedback-inference-2-867b854976-qrcmg,63ea3062-c44d-4786-b84c-d210df45b2f8,4294975793,0.15,0.0105,,,0.0190,14,0,0.00,0,0.00,0,0.010848,0.000000
pod,2026-03-02 11:04:39.772,hostnode,hn,mongodb-rate-78677645d4-4v2h5,66c8e931-7fa3-448a-8822-0b2db155e788,4294976633,0.39,0.0085,,,0.0200,46,0,0.00,0,0.05,1,0.026482,0.000000
pod,2026-03-02 11:04:39.772,hostnode,sa,feedback-inference-1-6b858c77b9-99c4j,6a98d5b2-6ae0-4348-ba84-d32a8010d14b,4294975625,0.15,0.0107,,,0.0500,14,0,0.00,0,0.00,0,0.009263,0.000000
pod,2026-03-02 11:04:39.772,hostnode,sn,media-frontend-6bd9df9d6d-5vf4w,6be52f8a-5cf7-4c4d-a9cf-b851c52694e7,4294975077,0.00,0.0000,,,0.0000,0,0,0.00,0,0.00,0,0.000000,0.000000
pod,2026-03-02 11:04:39.772,hostnode,sn,media-memcached-657c8b4cdf-4cc9x,6d187294-14f3-4f11-b66b-6f178abedac4,4294974743,0.03,0.0054,,,0.0080,5,0,0.00,0,0.00,0,0.000720,0.000000
pod,2026-03-02 11:04:39.772,hostnode,monitoring,alertmanager-monitoring-kube-prometheus-alertmanager-0,70957292-81e5-4ffe-b8ad-b44e4de4b326,4295080817,0.36,0.0080,,,0.0230,45,0,0.00,0,0.06,2,0.032768,0.000000
pod,2026-03-02 11:04:39.772,hostnode,sn,media-service-68f5f7ccbf-ks945,76c3a8df-aede-4a5f-b8bd-e74ce509a7e6,4294975331,0.00,0.0000,,,0.0000,0,0,0.00,0,0.00,0,0.000000,0.000000
pod,2026-03-02 11:04:39.772,hostnode,sn,home-timeline-redis-698c8bc65d-4c45h,79688f0b-7ab6-4f35-8438-aec8c8300d03,4294974827,0.07,0.0068,,,0.0100,10,0,0.00,0,0.00,0,0.008373,0.000000
pod,2026-03-02 11:04:39.772,hostnode,sa,feedback-inference-7-8f6cf7999-f5qn4,7aa819af-f314-4532-a0f4-c5e2a11fc6ef,4294975835,0.12,0.0083,,,0.0150,15,0,0.00,0,0.00,0,0.010310,0.000000
pod,2026-03-02 11:04:39.772,hostnode,monitoring,monitoring-grafana-67776b6b66-sxl62,7bda2edc-62de-4b78-aa7c-8a99331d9370,4295080355,2.66,0.0082,,,0.0670,324,0,1.64,4,0.00,0,0.149387,0.012821
pod,2026-03-02 11:04:39.772,hostnode,default,feedback-inference-5c9b57cc5f-mpxx5,7d6b10a5-b07a-4b60-8c9d-7d0462b491f0,4294975709,0.10,0.0068,,,0.0120,15,0,0.00,0,0.00,0,0.012645,0.000000
pod,2026-03-02 11:04:39.772,hostnode,kube-system,selling-resource-scheduler-7cc89db49c-ns9jm,894845d8-cc58-483b-bbf2-260807dd8e81,4294974127,0.00,0.0000,,,0.0000,0,0,0.00,0,0.00,0,0.000000,0.000000
pod,2026-03-02 11:04:39.772,hostnode,sa,feedback-inference-5-596d5b64b9-sw9t7,898a0bea-057b-41e9-bedf-78eae2237e12,4294975667,0.08,0.0058,,,0.0110,14,0,0.00,0,0.00,0,0.011871,0.000000
pod,2026-03-02 11:04:39.772,hostnode,default,fuzzy-proof-1,8adacebd-6468-43f9-bad1-e7258d23d25b,4294977053,0.00,0.0000,,,0.0000,0,0,0.00,0,0.00,0,0.000000,0.000000
pod,2026-03-02 11:04:39.772,hostnode,hn,mongodb-profile-57b898f69-869rl,8c3bade4-b9e1-44f3-bdaa-e8f9a77e60b6,4294976339,0.31,0.0079,,,0.0250,39,0,0.00,0,0.00,0,0.021285,0.000000
pod,2026-03-02 11:04:39.772,hostnode,hn,mongodb-geo-5cf4479bd9-4tflp,8c63a64e-3582-4fa5-a1a2-9d52222005c7,4294976213,1.41,0.0371,,,0.8700,38,0,0.00,0,0.00,0,0.022246,0.000000
pod,2026-03-02 11:04:39.772,hostnode,kube-system,metrics-server-7fbfbcc44c-57twc,8e0cbdb2-8b37-43d7-bd2e-e7bc88f71486,4294974340,2.38,0.0170,,,1.1760,140,0,0.00,0,0.17,6,0.035950,0.000000
pod,2026-03-02 11:04:39.772,hostnode,default,fuzzy-proof-5,95708664-be88-4490-ba1e-7092ec6ba570,4294977011,0.00,0.0000,,,0.0000,0,0,0.00,0,0.00,0,0.000000,0.000000
pod,2026-03-02 11:04:39.772,hostnode,kube-system,coredns-5ddd84546d-cscpm,957aa029-5b70-4fcf-bf3e-194e127920be,4294974221,0.39,0.0071,,,0.0190,55,0,0.00,0,0.15,9,0.014199,0.000000
pod,2026-03-02 11:04:39.772,hostnode,sn,url-shorten-service-5576f95bc-dlkwp,970ae5df-45da-47b3-9c77-f2aaf6297dd0,4294975415,0.06,0.0150,,,0.0190,4,0,0.00,0,0.08,2,0.003775,0.000000
pod,2026-03-02 11:04:39.772,hostnode,default,fuzzy-proof-3,9bb793d0-cf0f-4e92-ab39-a1f6b2a25f81,4294976927,0.00,0.0000,,,0.0000,0,0,0.00,0,0.00,0,0.000000,0.000000
pod,2026-03-02 11:04:39.772,hostnode,ksense,collector-name-sample,9f3d30b5-8cbf-41cc-bc8d-b5d893e029dc,4295117360,0.07,0.0325,,,0.0540,2,0,0.00,0,0.00,0,1.859067,0.000000
pod,2026-03-02 11:04:39.772,hostnode,sn,user-timeline-mongodb-76c59d86fb-f292x,a152d98d-6f60-4ea7-a931-fad144116366,4294975373,1.99,0.0124,,,0.8350,161,0,0.00,0,0.10,2,0.059213,0.000000
pod,2026-03-02 11:04:39.772,hostnode,hn,search-6dfc557989-qjbl9,a1b75670-727f-4e89-92df-b40d967893d6,4294976423,0.06,0.0128,,,0.0150,5,0,0.00,0,0.00,0,0.001349,0.000000
pod,2026-03-02 11:04:39.772,hostnode,local-path-storage,local-path-provisioner-7dd969c95d-74d4t,a6ae812c-2f36-4242-951e-7c510528abdf,4294974169,0.00,0.0000,,,0.0000,0,0,0.00,0,0.00,0,0.000000,0.000000
pod,2026-03-02 11:04:39.772,hostnode,sn,url-shorten-mongodb-5b844598c6-fp9c7,a8cd873b-f644-410c-84de-9107a29e8a95,4294975163,2.67,0.0162,,,1.2390,165,0,0.00,0,0.10,2,0.066153,0.000000
pod,2026-03-02 11:04:39.772,hostnode,default,fuzzy-proof-2,aaae8af9-ce6d-4315-8571-0b20fd1508a3,4294976969,0.00,0.0000,,,0.0000,0,0,0.00,0,0.00,0,0.000000,0.000000
pod,2026-03-02 11:04:39.772,hostnode,monitoring,monitoring-kube-state-metrics-76b67dc76d-8q9gk,ad30444e-ccf1-472e-bbdf-808e7e5136d7,4295080271,0.25,0.0415,,,0.0830,6,0,0.00,0,0.00,0,0.002111,0.000000
pod,2026-03-02 11:04:39.772,hostnode,hn,rate-846d5c7957-7h6m6,ba1cc2cd-8a02-4c6c-bbdb-e783523c7a7d,4294976717,0.18,0.0080,,,0.0240,23,0,0.00,0,0.00,0,0.003842,0.000000
pod,2026-03-02 11:04:39.772,hostnode,sn,jaeger-5b7d8bb6fb-z8cnp,bb2cfec0-cd8a-4f5f-ad4d-eeeba610930f,4294974617,0.05,0.0094,,,0.0160,5,0,0.00,0,0.00,0,0.001137,0.000000
pod,2026-03-02 11:04:39.772,hostnode,sn,user-service-76d887dc94-bgj68,bf074cdf-70ff-4a02-abb0-d6d0be29abe2,4294974869,0.04,0.0092,,,0.0150,4,0,0.00,0,0.09,2,0.003273,0.000000
pod,2026-03-02 11:04:39.772,hostnode,hn,user-6c488f4d-hjphk,bf3df9a5-b422-4af5-864a-d651de48d26f,4294976801,0.58,0.0066,,,0.0210,87,0,0.00,0,0.20,3,0.015862,0.000000
pod,2026-03-02 11:04:39.772,hostnode,hn,frontend-74b855d7b8-7fbgr,c30245d8-5651-4f6b-a7d9-1712bf6e4e88,4294976045,0.12,0.0103,,,0.0180,12,0,0.00,0,0.18,2,0.006153,0.000000
pod,2026-03-02 11:04:39.772,hostnode,sn,text-service-66d6fd5c8b-v9k4t,c310a012-592c-495e-90f2-168aa1cee704,4294975205,0.00,0.0000,,,0.0000,0,0,0.00,0,0.00,0,0.000000,0.000000
pod,2026-03-02 11:04:39.772,hostnode,hn,profile-54f6c7d985-v5ghx,c57a536e-ce39-4941-aff4-622d8fe82651,4294976297,0.14,0.0071,,,0.0170,19,0,0.00,0,0.00,0,0.002384,0.000000
pod,2026-03-02 11:04:39.772,hostnode,sn,url-shorten-memcached-844b6d854f-f5m7l,d48a2e27-ce92-48da-9b79-fed0072b5dbf,4294974533,0.03,0.0062,,,0.0080,5,0,0.00,0,0.00,0,0.000720,0.000000
pod,2026-03-02 11:04:39.772,hostnode,monitoring,prometheus-monitoring-kube-prometheus-prometheus-0,d5eed4b3-8e52-4dc1-9c6e-da95a7b40277,4295080859,1.51,0.0078,,,0.1290,194,0,0.00,0,0.24,5,0.161047,0.000000
pod,2026-03-02 11:04:39.772,hostnode,sn,compose-post-service-5b5b7d59cc-4zs9g,d712ed1f-7a93-410f-82a6-ef80735a231c,4294974491,0.01,0.0080,,,0.0080,1,0,0.00,0,0.00,0,0.000236,0.000000
pod,2026-03-02 11:04:39.772,hostnode,sn,home-timeline-service-ff4b9db4f-vdjm5,da072777-52fd-4834-9c10-0ee0f82da1c9,4294974701,0.01,0.0140,,,0.0140,1,0,0.00,0,0.00,0,0.000254,0.000000
pod,2026-03-02 11:04:39.772,hostnode,sn,user-timeline-service-5454759db5-vnwvl,dc0f2321-e793-49e9-9ee1-937c87155298,4294974659,0.04,0.0103,,,0.0190,4,0,0.00,0,0.07,2,0.002613,0.000000
pod,2026-03-02 11:04:39.772,hostnode,kube-system,kube-proxy-49fw8,dc101e1d-3f1f-410b-b83e-ee7fac561bac,4294973996,0.00,0.0000,,,0.0000,0,0,0.00,0,0.00,0,0.000000,0.000000
pod,2026-03-02 11:04:39.772,hostnode,kube-system,calico-node-87zh8,dcafcb5d-4d9d-4a0a-a50e-9b777755abe1,4294974038,8.55,0.0133,,,0.9830,642,0,0.00,0,0.00,0,0.490014,0.021234
pod,2026-03-02 11:04:39.772,hostnode,sn,post-storage-service-588b9754bb-cr94b,df7754d7-8bc5-4bec-8298-6777d24ad6ed,4294974911,0.07,0.0177,,,0.0230,4,0,0.00,0,0.11,2,0.003944,0.000000
pod,2026-03-02 11:04:39.772,hostnode,sn,media-mongodb-d697b6485-hzsvf,e142aae7-6ba9-48d3-b5bf-9d819ce77fac,4294974575,1.18,0.0071,,,0.0250,166,0,0.00,0,0.00,0,0.053026,0.001809
pod,2026-03-02 11:04:39.772,hostnode,sa,feedback-inference-6-6649d68c48-8w8x2,e2decc3f-3382-4912-8838-e68559a26a98,4294975751,0.13,0.0090,,,0.0190,14,0,0.00,0,0.00,0,0.011531,0.000000
pod,2026-03-02 11:04:39.772,hostnode,monitoring,prometheus-monitoring-kube-prometheus-prometheus-1,e702e69f-594f-4926-a262-6e6c1f000dcd,4295081642,0.83,0.0071,,,0.0230,118,0,0.00,0,0.17,3,0.137264,0.000000
pod,2026-03-02 11:04:39.772,hostnode,hn,consul-5f547dd555-vbfn4,ed5acd96-1b5b-4f18-8762-f8b4a711aa55,4294976255,3.18,0.0084,,,0.0410,380,0,0.00,0,0.00,0,0.088279,0.000000
pod,2026-03-02 11:04:39.772,hostnode,sn,post-storage-mongodb-5bb6bd964c-qrnwb,ed9d9c33-6043-4865-9dbb-2ba38d33338a,4294975457,3.26,0.0198,,,1.9230,165,0,0.00,0,0.09,2,0.064448,0.000000
pod,2026-03-02 11:04:39.772,hostnode,hn,memcached-rate-6b6b8fc64b-j4mtd,f33aa9b9-0098-4bab-af1f-d9f4580bdcca,4294976087,0.03,0.0054,,,0.0070,5,0,0.00,0,0.00,0,0.001639,0.000000
pod,2026-03-02 11:04:39.772,hostnode,sn,unique-id-service-c5567d7f5-98pmc,f5e5cd76-4c56-44db-b87d-8c5f1188c68e,4294974785,0.00,0.0000,,,0.0000,0,0,0.00,0,0.00,0,0.000000,0.000000
pod,2026-03-02 11:04:39.772,hostnode,sn,post-storage-memcached-58c9f787f-454vt,f76ac518-c32c-48c1-a2c6-1dcb17dbcbef,4294975583,0.02,0.0080,,,0.0110,3,0,0.00,0,0.00,0,0.000551,0.000000
pod,2026-03-02 11:04:39.772,hostnode,monitoring,monitoring-kube-prometheus-operator-fbbbd799-pcnxn,f8959bf3-7786-4a44-945d-eff1c489992a,4295080313,0.49,0.0070,,,0.0160,70,0,0.00,0,0.00,0,0.013043,0.000000
pod,2026-03-02 11:04:39.772,hostnode,kube-system,coredns-5ddd84546d-vpwgd,fa8a2c26-1ab8-41c4-8317-ac2e6d17ed89,4294974278,0.66,0.0111,,,0.0730,59,0,0.00,0,0.21,9,0.015953,0.000000
pod,2026-03-02 11:04:39.772,hostnode,sn,user-memcached-8cc658895-bj2wf,fc7fd578-af0d-4bb8-9e88-5d60e166f1d4,4294975541,0.03,0.0087,,,0.0100,3,0,0.00,0,0.00,0,0.000569,0.000000
node,2026-03-02 11:04:40.771,hostnode,,,,,290.98,0.0145,0.0150,0.0150,5.1540,20048,1,6.16,48,6.16,408,16.744186,0.343831
pod,2026-03-02 11:04:40.771,hostnode,sa,feedback-inference-4-bcdcc4954-nscth,0150e3da-bbb2-44fc-98a6-deb41f36babb,4294975919,0.10,0.0074,,,0.0090,14,0,0.00,0,0.00,0,0.011298,0.000000
pod,2026-03-02 11:04:40.771,hostnode,sn,user-timeline-redis-666c98cb6-2pp72,02f33c1a-7b7d-4b1d-affc-3d48159aa4e1,4294975499,0.07,0.0070,,,0.0110,10,0,0.00,0,0.00,0,0.006267,0.000000
pod,2026-03-02 11:04:40.771,hostnode,hn,recommendation-6fd4576595-qzp7p,03b217b1-3eb0-43df-82d5-903db410307f,4294976759,6.24,0.2230,,,4.8410,28,0,0.00,0,0.22,3,0.018373,0.000000
pod,2026-03-02 11:04:40.771,hostnode,hn,memcached-profile-66685f65f-6q9lm,05600750-6235-4cea-a85f-768f670b18ee,4294976129,0.04,0.0070,,,0.0130,6,0,0.00,0,0.00,0,0.001539,0.000000
pod,2026-03-02 11:04:40.771,hostnode,default,fuzzy-proof-4,09dd6cba-ae69-4561-9fcc-a8fbc26b78fc,4294976885,0.00,0.0000,,,0.0000,0,0,0.00,0,0.00,0,0.000000,0.000000
pod,2026-03-02 11:04:40.771,hostnode,hn,reservation-7b7956cd6b-w78wd,0bcb305f-c199-4f79-8255-5bfd30011440,4294976591,0.14,0.0085,,,0.0160,17,0,0.00,0,0.00,0,0.005424,0.000000
pod,2026-03-02 11:04:40.771,hostnode,sn,user-mongodb-dcb5fbc96-p8vbh,0f8edb85-6f09-4967-834b-c4e29026ce53,4294975247,1.26,0.0078,,,0.0680,162,0,0.00,0,0.09,2,0.046875,0.000000
pod,2026-03-02 11:04:40.771,hostnode,sa,feedback-inference-3-bbfcf6979-nc9n2,11c2484c-ee59-4cf1-b235-e5f0bea30e4b,4294975877,0.10,0.0071,,,0.0150,14,0,0.00,0,0.00,0,0.009883,0.000000
pod,2026-03-02 11:04:40.771,hostnode,default,consul-5f547dd555-5fphc,138143ae-daea-4128-92ae-7c247466d7d4,4294975961,4.74,0.0117,,,1.1380,406,0,0.00,0,0.03,5,0.098525,0.000000
pod,2026-03-02 11:04:40.771,hostnode,sn,social-graph-redis-545664784f-hj79p,13e148d0-b339-49ee-b0ce-b37559cd27c6,4294974447,3.04,0.3039,,,2.9860,10,0,0.00,0,0.00,0,0.008086,0.000000
pod,2026-03-02 11:04:40.771,hostnode,hn,mongodb-recommendation-98859d4d7-z5qfb,1514f4ec-f718-4bec-a3e8-bea39d0fedd1,4294976675,0.42,0.0101,,,0.0420,42,0,0.00,0,0.03,1,0.013735,0.000000
pod,2026-03-02 11:04:40.771,hostnode,ksense,ksense-5rfvq,1893397c-8b62-4aea-8a5e-d5c5032d91f8,4294989630,0.43,0.0100,,,0.0250,43,0,0.14,1,0.00,0,7.707988,0.000000
pod,2026-03-02 11:04:40.771,hostnode,sn,social-graph-mongodb-6bf674bf9-vq4jm,1c0ce9e4-e1fb-455a-976e-11005acce9d0,4294974953,2.72,0.0168,,,1.4080,162,0,0.00,0,0.11,2,0.048716,0.000000
pod,2026-03-02 11:04:40.771,hostnode,hn,jaeger-b49ccf55-rbg7n,1e3eeb12-a307-41de-92ee-7ec930767d58,4294976381,0.04,0.0095,,,0.0150,4,0,0.00,0,0.00,0,0.001336,0.000000
pod,2026-03-02 11:04:40.771,hostnode,kube-system,calico-kube-controllers-5b9b456c66-qz22s,247149cd-61e5-4048-a7ef-75de96589398,4294974080,0.34,0.0077,,,0.0240,44,0,0.00,0,0.06,2,0.018877,0.000000
pod,2026-03-02 11:04:40.771,hostnode,hn,mongodb-user-86f7788f59-vwx8w,24987f22-ac3e-4037-b7e4-674696f71bfe,4294976843,0.30,0.0092,,,0.0290,33,0,0.00,0,0.00,0,0.009893,0.000000
pod,2026-03-02 11:04:40.771,hostnode,sn,nginx-thrift-7f6f5d6b69-74vws,2d8ff9cc-73b2-47da-b0da-657ba9857d06,4294975289,0.09,0.0072,,,0.0150,13,0,0.00,0,0.00,0,0.001437,0.000000
pod,2026-03-02 11:04:40.771,hostnode,hn,memcached-reserve-66b4d9f986-twx7c,2e8cef70-b460-406c-822d-006e7c0c71a4,4294976171,0.04,0.0072,,,0.0110,6,0,0.00,0,0.00,0,0.000483,0.000000
pod,2026-03-02 11:04:40.771,hostnode,monitoring,monitoring-prometheus-node-exporter-679rr,309bc67f-0f97-4902-8e57-5f369481d878,4295080229,0.00,0.0000,,,0.0000,0,0,0.00,0,0.00,0,0.000000,0.000000
pod,2026-03-02 11:04:40.771,hostnode,hn,geo-75469c5bc9-b6l8f,4615d84f-8e28-403b-af02-b8c6c579361d,4294976003,0.16,0.0063,,,0.0210,26,0,0.00,0,0.00,0,0.000808,0.000000
pod,2026-03-02 11:04:40.771,hostnode,hn,mongodb-reservation-8566bbcb4f-rmkm5,5557386c-9898-4425-8979-6492e67868ee,4294976549,0.38,0.0091,,,0.0230,42,0,0.00,0,0.04,1,0.014126,0.000000
pod,2026-03-02 11:04:40.771,hostnode,sn,social-graph-service-6b48d496c6-flfvk,56f4636a-d485-4728-9bb6-0e7977b14a71,4294974995,0.06,0.0112,,,0.0150,5,0,0.00,0,0.09,2,0.005828,0.000000
pod,2026-03-02 11:04:40.771,hostnode,ksense,fuzzy-scheduler-55c7fbbd75-xnggn,58bdb2da-a465-4653-b30a-5f823bd79594,4295063948,0.42,0.0096,,,0.0320,44,0,0.00,0,0.00,0,0.012531,0.000000
pod,2026-03-02 11:04:40.771,hostnode,sn,user-mention-service-77b4dc8db6-qqb2p,5da702aa-5da1-48a1-a861-a28a962145a8,4294975121,0.00,0.0000,,,0.0000,0,0,0.00,0,0.00,0,0.000000,0.000000
pod,2026-03-02 11:04:40.771,hostnode,sa,feedback-inference-2-867b854976-qrcmg,63ea3062-c44d-4786-b84c-d210df45b2f8,4294975793,0.13,0.0096,,,0.0210,14,0,0.00,0,0.00,0,0.008017,0.000000
pod,2026-03-02 11:04:40.771,hostnode,hn,mongodb-rate-78677645d4-4v2h5,66c8e931-7fa3-448a-8822-0b2db155e788,4294976633,1.56,0.0472,,,1.2960,33,0,0.00,0,0.00,0,0.010825,0.000000
pod,2026-03-02 11:04:40.771,hostnode,sa,feedback-inference-1-6b858c77b9-99c4j,6a98d5b2-6ae0-4348-ba84-d32a8010d14b,4294975625,0.10,0.0069,,,0.0120,14,0,0.00,0,0.00,0,0.009892,0.000000
pod,2026-03-02 11:04:40.771,hostnode,sn,media-frontend-6bd9df9d6d-5vf4w,6be52f8a-5cf7-4c4d-a9cf-b851c52694e7,4294975077,0.00,0.0000,,,0.0000,0,0,0.00,0,0.00,0,0.000000,0.000000
pod,2026-03-02 11:04:40.771,hostnode,sn,media-memcached-657c8b4cdf-4cc9x,6d187294-14f3-4f11-b66b-6f178abedac4,4294974743,0.05,0.0098,,,0.0200,5,0,0.00,0,0.00,0,0.001841,0.000000
pod,2026-03-02 11:04:40.771,hostnode,monitoring,alertmanager-monitoring-kube-prometheus-alertmanager-0,70957292-81e5-4ffe-b8ad-b44e4de4b326,4295080817,0.88,0.0077,,,0.0300,114,0,0.00,0,0.10,3,0.111201,0.000000
pod,2026-03-02 11:04:40.771,hostnode,sn,media-service-68f5f7ccbf-ks945,76c3a8df-aede-4a5f-b8bd-e74ce509a7e6,4294975331,0.00,0.0000,,,0.0000,0,0,0.00,0,0.00,0,0.000000,0.000000
pod,2026-03-02 11:04:40.771,hostnode,sn,home-timeline-redis-698c8bc65d-4c45h,79688f0b-7ab6-4f35-8438-aec8c8300d03,4294974827,0.09,0.0092,,,0.0130,10,0,0.00,0,0.00,0,0.007736,0.000000
pod,2026-03-02 11:04:40.771,hostnode,sa,feedback-inference-7-8f6cf7999-f5qn4,7aa819af-f314-4532-a0f4-c5e2a11fc6ef,4294975835,0.10,0.0073,,,0.0100,14,0,0.00,0,0.00,0,0.007994,0.000000
pod,2026-03-02 11:04:40.771,hostnode,monitoring,monitoring-grafana-67776b6b66-sxl62,7bda2edc-62de-4b78-aa7c-8a99331d9370,4295080355,2.12,0.0161,,,0.8490,132,0,0.00,0,0.00,0,0.035547,0.000000
pod,2026-03-02 11:04:40.771,hostnode,default,feedback-inference-5c9b57cc5f-mpxx5,7d6b10a5-b07a-4b60-8c9d-7d0462b491f0,4294975709,0.11,0.0078,,,0.0120,14,0,0.00,0,0.00,0,0.010431,0.000000
pod,2026-03-02 11:04:40.771,hostnode,kube-system,selling-resource-scheduler-7cc89db49c-ns9jm,894845d8-cc58-483b-bbf2-260807dd8e81,4294974127,0.00,0.0000,,,0.0000,0,0,0.00,0,0.00,0,0.000000,0.000000
pod,2026-03-02 11:04:40.771,hostnode,sa,feedback-inference-5-596d5b64b9-sw9t7,898a0bea-057b-41e9-bedf-78eae2237e12,4294975667,0.12,0.0088,,,0.0210,14,0,0.00,0,0.00,0,0.010060,0.000000
pod,2026-03-02 11:04:40.771,hostnode,default,fuzzy-proof-1,8adacebd-6468-43f9-bad1-e7258d23d25b,4294977053,0.00,0.0000,,,0.0000,0,0,0.00,0,0.00,0,0.000000,0.000000
pod,2026-03-02 11:04:40.771,hostnode,hn,mongodb-profile-57b898f69-869rl,8c3bade4-b9e1-44f3-bdaa-e8f9a77e60b6,4294976339,2.48,0.0752,,,2.2360,33,0,0.00,0,0.00,0,0.011149,0.000000
pod,2026-03-02 11:04:40.771,hostnode,hn,mongodb-geo-5cf4479bd9-4tflp,8c63a64e-3582-4fa5-a1a2-9d52222005c7,4294976213,1.77,0.0537,,,1.4880,33,0,0.00,0,0.00,0,0.011620,0.000000
pod,2026-03-02 11:04:40.771,hostnode,kube-system,metrics-server-7fbfbcc44c-57twc,8e0cbdb2-8b37-43d7-bd2e-e7bc88f71486,4294974340,1.24,0.0230,,,0.8300,54,0,0.00,0,0.00,0,0.015403,0.000000
pod,2026-03-02 11:04:40.771,hostnode,default,fuzzy-proof-5,95708664-be88-4490-ba1e-7092ec6ba570,4294977011,0.00,0.0000,,,0.0000,0,0,0.00,0,0.00,0,0.000000,0.000000
pod,2026-03-02 11:04:40.771,hostnode,kube-system,coredns-5ddd84546d-cscpm,957aa029-5b70-4fcf-bf3e-194e127920be,4294974221,0.27,0.0069,,,0.0140,39,0,0.02,1,0.14,7,0.020107,0.000000
pod,2026-03-02 11:04:40.771,hostnode,sn,url-shorten-service-5576f95bc-dlkwp,970ae5df-45da-47b3-9c77-f2aaf6297dd0,4294975415,0.07,0.0168,,,0.0260,4,0,0.00,0,0.12,2,0.006365,0.000000
pod,2026-03-02 11:04:40.771,hostnode,default,fuzzy-proof-3,9bb793d0-cf0f-4e92-ab39-a1f6b2a25f81,4294976927,0.00,0.0000,,,0.0000,0,0,0.00,0,0.00,0,0.000000,0.000000
pod,2026-03-02 11:04:40.771,hostnode,ksense,collector-name-sample,9f3d30b5-8cbf-41cc-bc8d-b5d893e029dc,4295117360,0.30,0.0175,,,0.0570,17,0,0.00,0,0.26,24,0.139919,0.000000
pod,2026-03-02 11:04:40.771,hostnode,sn,user-timeline-mongodb-76c59d86fb-f292x,a152d98d-6f60-4ea7-a931-fad144116366,4294975373,1.55,0.0096,,,0.4240,161,0,0.00,0,0.10,2,0.042579,0.000000
pod,2026-03-02 11:04:40.771,hostnode,hn,search-6dfc557989-qjbl9,a1b75670-727f-4e89-92df-b40d967893d6,4294976423,0.04,0.0092,,,0.0130,4,0,0.00,0,0.00,0,0.001549,0.000000
pod,2026-03-02 11:04:40.771,hostnode,local-path-storage,local-path-provisioner-7dd969c95d-74d4t,a6ae812c-2f36-4242-951e-7c510528abdf,4294974169,0.00,0.0000,,,0.0000,0,0,0.00,0,0.00,0,0.000000,0.000000
pod,2026-03-02 11:04:40.771,hostnode,sn,url-shorten-mongodb-5b844598c6-fp9c7,a8cd873b-f644-410c-84de-9107a29e8a95,4294975163,3.97,0.0232,,,2.2150,171,0,0.00,0,0.12,2,0.054126,0.000000
pod,2026-03-02 11:04:40.771,hostnode,default,fuzzy-proof-2,aaae8af9-ce6d-4315-8571-0b20fd1508a3,4294976969,0.00,0.0000,,,0.0000,0,0,0.00,0,0.00,0,0.000000,0.000000
pod,2026-03-02 11:04:40.771,hostnode,monitoring,monitoring-kube-state-metrics-76b67dc76d-8q9gk,ad30444e-ccf1-472e-bbdf-808e7e5136d7,4295080271,0.27,0.0222,,,0.1320,12,0,0.00,0,0.02,1,0.008519,0.000000
pod,2026-03-02 11:04:40.771,hostnode,hn,rate-846d5c7957-7h6m6,ba1cc2cd-8a02-4c6c-bbdb-e783523c7a7d,4294976717,0.18,0.0059,,,0.0150,30,0,0.00,0,0.00,0,0.005702,0.000000
pod,2026-03-02 11:04:40.771,hostnode,sn,jaeger-5b7d8bb6fb-z8cnp,bb2cfec0-cd8a-4f5f-ad4d-eeeba610930f,4294974617,0.08,0.0101,,,0.0140,8,0,0.00,0,0.00,0,0.002818,0.000000
pod,2026-03-02 11:04:40.771,hostnode,sn,user-service-76d887dc94-bgj68,bf074cdf-70ff-4a02-abb0-d6d0be29abe2,4294974869,0.04,0.0097,,,0.0110,4,0,0.00,0,0.09,2,0.005343,0.000000
pod,2026-03-02 11:04:40.771,hostnode,hn,user-6c488f4d-hjphk,bf3df9a5-b422-4af5-864a-d651de48d26f,4294976801,0.18,0.0064,,,0.0180,28,0,0.00,0,0.00,0,0.001280,0.000000
pod,2026-03-02 11:04:40.771,hostnode,hn,frontend-74b855d7b8-7fbgr,c30245d8-5651-4f6b-a7d9-1712bf6e4e88,4294976045,0.04,0.0084,,,0.0170,5,0,0.00,0,0.00,0,0.001729,0.000000
pod,2026-03-02 11:04:40.771,hostnode,sn,text-service-66d6fd5c8b-v9k4t,c310a012-592c-495e-90f2-168aa1cee704,4294975205,0.01,0.0060,,,0.0060,1,0,0.00,0,0.00,0,0.000281,0.000000
pod,2026-03-02 11:04:40.771,hostnode,hn,profile-54f6c7d985-v5ghx,c57a536e-ce39-4941-aff4-622d8fe82651,4294976297,0.11,0.0066,,,0.0150,17,0,0.00,0,0.00,0,0.003906,0.000000
pod,2026-03-02 11:04:40.771,hostnode,sn,url-shorten-memcached-844b6d854f-f5m7l,d48a2e27-ce92-48da-9b79-fed0072b5dbf,4294974533,0.06,0.0092,,,0.0130,6,0,0.00,0,0.00,0,0.001807,0.000000
pod,2026-03-02 11:04:40.771,hostnode,monitoring,prometheus-monitoring-kube-prometheus-prometheus-0,d5eed4b3-8e52-4dc1-9c6e-da95a7b40277,4295080859,0.56,0.0094,,,0.0290,60,0,0.00,0,0.06,1,0.006533,0.000000
pod,2026-03-02 11:04:40.771,hostnode,sn,compose-post-service-5b5b7d59cc-4zs9g,d712ed1f-7a93-410f-82a6-ef80735a231c,4294974491,0.00,0.0000,,,0.0000,0,0,0.00,0,0.00,0,0.000000,0.000000
pod,2026-03-02 11:04:40.771,hostnode,sn,home-timeline-service-ff4b9db4f-vdjm5,da072777-52fd-4834-9c10-0ee0f82da1c9,4294974701,0.00,0.0000,,,0.0000,0,0,0.00,0,0.00,0,0.000000,0.000000
pod,2026-03-02 11:04:40.771,hostnode,sn,user-timeline-service-5454759db5-vnwvl,dc0f2321-e793-49e9-9ee1-937c87155298,4294974659,0.08,0.0200,,,0.0390,4,0,0.00,0,0.09,2,0.006038,0.000000
pod,2026-03-02 11:04:40.771,hostnode,kube-system,kube-proxy-49fw8,dc101e1d-3f1f-410b-b83e-ee7fac561bac,4294973996,0.22,0.0053,,,0.0140,41,0,0.00,0,0.00,0,0.005904,0.000000
pod,2026-03-02 11:04:40.771,hostnode,kube-system,calico-node-87zh8,dcafcb5d-4d9d-4a0a-a50e-9b777755abe1,4294974038,14.23,0.0274,,,5.1540,519,0,0.00,0,0.00,0,0.110095,0.000000
pod,2026-03-02 11:04:40.771,hostnode,sn,post-storage-service-588b9754bb-cr94b,df7754d7-8bc5-4bec-8298-6777d24ad6ed,4294974911,0.08,0.0156,,,0.0260,5,0,0.00,0,0.08,2,0.005859,0.000000
pod,2026-03-02 11:04:40.771,hostnode,sn,media-mongodb-d697b6485-hzsvf,e142aae7-6ba9-48d3-b5bf-9d819ce77fac,4294974575,2.40,0.0152,,,1.2580,158,0,0.00,0,0.00,0,0.042067,0.000000
pod,2026-03-02 11:04:40.771,hostnode,sa,feedback-inference-6-6649d68c48-8w8x2,e2decc3f-3382-4912-8838-e68559a26a98,4294975751,0.10,0.0069,,,0.0120,14,0,0.00,0,0.00,0,0.009551,0.000000
pod,2026-03-02 11:04:40.771,hostnode,monitoring,prometheus-monitoring-kube-prometheus-prometheus-1,e702e69f-594f-4926-a262-6e6c1f000dcd,4295081642,0.42,0.0092,,,0.0280,46,0,0.00,0,0.12,2,0.022717,0.000000
pod,2026-03-02 11:04:40.771,hostnode,hn,consul-5f547dd555-vbfn4,ed5acd96-1b5b-4f18-8762-f8b4a711aa55,4294976255,11.65,0.0301,,,4.1100,387,0,0.00,0,0.04,5,0.079645,0.000000
pod,2026-03-02 11:04:40.771,hostnode,sn,post-storage-mongodb-5bb6bd964c-qrnwb,ed9d9c33-6043-4865-9dbb-2ba38d33338a,4294975457,3.62,0.0210,,,2.1410,172,0,0.00,0,0.10,2,0.051169,0.000000
pod,2026-03-02 11:04:40.771,hostnode,hn,memcached-rate-6b6b8fc64b-j4mtd,f33aa9b9-0098-4bab-af1f-d9f4580bdcca,4294976087,0.05,0.0080,,,0.0150,6,0,0.00,0,0.00,0,0.000505,0.000000
pod,2026-03-02 11:04:40.771,hostnode,sn,unique-id-service-c5567d7f5-98pmc,f5e5cd76-4c56-44db-b87d-8c5f1188c68e,4294974785,0.00,0.0000,,,0.0000,0,0,0.00,0,0.00,0,0.000000,0.000000
pod,2026-03-02 11:04:40.771,hostnode,sn,post-storage-memcached-58c9f787f-454vt,f76ac518-c32c-48c1-a2c6-1dcb17dbcbef,4294975583,0.04,0.0086,,,0.0150,5,0,0.00,0,0.00,0,0.001538,0.000000
pod,2026-03-02 11:04:40.771,hostnode,monitoring,monitoring-kube-prometheus-operator-fbbbd799-pcnxn,f8959bf3-7786-4a44-945d-eff1c489992a,4295080313,0.38,0.0104,,,0.0360,37,0,0.00,0,0.00,0,0.006599,0.000000
pod,2026-03-02 11:04:40.771,hostnode,kube-system,coredns-5ddd84546d-vpwgd,fa8a2c26-1ab8-41c4-8317-ac2e6d17ed89,4294974278,0.27,0.0083,,,0.0230,33,0,0.00,0,0.14,7,0.018517,0.000000
pod,2026-03-02 11:04:40.771,hostnode,sn,user-memcached-8cc658895-bj2wf,fc7fd578-af0d-4bb8-9e88-5d60e166f1d4,4294975541,0.08,0.0154,,,0.0310,5,0,0.00,0,0.00,0,0.002132,0.000000
node,2026-03-02 11:04:41.772,hostnode,,,,,273.94,0.0120,0.0150,0.0150,4.0190,22779,1,0.37,12,5.49,249,14.705882,0.175543
pod,2026-03-02 11:04:41.772,hostnode,sa,feedback-inference-4-bcdcc4954-nscth,0150e3da-bbb2-44fc-98a6-deb41f36babb,4294975919,0.10,0.0069,,,0.0110,14,0,0.00,0,0.00,0,0.009845,0.000000
pod,2026-03-02 11:04:41.772,hostnode,sn,user-timeline-redis-666c98cb6-2pp72,02f33c1a-7b7d-4b1d-affc-3d48159aa4e1,4294975499,0.06,0.0061,,,0.0090,10,0,0.00,0,0.00,0,0.007030,0.000000
pod,2026-03-02 11:04:41.772,hostnode,hn,recommendation-6fd4576595-qzp7p,03b217b1-3eb0-43df-82d5-903db410307f,4294976759,0.10,0.0087,,,0.0170,11,0,0.00,0,0.00,0,0.002192,0.000000
pod,2026-03-02 11:04:41.772,hostnode,hn,memcached-profile-66685f65f-6q9lm,05600750-6235-4cea-a85f-768f670b18ee,4294976129,0.04,0.0067,,,0.0120,6,0,0.00,0,0.00,0,0.001185,0.000000
pod,2026-03-02 11:04:41.772,hostnode,default,fuzzy-proof-4,09dd6cba-ae69-4561-9fcc-a8fbc26b78fc,4294976885,0.00,0.0000,,,0.0000,0,0,0.00,0,0.00,0,0.000000,0.000000
pod,2026-03-02 11:04:41.772,hostnode,hn,reservation-7b7956cd6b-w78wd,0bcb305f-c199-4f79-8255-5bfd30011440,4294976591,0.18,0.0064,,,0.0190,28,0,0.00,0,0.00,0,0.003392,0.000000
pod,2026-03-02 11:04:41.772,hostnode,sn,user-mongodb-dcb5fbc96-p8vbh,0f8edb85-6f09-4967-834b-c4e29026ce53,4294975247,3.08,0.0188,,,1.8970,164,0,0.00,0,0.14,2,0.059412,0.000000
pod,2026-03-02 11:04:41.772,hostnode,sa,feedback-inference-3-bbfcf6979-nc9n2,11c2484c-ee59-4cf1-b235-e5f0bea30e4b,4294975877,0.11,0.0079,,,0.0130,14,0,0.00,0,0.00,0,0.010761,0.000000
pod,2026-03-02 11:04:41.772,hostnode,default,consul-5f547dd555-5fphc,138143ae-daea-4128-92ae-7c247466d7d4,4294975961,3.48,0.0093,,,0.0480,375,0,0.00,0,0.00,0,0.085634,0.000000
pod,2026-03-02 11:04:41.772,hostnode,sn,social-graph-redis-545664784f-hj79p,13e148d0-b339-49ee-b0ce-b37559cd27c6,4294974447,0.07,0.0071,,,0.0110,10,0,0.00,0,0.00,0,0.006992,0.000000
pod,2026-03-02 11:04:41.772,hostnode,hn,mongodb-recommendation-98859d4d7-z5qfb,1514f4ec-f718-4bec-a3e8-bea39d0fedd1,4294976675,0.36,0.0108,,,0.0290,33,0,0.00,0,0.00,0,0.019261,0.000000
pod,2026-03-02 11:04:41.772,hostnode,ksense,ksense-5rfvq,1893397c-8b62-4aea-8a5e-d5c5032d91f8,4294989630,1.72,0.0638,,,1.4360,27,0,0.00,0,0.00,0,7.861803,0.000000
pod,2026-03-02 11:04:41.772,hostnode,sn,social-graph-mongodb-6bf674bf9-vq4jm,1c0ce9e4-e1fb-455a-976e-11005acce9d0,4294974953,1.55,0.0092,,,0.1040,168,0,0.00,0,0.11,2,0.062630,0.000000
pod,2026-03-02 11:04:41.772,hostnode,hn,jaeger-b49ccf55-rbg7n,1e3eeb12-a307-41de-92ee-7ec930767d58,4294976381,0.02,0.0057,,,0.0080,3,0,0.00,0,0.00,0,0.000623,0.000000
pod,2026-03-02 11:04:41.772,hostnode,kube-system,calico-kube-controllers-5b9b456c66-qz22s,247149cd-61e5-4048-a7ef-75de96589398,4294974080,0.00,0.0000,,,0.0000,0,0,0.00,0,0.00,0,0.000000,0.000000
pod,2026-03-02 11:04:41.772,hostnode,hn,mongodb-user-86f7788f59-vwx8w,24987f22-ac3e-4037-b7e4-674696f71bfe,4294976843,0.34,0.0102,,,0.0360,33,0,0.00,0,0.00,0,0.040203,0.000000
pod,2026-03-02 11:04:41.772,hostnode,sn,nginx-thrift-7f6f5d6b69-74vws,2d8ff9cc-73b2-47da-b0da-657ba9857d06,4294975289,0.00,0.0000,,,0.0000,0,0,0.00,0,0.00,0,0.000000,0.000000
pod,2026-03-02 11:04:41.772,hostnode,hn,memcached-reserve-66b4d9f986-twx7c,2e8cef70-b460-406c-822d-006e7c0c71a4,4294976171,0.03,0.0093,,,0.0120,3,0,0.00,0,0.00,0,0.001015,0.000000
pod,2026-03-02 11:04:41.772,hostnode,monitoring,monitoring-prometheus-node-exporter-679rr,309bc67f-0f97-4902-8e57-5f369481d878,4295080229,0.06,0.0095,,,0.0150,6,0,0.00,0,0.04,4,0.004031,0.000000
pod,2026-03-02 11:04:41.772,hostnode,hn,geo-75469c5bc9-b6l8f,4615d84f-8e28-403b-af02-b8c6c579361d,4294976003,0.13,0.0071,,,0.0180,18,0,0.00,0,0.00,0,0.002769,0.000000
pod,2026-03-02 11:04:41.772,hostnode,hn,mongodb-reservation-8566bbcb4f-rmkm5,5557386c-9898-4425-8979-6492e67868ee,4294976549,0.34,0.0093,,,0.0230,37,0,0.00,0,0.00,0,0.021156,0.000000
pod,2026-03-02 11:04:41.772,hostnode,sn,social-graph-service-6b48d496c6-flfvk,56f4636a-d485-4728-9bb6-0e7977b14a71,4294974995,0.06,0.0152,,,0.0230,4,0,0.00,0,0.08,2,0.003862,0.000000
pod,2026-03-02 11:04:41.772,hostnode,ksense,fuzzy-scheduler-55c7fbbd75-xnggn,58bdb2da-a465-4653-b30a-5f823bd79594,4295063948,0.42,0.0084,,,0.0230,50,0,0.00,0,0.00,0,0.011593,0.000000
pod,2026-03-02 11:04:41.772,hostnode,sn,user-mention-service-77b4dc8db6-qqb2p,5da702aa-5da1-48a1-a861-a28a962145a8,4294975121,0.00,0.0000,,,0.0000,0,0,0.00,0,0.00,0,0.000000,0.000000
pod,2026-03-02 11:04:41.772,hostnode,sa,feedback-inference-2-867b854976-qrcmg,63ea3062-c44d-4786-b84c-d210df45b2f8,4294975793,0.10,0.0073,,,0.0140,14,0,0.00,0,0.00,0,0.010601,0.000000
pod,2026-03-02 11:04:41.772,hostnode,hn,mongodb-rate-78677645d4-4v2h5,66c8e931-7fa3-448a-8822-0b2db155e788,4294976633,0.33,0.0087,,,0.0280,38,0,0.00,0,0.00,0,0.042843,0.001800
pod,2026-03-02 11:04:41.772,hostnode,sa,feedback-inference-1-6b858c77b9-99c4j,6a98d5b2-6ae0-4348-ba84-d32a8010d14b,4294975625,0.15,0.0099,,,0.0230,15,0,0.00,0,0.00,0,0.011271,0.000000
pod,2026-03-02 11:04:41.772,hostnode,sn,media-frontend-6bd9df9d6d-5vf4w,6be52f8a-5cf7-4c4d-a9cf-b851c52694e7,4294975077,0.00,0.0000,,,0.0000,0,0,0.00,0,0.00,0,0.000000,0.000000
pod,2026-03-02 11:04:41.772,hostnode,sn,media-memcached-657c8b4cdf-4cc9x,6d187294-14f3-4f11-b66b-6f178abedac4,4294974743,0.07,0.0097,,,0.0190,7,0,0.00,0,0.00,0,0.001708,0.000000
pod,2026-03-02 11:04:41.772,hostnode,monitoring,alertmanager-monitoring-kube-prometheus-alertmanager-0,70957292-81e5-4ffe-b8ad-b44e4de4b326,4295080817,0.00,0.0000,,,0.0000,0,0,0.00,0,0.00,0,0.000000,0.000000
pod,2026-03-02 11:04:41.772,hostnode,sn,media-service-68f5f7ccbf-ks945,76c3a8df-aede-4a5f-b8bd-e74ce509a7e6,4294975331,0.01,0.0060,,,0.0060,1,0,0.00,0,0.00,0,0.000246,0.000000
pod,2026-03-02 11:04:41.772,hostnode,sn,home-timeline-redis-698c8bc65d-4c45h,79688f0b-7ab6-4f35-8438-aec8c8300d03,4294974827,0.08,0.0082,,,0.0160,10,0,0.00,0,0.00,0,0.007932,0.000000
pod,2026-03-02 11:04:41.772,hostnode,sa,feedback-inference-7-8f6cf7999-f5qn4,7aa819af-f314-4532-a0f4-c5e2a11fc6ef,4294975835,0.23,0.0164,,,0.1160,14,0,0.00,0,0.00,0,0.011902,0.000000
pod,2026-03-02 11:04:41.772,hostnode,monitoring,monitoring-grafana-67776b6b66-sxl62,7bda2edc-62de-4b78-aa7c-8a99331d9370,4295080355,1.75,0.0092,,,0.1780,191,0,0.00,0,0.05,4,0.047929,0.000000
pod,2026-03-02 11:04:41.772,hostnode,default,feedback-inference-5c9b57cc5f-mpxx5,7d6b10a5-b07a-4b60-8c9d-7d0462b491f0,4294975709,0.14,0.0102,,,0.0240,14,0,0.00,0,0.00,0,0.012471,0.000000
pod,2026-03-02 11:04:41.772,hostnode,kube-system,selling-resource-scheduler-7cc89db49c-ns9jm,894845d8-cc58-483b-bbf2-260807dd8e81,4294974127,0.00,0.0000,,,0.0000,0,0,0.00,0,0.00,0,0.000000,0.000000
pod,2026-03-02 11:04:41.772,hostnode,sa,feedback-inference-5-596d5b64b9-sw9t7,898a0bea-057b-41e9-bedf-78eae2237e12,4294975667,0.10,0.0075,,,0.0270,14,0,0.00,0,0.00,0,0.010071,0.000000
pod,2026-03-02 11:04:41.772,hostnode,default,fuzzy-proof-1,8adacebd-6468-43f9-bad1-e7258d23d25b,4294977053,0.00,0.0000,,,0.0000,0,0,0.00,0,0.00,0,0.000000,0.000000
pod,2026-03-02 11:04:41.772,hostnode,hn,mongodb-profile-57b898f69-869rl,8c3bade4-b9e1-44f3-bdaa-e8f9a77e60b6,4294976339,1.61,0.0473,,,1.3340,34,0,0.00,0,0.00,0,0.040021,0.000000
pod,2026-03-02 11:04:41.772,hostnode,hn,mongodb-geo-5cf4479bd9-4tflp,8c63a64e-3582-4fa5-a1a2-9d52222005c7,4294976213,2.47,0.0748,,,2.1790,33,0,0.00,0,0.00,0,0.035431,0.000000
pod,2026-03-02 11:04:41.772,hostnode,kube-system,metrics-server-7fbfbcc44c-57twc,8e0cbdb2-8b37-43d7-bd2e-e7bc88f71486,4294974340,0.50,0.0106,,,0.0270,47,0,0.00,0,0.00,0,0.012741,0.000000
pod,2026-03-02 11:04:41.772,hostnode,default,fuzzy-proof-5,95708664-be88-4490-ba1e-7092ec6ba570,4294977011,0.00,0.0000,,,0.0000,0,0,0.00,0,0.00,0,0.000000,0.000000
pod,2026-03-02 11:04:41.772,hostnode,kube-system,coredns-5ddd84546d-cscpm,957aa029-5b70-4fcf-bf3e-194e127920be,4294974221,0.24,0.0069,,,0.0190,35,0,0.00,0,0.08,6,0.009640,0.000000
pod,2026-03-02 11:04:41.772,hostnode,sn,url-shorten-service-5576f95bc-dlkwp,970ae5df-45da-47b3-9c77-f2aaf6297dd0,4294975415,0.04,0.0100,,,0.0150,4,0,0.00,0,0.07,2,0.003608,0.000000
pod,2026-03-02 11:04:41.772,hostnode,default,fuzzy-proof-3,9bb793d0-cf0f-4e92-ab39-a1f6b2a25f81,4294976927,0.00,0.0000,,,0.0000,0,0,0.00,0,0.00,0,0.000000,0.000000
pod,2026-03-02 11:04:41.772,hostnode,ksense,collector-name-sample,9f3d30b5-8cbf-41cc-bc8d-b5d893e029dc,4295117360,0.01,0.0070,,,0.0070,1,0,0.00,0,0.00,0,0.074054,0.000000
pod,2026-03-02 11:04:41.772,hostnode,sn,user-timeline-mongodb-76c59d86fb-f292x,a152d98d-6f60-4ea7-a931-fad144116366,4294975373,2.49,0.0153,,,1.2610,163,0,0.00,0,0.13,2,0.052546,0.000000
pod,2026-03-02 11:04:41.772,hostnode,hn,search-6dfc557989-qjbl9,a1b75670-727f-4e89-92df-b40d967893d6,4294976423,0.04,0.0086,,,0.0120,5,0,0.00,0,0.00,0,0.001346,0.000000
pod,2026-03-02 11:04:41.772,hostnode,local-path-storage,local-path-provisioner-7dd969c95d-74d4t,a6ae812c-2f36-4242-951e-7c510528abdf,4294974169,0.27,0.0053,,,0.0180,51,0,0.00,0,0.00,0,0.005124,0.000000
pod,2026-03-02 11:04:41.772,hostnode,sn,url-shorten-mongodb-5b844598c6-fp9c7,a8cd873b-f644-410c-84de-9107a29e8a95,4294975163,2.64,0.0162,,,1.2580,163,0,0.00,0,0.08,2,0.057879,0.000000
pod,2026-03-02 11:04:41.772,hostnode,default,fuzzy-proof-2,aaae8af9-ce6d-4315-8571-0b20fd1508a3,4294976969,0.00,0.0000,,,0.0000,0,0,0.00,0,0.00,0,0.000000,0.000000
pod,2026-03-02 11:04:41.772,hostnode,monitoring,monitoring-kube-state-metrics-76b67dc76d-8q9gk,ad30444e-ccf1-472e-bbdf-808e7e5136d7,4295080271,0.51,0.0119,,,0.0510,43,0,0.00,0,0.14,5,0.027509,0.000000
pod,2026-03-02 11:04:41.772,hostnode,hn,rate-846d5c7957-7h6m6,ba1cc2cd-8a02-4c6c-bbdb-e783523c7a7d,4294976717,0.19,0.0092,,,0.0400,21,0,0.00,0,0.00,0,0.003893,0.000000
pod,2026-03-02 11:04:41.772,hostnode,sn,jaeger-5b7d8bb6fb-z8cnp,bb2cfec0-cd8a-4f5f-ad4d-eeeba610930f,4294974617,0.05,0.0100,,,0.0190,5,0,0.00,0,0.00,0,0.001569,0.000000
pod,2026-03-02 11:04:41.772,hostnode,sn,user-service-76d887dc94-bgj68,bf074cdf-70ff-4a02-abb0-d6d0be29abe2,4294974869,0.05,0.0120,,,0.0210,4,0,0.00,0,0.08,2,0.003877,0.000000
pod,2026-03-02 11:04:41.772,hostnode,hn,user-6c488f4d-hjphk,bf3df9a5-b422-4af5-864a-d651de48d26f,4294976801,0.21,0.0064,,,0.0190,32,0,0.00,0,0.00,0,0.004123,0.000000
pod,2026-03-02 11:04:41.772,hostnode,hn,frontend-74b855d7b8-7fbgr,c30245d8-5651-4f6b-a7d9-1712bf6e4e88,4294976045,0.07,0.0132,,,0.0200,5,0,0.00,0,0.00,0,0.001500,0.000000
pod,2026-03-02 11:04:41.772,hostnode,sn,text-service-66d6fd5c8b-v9k4t,c310a012-592c-495e-90f2-168aa1cee704,4294975205,0.00,0.0000,,,0.0000,0,0,0.00,0,0.00,0,0.000000,0.000000
pod,2026-03-02 11:04:41.772,hostnode,hn,profile-54f6c7d985-v5ghx,c57a536e-ce39-4941-aff4-622d8fe82651,4294976297,0.26,0.0083,,,0.0580,31,0,0.00,0,0.00,0,0.004962,0.000000
pod,2026-03-02 11:04:41.772,hostnode,sn,url-shorten-memcached-844b6d854f-f5m7l,d48a2e27-ce92-48da-9b79-fed0072b5dbf,4294974533,0.04,0.0065,,,0.0110,6,0,0.00,0,0.00,0,0.001162,0.000000
pod,2026-03-02 11:04:41.772,hostnode,monitoring,prometheus-monitoring-kube-prometheus-prometheus-0,d5eed4b3-8e52-4dc1-9c6e-da95a7b40277,4295080859,0.36,0.0085,,,0.0190,42,0,0.00,0,0.04,1,0.018841,0.000000
pod,2026-03-02 11:04:41.772,hostnode,sn,compose-post-service-5b5b7d59cc-4zs9g,d712ed1f-7a93-410f-82a6-ef80735a231c,4294974491,0.00,0.0000,,,0.0000,0,0,0.00,0,0.00,0,0.000000,0.000000
pod,2026-03-02 11:04:41.772,hostnode,sn,home-timeline-service-ff4b9db4f-vdjm5,da072777-52fd-4834-9c10-0ee0f82da1c9,4294974701,0.00,0.0000,,,0.0000,0,0,0.00,0,0.00,0,0.000000,0.000000
pod,2026-03-02 11:04:41.772,hostnode,sn,user-timeline-service-5454759db5-vnwvl,dc0f2321-e793-49e9-9ee1-937c87155298,4294974659,0.08,0.0195,,,0.0450,4,0,0.00,0,0.09,2,0.004339,0.000000
pod,2026-03-02 11:04:41.772,hostnode,kube-system,kube-proxy-49fw8,dc101e1d-3f1f-410b-b83e-ee7fac561bac,4294973996,0.00,0.0000,,,0.0000,0,0,0.00,0,0.00,0,0.000000,0.000000
pod,2026-03-02 11:04:41.772,hostnode,kube-system,calico-node-87zh8,dcafcb5d-4d9d-4a0a-a50e-9b777755abe1,4294974038,4.31,0.0083,,,0.0450,520,0,0.00,0,0.00,0,0.102733,0.000000
pod,2026-03-02 11:04:41.772,hostnode,sn,post-storage-service-588b9754bb-cr94b,df7754d7-8bc5-4bec-8298-6777d24ad6ed,4294974911,0.06,0.0152,,,0.0210,4,0,0.00,0,0.10,2,0.004670,0.000000
pod,2026-03-02 11:04:41.772,hostnode,sn,media-mongodb-d697b6485-hzsvf,e142aae7-6ba9-48d3-b5bf-9d819ce77fac,4294974575,5.73,0.0358,,,3.4580,160,0,0.00,0,0.00,0,0.053182,0.000000
pod,2026-03-02 11:04:41.772,hostnode,sa,feedback-inference-6-6649d68c48-8w8x2,e2decc3f-3382-4912-8838-e68559a26a98,4294975751,0.12,0.0082,,,0.0280,14,0,0.00,0,0.00,0,0.011793,0.000000
pod,2026-03-02 11:04:41.772,hostnode,monitoring,prometheus-monitoring-kube-prometheus-prometheus-1,e702e69f-594f-4926-a262-6e6c1f000dcd,4295081642,0.84,0.0103,,,0.0800,82,0,0.00,0,0.18,6,0.044935,0.000000
pod,2026-03-02 11:04:41.772,hostnode,hn,consul-5f547dd555-vbfn4,ed5acd96-1b5b-4f18-8762-f8b4a711aa55,4294976255,8.76,0.0235,,,3.5050,372,0,0.00,0,0.00,0,0.081384,0.000000
pod,2026-03-02 11:04:41.772,hostnode,sn,post-storage-mongodb-5bb6bd964c-qrnwb,ed9d9c33-6043-4865-9dbb-2ba38d33338a,4294975457,5.24,0.0321,,,3.8990,163,0,0.00,0,0.12,2,0.057579,0.000000
pod,2026-03-02 11:04:41.772,hostnode,hn,memcached-rate-6b6b8fc64b-j4mtd,f33aa9b9-0098-4bab-af1f-d9f4580bdcca,4294976087,0.02,0.0073,,,0.0080,3,0,0.00,0,0.00,0,0.000977,0.000000
pod,2026-03-02 11:04:41.772,hostnode,sn,unique-id-service-c5567d7f5-98pmc,f5e5cd76-4c56-44db-b87d-8c5f1188c68e,4294974785,0.00,0.0000,,,0.0000,0,0,0.00,0,0.00,0,0.000000,0.000000
pod,2026-03-02 11:04:41.772,hostnode,sn,post-storage-memcached-58c9f787f-454vt,f76ac518-c32c-48c1-a2c6-1dcb17dbcbef,4294975583,0.06,0.0100,,,0.0150,6,0,0.00,0,0.00,0,0.001500,0.000000
pod,2026-03-02 11:04:41.772,hostnode,monitoring,monitoring-kube-prometheus-operator-fbbbd799-pcnxn,f8959bf3-7786-4a44-945d-eff1c489992a,4295080313,0.67,0.0075,,,0.0320,89,0,0.00,0,0.13,8,0.027477,0.000000
pod,2026-03-02 11:04:41.772,hostnode,kube-system,coredns-5ddd84546d-vpwgd,fa8a2c26-1ab8-41c4-8317-ac2e6d17ed89,4294974278,0.40,0.0074,,,0.0250,54,0,0.02,1,0.10,6,0.014311,0.000000
pod,2026-03-02 11:04:41.772,hostnode,sn,user-memcached-8cc658895-bj2wf,fc7fd578-af0d-4bb8-9e88-5d60e166f1d4,4294975541,0.05,0.0088,,,0.0160,6,0,0.00,0,0.00,0,0.001284,0.000000
node,2026-03-02 11:04:42.772,hostnode,,,,,650.31,0.0188,0.0150,0.0150,20.0030,34666,3,391.78,177,18.14,1467,25.388199,1.873220
pod,2026-03-02 11:04:42.772,hostnode,sa,feedback-inference-4-bcdcc4954-nscth,0150e3da-bbb2-44fc-98a6-deb41f36babb,4294975919,0.14,0.0096,,,0.0280,14,0,0.00,0,0.00,0,0.010172,0.000000
pod,2026-03-02 11:04:42.772,hostnode,sn,user-timeline-redis-666c98cb6-2pp72,02f33c1a-7b7d-4b1d-affc-3d48159aa4e1,4294975499,0.06,0.0060,,,0.0070,10,0,0.00,0,0.00,0,0.007012,0.000000
pod,2026-03-02 11:04:42.772,hostnode,hn,recommendation-6fd4576595-qzp7p,03b217b1-3eb0-43df-82d5-903db410307f,4294976759,0.20,0.0067,,,0.0230,29,0,0.00,0,0.00,0,0.005359,0.000000
pod,2026-03-02 11:04:42.772,hostnode,hn,memcached-profile-66685f65f-6q9lm,05600750-6235-4cea-a85f-768f670b18ee,4294976129,0.06,0.0103,,,0.0170,6,0,0.00,0,0.00,0,0.001484,0.000000
pod,2026-03-02 11:04:42.772,hostnode,default,fuzzy-proof-4,09dd6cba-ae69-4561-9fcc-a8fbc26b78fc,4294976885,0.00,0.0000,,,0.0000,0,0,0.00,0,0.00,0,0.000000,0.000000
pod,2026-03-02 11:04:42.772,hostnode,hn,reservation-7b7956cd6b-w78wd,0bcb305f-c199-4f79-8255-5bfd30011440,4294976591,0.23,0.0084,,,0.0180,27,0,0.00,0,0.00,0,0.004652,0.000000
pod,2026-03-02 11:04:42.772,hostnode,sn,user-mongodb-dcb5fbc96-p8vbh,0f8edb85-6f09-4967-834b-c4e29026ce53,4294975247,1.52,0.0090,,,0.0970,169,0,0.00,0,0.14,2,0.067305,0.000000
pod,2026-03-02 11:04:42.772,hostnode,sa,feedback-inference-3-bbfcf6979-nc9n2,11c2484c-ee59-4cf1-b235-e5f0bea30e4b,4294975877,0.12,0.0081,,,0.0140,15,0,0.00,0,0.00,0,0.013047,0.000000
pod,2026-03-02 11:04:42.772,hostnode,default,consul-5f547dd555-5fphc,138143ae-daea-4128-92ae-7c247466d7d4,4294975961,5.39,0.0131,,,0.9010,411,0,0.00,0,0.04,5,0.102993,0.000000
pod,2026-03-02 11:04:42.772,hostnode,sn,social-graph-redis-545664784f-hj79p,13e148d0-b339-49ee-b0ce-b37559cd27c6,4294974447,0.07,0.0068,,,0.0090,10,0,0.00,0,0.00,0,0.008173,0.000000
pod,2026-03-02 11:04:42.772,hostnode,hn,mongodb-recommendation-98859d4d7-z5qfb,1514f4ec-f718-4bec-a3e8-bea39d0fedd1,4294976675,0.36,0.0078,,,0.0210,46,0,0.00,0,0.07,1,0.026355,0.000000
pod,2026-03-02 11:04:42.772,hostnode,ksense,ksense-5rfvq,1893397c-8b62-4aea-8a5e-d5c5032d91f8,4294989630,4.01,0.1145,,,3.1710,35,0,0.00,0,0.00,0,7.838768,0.000000
pod,2026-03-02 11:04:42.772,hostnode,sn,social-graph-mongodb-6bf674bf9-vq4jm,1c0ce9e4-e1fb-455a-976e-11005acce9d0,4294974953,2.59,0.0152,,,1.2340,170,0,0.00,0,0.12,2,0.065717,0.000000
pod,2026-03-02 11:04:42.772,hostnode,hn,jaeger-b49ccf55-rbg7n,1e3eeb12-a307-41de-92ee-7ec930767d58,4294976381,0.11,0.0092,,,0.0220,12,0,0.00,0,0.00,0,0.002437,0.000000
pod,2026-03-02 11:04:42.772,hostnode,kube-system,calico-kube-controllers-5b9b456c66-qz22s,247149cd-61e5-4048-a7ef-75de96589398,4294974080,15.03,0.1193,,,2.3850,126,0,0.10,4,0.00,0,0.105118,0.351102
pod,2026-03-02 11:04:42.772,hostnode,hn,mongodb-user-86f7788f59-vwx8w,24987f22-ac3e-4037-b7e4-674696f71bfe,4294976843,0.38,0.0097,,,0.0380,39,0,0.00,0,0.00,0,0.023656,0.000000
pod,2026-03-02 11:04:42.772,hostnode,sn,nginx-thrift-7f6f5d6b69-74vws,2d8ff9cc-73b2-47da-b0da-657ba9857d06,4294975289,0.00,0.0000,,,0.0000,0,0,0.00,0,0.00,0,0.000000,0.000000
pod,2026-03-02 11:04:42.772,hostnode,hn,memcached-reserve-66b4d9f986-twx7c,2e8cef70-b460-406c-822d-006e7c0c71a4,4294976171,0.05,0.0100,,,0.0170,5,0,0.00,0,0.00,0,0.001238,0.000000
pod,2026-03-02 11:04:42.772,hostnode,monitoring,monitoring-prometheus-node-exporter-679rr,309bc67f-0f97-4902-8e57-5f369481d878,4295080229,0.00,0.0000,,,0.0000,0,0,0.00,0,0.00,0,0.000000,0.000000
pod,2026-03-02 11:04:42.772,hostnode,hn,geo-75469c5bc9-b6l8f,4615d84f-8e28-403b-af02-b8c6c579361d,4294976003,0.09,0.0066,,,0.0160,14,0,0.00,0,0.00,0,0.002176,0.000000
pod,2026-03-02 11:04:42.772,hostnode,hn,mongodb-reservation-8566bbcb4f-rmkm5,5557386c-9898-4425-8979-6492e67868ee,4294976549,0.30,0.0080,,,0.0190,38,0,0.00,0,0.00,0,0.021834,0.000000
pod,2026-03-02 11:04:42.772,hostnode,sn,social-graph-service-6b48d496c6-flfvk,56f4636a-d485-4728-9bb6-0e7977b14a71,4294974995,0.06,0.0155,,,0.0240,4,0,0.00,0,0.07,2,0.003498,0.000000
pod,2026-03-02 11:04:42.772,hostnode,ksense,fuzzy-scheduler-55c7fbbd75-xnggn,58bdb2da-a465-4653-b30a-5f823bd79594,4295063948,0.37,0.0085,,,0.0250,44,0,0.00,0,0.00,0,0.011017,0.000000
pod,2026-03-02 11:04:42.772,hostnode,sn,user-mention-service-77b4dc8db6-qqb2p,5da702aa-5da1-48a1-a861-a28a962145a8,4294975121,0.00,0.0000,,,0.0000,0,0,0.00,0,0.00,0,0.000000,0.000000
pod,2026-03-02 11:04:42.772,hostnode,sa,feedback-inference-2-867b854976-qrcmg,63ea3062-c44d-4786-b84c-d210df45b2f8,4294975793,0.13,0.0089,,,0.0180,15,0,0.00,0,0.00,0,0.010163,0.000000
pod,2026-03-02 11:04:42.772,hostnode,hn,mongodb-rate-78677645d4-4v2h5,66c8e931-7fa3-448a-8822-0b2db155e788,4294976633,1.78,0.0468,,,1.4220,38,0,0.00,0,0.00,0,0.024993,0.000000
pod,2026-03-02 11:04:42.772,hostnode,sa,feedback-inference-1-6b858c77b9-99c4j,6a98d5b2-6ae0-4348-ba84-d32a8010d14b,4294975625,0.12,0.0083,,,0.0160,14,0,0.00,0,0.00,0,0.013961,0.000000
pod,2026-03-02 11:04:42.772,hostnode,sn,media-frontend-6bd9df9d6d-5vf4w,6be52f8a-5cf7-4c4d-a9cf-b851c52694e7,4294975077,0.00,0.0000,,,0.0000,0,0,0.00,0,0.00,0,0.000000,0.000000
pod,2026-03-02 11:04:42.772,hostnode,sn,media-memcached-657c8b4cdf-4cc9x,6d187294-14f3-4f11-b66b-6f178abedac4,4294974743,0.05,0.0102,,,0.0140,5,0,0.00,0,0.00,0,0.001253,0.000000
pod,2026-03-02 11:04:42.772,hostnode,monitoring,alertmanager-monitoring-kube-prometheus-alertmanager-0,70957292-81e5-4ffe-b8ad-b44e4de4b326,4295080817,0.22,0.0074,,,0.0160,29,0,0.00,0,0.05,2,0.009264,0.000000
pod,2026-03-02 11:04:42.772,hostnode,sn,media-service-68f5f7ccbf-ks945,76c3a8df-aede-4a5f-b8bd-e74ce509a7e6,4294975331,0.00,0.0000,,,0.0000,0,0,0.00,0,0.00,0,0.000000,0.000000
pod,2026-03-02 11:04:42.772,hostnode,sn,home-timeline-redis-698c8bc65d-4c45h,79688f0b-7ab6-4f35-8438-aec8c8300d03,4294974827,0.10,0.0095,,,0.0160,10,0,0.00,0,0.00,0,0.008457,0.000000
pod,2026-03-02 11:04:42.772,hostnode,sa,feedback-inference-7-8f6cf7999-f5qn4,7aa819af-f314-4532-a0f4-c5e2a11fc6ef,4294975835,0.12,0.0082,,,0.0150,14,0,0.00,0,0.00,0,0.010871,0.000000
pod,2026-03-02 11:04:42.772,hostnode,monitoring,monitoring-grafana-67776b6b66-sxl62,7bda2edc-62de-4b78-aa7c-8a99331d9370,4295080355,10.10,0.0687,,,8.7590,147,0,0.00,0,0.00,0,0.039371,0.000000
pod,2026-03-02 11:04:42.772,hostnode,default,feedback-inference-5c9b57cc5f-mpxx5,7d6b10a5-b07a-4b60-8c9d-7d0462b491f0,4294975709,0.12,0.0083,,,0.0150,15,0,0.00,0,0.00,0,0.011948,0.000000
pod,2026-03-02 11:04:42.772,hostnode,kube-system,selling-resource-scheduler-7cc89db49c-ns9jm,894845d8-cc58-483b-bbf2-260807dd8e81,4294974127,0.00,0.0000,,,0.0000,0,0,0.00,0,0.00,0,0.000000,0.000000
pod,2026-03-02 11:04:42.772,hostnode,sa,feedback-inference-5-596d5b64b9-sw9t7,898a0bea-057b-41e9-bedf-78eae2237e12,4294975667,2.31,0.1651,,,2.2000,14,0,0.00,0,0.00,0,0.011209,0.000000
pod,2026-03-02 11:04:42.772,hostnode,default,fuzzy-proof-1,8adacebd-6468-43f9-bad1-e7258d23d25b,4294977053,0.00,0.0000,,,0.0000,0,0,0.00,0,0.00,0,0.000000,0.000000
pod,2026-03-02 11:04:42.772,hostnode,hn,mongodb-profile-57b898f69-869rl,8c3bade4-b9e1-44f3-bdaa-e8f9a77e60b6,4294976339,0.67,0.0203,,,0.2840,33,0,0.00,0,0.00,0,0.023856,0.000000
pod,2026-03-02 11:04:42.772,hostnode,hn,mongodb-geo-5cf4479bd9-4tflp,8c63a64e-3582-4fa5-a1a2-9d52222005c7,4294976213,1.97,0.0596,,,1.6050,33,0,0.00,0,0.00,0,0.020089,0.000000
pod,2026-03-02 11:04:42.772,hostnode,kube-system,metrics-server-7fbfbcc44c-57twc,8e0cbdb2-8b37-43d7-bd2e-e7bc88f71486,4294974340,4.44,0.0269,,,1.9920,165,0,0.06,2,0.30,18,0.088374,0.000000
pod,2026-03-02 11:04:42.772,hostnode,default,fuzzy-proof-5,95708664-be88-4490-ba1e-7092ec6ba570,4294977011,0.00,0.0000,,,0.0000,0,0,0.00,0,0.00,0,0.000000,0.000000
pod,2026-03-02 11:04:42.772,hostnode,kube-system,coredns-5ddd84546d-cscpm,957aa029-5b70-4fcf-bf3e-194e127920be,4294974221,0.29,0.0076,,,0.0200,39,0,0.00,0,0.10,6,0.013593,0.000000
pod,2026-03-02 11:04:42.772,hostnode,sn,url-shorten-service-5576f95bc-dlkwp,970ae5df-45da-47b3-9c77-f2aaf6297dd0,4294975415,0.06,0.0160,,,0.0250,4,0,0.00,0,0.09,2,0.004482,0.000000
pod,2026-03-02 11:04:42.772,hostnode,default,fuzzy-proof-3,9bb793d0-cf0f-4e92-ab39-a1f6b2a25f81,4294976927,0.00,0.0000,,,0.0000,0,0,0.00,0,0.00,0,0.000000,0.000000
pod,2026-03-02 11:04:42.772,hostnode,ksense,collector-name-sample,9f3d30b5-8cbf-41cc-bc8d-b5d893e029dc,4295117360,0.01,0.0100,,,0.0100,1,0,0.00,0,0.00,0,0.077836,0.000000
pod,2026-03-02 11:04:42.772,hostnode,sn,user-timeline-mongodb-76c59d86fb-f292x,a152d98d-6f60-4ea7-a931-fad144116366,4294975373,5.18,0.0314,,,2.2980,165,0,0.00,0,0.12,2,0.069899,0.000000
pod,2026-03-02 11:04:42.772,hostnode,hn,search-6dfc557989-qjbl9,a1b75670-727f-4e89-92df-b40d967893d6,4294976423,0.03,0.0080,,,0.0130,4,0,0.00,0,0.00,0,0.001007,0.000000
pod,2026-03-02 11:04:42.772,hostnode,local-path-storage,local-path-provisioner-7dd969c95d-74d4t,a6ae812c-2f36-4242-951e-7c510528abdf,4294974169,0.00,0.0000,,,0.0000,0,0,0.00,0,0.00,0,0.000000,0.000000
pod,2026-03-02 11:04:42.772,hostnode,sn,url-shorten-mongodb-5b844598c6-fp9c7,a8cd873b-f644-410c-84de-9107a29e8a95,4294975163,1.84,0.0113,,,0.3250,163,0,0.00,0,0.11,2,0.079125,0.000000
pod,2026-03-02 11:04:42.772,hostnode,default,fuzzy-proof-2,aaae8af9-ce6d-4315-8571-0b20fd1508a3,4294976969,0.00,0.0000,,,0.0000,0,0,0.00,0,0.00,0,0.000000,0.000000
pod,2026-03-02 11:04:42.772,hostnode,monitoring,monitoring-kube-state-metrics-76b67dc76d-8q9gk,ad30444e-ccf1-472e-bbdf-808e7e5136d7,4295080271,0.24,0.0173,,,0.0520,14,0,0.00,0,0.00,0,0.005429,0.000000
pod,2026-03-02 11:04:42.772,hostnode,hn,rate-846d5c7957-7h6m6,ba1cc2cd-8a02-4c6c-bbdb-e783523c7a7d,4294976717,0.19,0.0080,,,0.0230,24,0,0.00,0,0.00,0,0.003807,0.000000
pod,2026-03-02 11:04:42.772,hostnode,sn,jaeger-5b7d8bb6fb-z8cnp,bb2cfec0-cd8a-4f5f-ad4d-eeeba610930f,4294974617,0.04,0.0086,,,0.0140,5,0,0.00,0,0.00,0,0.001392,0.000000
pod,2026-03-02 11:04:42.772,hostnode,sn,user-service-76d887dc94-bgj68,bf074cdf-70ff-4a02-abb0-d6d0be29abe2,4294974869,0.04,0.0107,,,0.0130,4,0,0.00,0,0.10,2,0.004276,0.000000
pod,2026-03-02 11:04:42.772,hostnode,hn,user-6c488f4d-hjphk,bf3df9a5-b422-4af5-864a-d651de48d26f,4294976801,0.09,0.0077,,,0.0140,12,0,0.00,0,0.00,0,0.002438,0.000000
pod,2026-03-02 11:04:42.772,hostnode,hn,frontend-74b855d7b8-7fbgr,c30245d8-5651-4f6b-a7d9-1712bf6e4e88,4294976045,0.04,0.0088,,,0.0160,5,0,0.00,0,0.00,0,0.001330,0.000000
pod,2026-03-02 11:04:42.772,hostnode,sn,text-service-66d6fd5c8b-v9k4t,c310a012-592c-495e-90f2-168aa1cee704,4294975205,0.00,0.0000,,,0.0000,0,0,0.00,0,0.00,0,0.000000,0.000000
pod,2026-03-02 11:04:42.772,hostnode,hn,profile-54f6c7d985-v5ghx,c57a536e-ce39-4941-aff4-622d8fe82651,4294976297,0.17,0.0083,,,0.0190,20,0,0.00,0,0.00,0,0.003484,0.000000
pod,2026-03-02 11:04:42.772,hostnode,sn,url-shorten-memcached-844b6d854f-f5m7l,d48a2e27-ce92-48da-9b79-fed0072b5dbf,4294974533,0.03,0.0097,,,0.0130,3,0,0.00,0,0.00,0,0.000892,0.000000
pod,2026-03-02 11:04:42.772,hostnode,monitoring,prometheus-monitoring-kube-prometheus-prometheus-0,d5eed4b3-8e52-4dc1-9c6e-da95a7b40277,4295080859,45.34,0.2731,,,11.0010,166,0,0.00,0,0.10,5,1.870619,0.095774
pod,2026-03-02 11:04:42.772,hostnode,sn,compose-post-service-5b5b7d59cc-4zs9g,d712ed1f-7a93-410f-82a6-ef80735a231c,4294974491,0.00,0.0000,,,0.0000,0,0,0.00,0,0.00,0,0.000000,0.000000
pod,2026-03-02 11:04:42.772,hostnode,sn,home-timeline-service-ff4b9db4f-vdjm5,da072777-52fd-4834-9c10-0ee0f82da1c9,4294974701,0.00,0.0000,,,0.0000,0,0,0.00,0,0.00,0,0.000000,0.000000
pod,2026-03-02 11:04:42.772,hostnode,sn,user-timeline-service-5454759db5-vnwvl,dc0f2321-e793-49e9-9ee1-937c87155298,4294974659,0.14,0.0357,,,0.0690,4,0,0.00,0,0.09,2,0.003768,0.000000
pod,2026-03-02 11:04:42.772,hostnode,kube-system,kube-proxy-49fw8,dc101e1d-3f1f-410b-b83e-ee7fac561bac,4294973996,0.00,0.0000,,,0.0000,0,0,0.00,0,0.00,0,0.000000,0.000000
pod,2026-03-02 11:04:42.772,hostnode,kube-system,calico-node-87zh8,dcafcb5d-4d9d-4a0a-a50e-9b777755abe1,4294974038,43.29,0.0242,,,2.7410,1790,0,0.86,5,0.16,11,1.241384,0.157471
pod,2026-03-02 11:04:42.772,hostnode,sn,post-storage-service-588b9754bb-cr94b,df7754d7-8bc5-4bec-8298-6777d24ad6ed,4294974911,0.26,0.0520,,,0.1410,5,0,0.00,0,0.09,2,0.004230,0.000000
pod,2026-03-02 11:04:42.772,hostnode,sn,media-mongodb-d697b6485-hzsvf,e142aae7-6ba9-48d3-b5bf-9d819ce77fac,4294974575,3.71,0.0233,,,1.6450,159,0,0.00,0,0.00,0,0.056797,0.000000
pod,2026-03-02 11:04:42.772,hostnode,sa,feedback-inference-6-6649d68c48-8w8x2,e2decc3f-3382-4912-8838-e68559a26a98,4294975751,0.13,0.0090,,,0.0200,14,0,0.00,0,0.00,0,0.011975,0.000000
pod,2026-03-02 11:04:42.772,hostnode,monitoring,prometheus-monitoring-kube-prometheus-prometheus-1,e702e69f-594f-4926-a262-6e6c1f000dcd,4295081642,0.87,0.0093,,,0.1880,93,0,0.00,0,0.15,3,0.448081,0.000000
pod,2026-03-02 11:04:42.772,hostnode,hn,consul-5f547dd555-vbfn4,ed5acd96-1b5b-4f18-8762-f8b4a711aa55,4294976255,3.94,0.0102,,,0.4570,387,0,0.00,0,0.04,5,0.090505,0.000000
pod,2026-03-02 11:04:42.772,hostnode,sn,post-storage-mongodb-5bb6bd964c-qrnwb,ed9d9c33-6043-4865-9dbb-2ba38d33338a,4294975457,1.76,0.0105,,,0.3500,168,0,0.00,0,0.12,2,0.063368,0.000000
pod,2026-03-02 11:04:42.772,hostnode,hn,memcached-rate-6b6b8fc64b-j4mtd,f33aa9b9-0098-4bab-af1f-d9f4580bdcca,4294976087,0.03,0.0056,,,0.0070,5,0,0.00,0,0.00,0,0.001038,0.000000
pod,2026-03-02 11:04:42.772,hostnode,sn,unique-id-service-c5567d7f5-98pmc,f5e5cd76-4c56-44db-b87d-8c5f1188c68e,4294974785,0.00,0.0000,,,0.0000,0,0,0.00,0,0.00,0,0.000000,0.000000
pod,2026-03-02 11:04:42.772,hostnode,sn,post-storage-memcached-58c9f787f-454vt,f76ac518-c32c-48c1-a2c6-1dcb17dbcbef,4294975583,0.04,0.0075,,,0.0130,6,0,0.00,0,0.00,0,0.001108,0.000000
pod,2026-03-02 11:04:42.772,hostnode,monitoring,monitoring-kube-prometheus-operator-fbbbd799-pcnxn,f8959bf3-7786-4a44-945d-eff1c489992a,4295080313,0.66,0.0081,,,0.0280,81,0,0.00,0,0.00,0,0.016196,0.000000
pod,2026-03-02 11:04:42.772,hostnode,kube-system,coredns-5ddd84546d-vpwgd,fa8a2c26-1ab8-41c4-8317-ac2e6d17ed89,4294974278,0.40,0.0102,,,0.0770,39,0,0.00,0,0.08,6,0.012842,0.000000
pod,2026-03-02 11:04:42.772,hostnode,sn,user-memcached-8cc658895-bj2wf,fc7fd578-af0d-4bb8-9e88-5d60e166f1d4,4294975541,0.05,0.0077,,,0.0130,6,0,0.00,0,0.00,0,0.001208,0.000000
